client_id,sector,total_assets,current_assets,cash,total_debt,current_liabilities,revenue,ebitda,net_income,interest_expense
CORP-0001,Manufacturing,47569435.47,28447085.46,7195208.19,16825564.11,14479826.84,46375605.08,3695399.6,1422610.42,870741.91
CORP-0002,Real Estate,10476609.27,3556507.26,542852.79,7464832.79,2493958.15,7019820.13,1023803.71,376074.21,390776.84
CORP-0003,Healthcare,58246691.53,18335336.22,6268171.15,3327244.07,20424772.47,32580859.41,2435874.76,720391.04,213972.03
CORP-0004,Manufacturing,73337728.3,37278063.55,13663510.42,21641780.76,20304201.52,43385948.65,8156679.75,2306518.37,1604862.11
CORP-0005,Technology,69705546.4,38314889.81,13616600.4,50392842.56,17621869.05,48972287.96,7547706.36,3369575.28,2571335.61
CORP-0006,Technology,117362820.64,65007810.2,14952451.93,51082263.16,52362182.39,85629760.81,6603974.81,2278006.81,2399256.6
CORP-0007,Technology,91689841.79,46169417.18,15125201.04,51399820.09,35282120.62,59231709.94,7969007.37,3439709.13,3556965.34
CORP-0008,Real Estate,63033701.09,36950654.44,4776749.7,38402743.13,21655880.32,34087154.79,3831129.63,1193301.6,2285441.01
CORP-0009,Energy,37126230.1,16829373.16,1886125.59,21106907.77,7832170.84,26314174.72,4367066.9,1825898.07,1529353.18
CORP-0010,Healthcare,7564970.96,4343386.01,1415817.55,3259267.46,3361581.27,6326474.19,1372987.39,728133.39,151272.52
CORP-0011,Technology,61197580.91,36127602.74,8222880.19,29693355.31,37359723.14,56240937.51,3163067.74,1450635.31,989038.63
CORP-0012,Real Estate,49017487.84,27162905.46,10828893.71,10208489.88,15498921.64,33749294.73,5256496.66,1885813.48,530891.89
CORP-0013,Healthcare,52251483.31,20531048.31,2652124.13,15990642.16,11283106.77,37485236.89,5322654.74,2265960.03,775621.47
CORP-0014,Retail,11108836.43,3986569.2,1421962.61,7099233.86,2653374.39,6828161.16,1253425.09,471204.46,417563.97
CORP-0015,Technology,13510037.15,6274547.88,1530957.8,8814309.2,4914481.39,10723080.85,1722768.36,690464.92,444658.29
CORP-0016,Technology,114164717.44,49764905.52,17325405.95,41149633.0,26223088.6,71959650.89,8088375.1,2971983.61,2926366.61
CORP-0017,Retail,38280257.3,21564321.75,7442670.86,14225593.3,12601765.0,35012101.87,4693277.84,1800184.06,792048.97
CORP-0018,Manufacturing,78727312.38,25980761.1,9737526.92,16195732.7,21784503.78,34862556.07,3841808.61,1618205.65,1008299.63
CORP-0019,Manufacturing,40968677.78,15458384.19,2927122.39,19421014.41,10172412.96,29828231.79,6079004.29,1827738.53,1211182.21
CORP-0020,Retail,41027623.41,21561644.22,8299935.14,2537977.16,22476037.12,35292842.43,5331533.8,1590994.29,159700.5
CORP-0021,Energy,101775890.9,33432972.4,4864500.43,20874417.0,18842311.78,85162697.06,20869930.88,5450093.64,1244909.8
CORP-0022,Technology,23770485.68,9418563.48,1173464.79,9766623.9,6751142.65,31819332.18,4676390.5,1122206.94,660800.11
CORP-0023,Retail,43842787.28,18245027.66,4186953.88,15904255.23,13762398.76,38141471.43,4370236.89,1216113.38,764440.78
CORP-0024,Manufacturing,25083597.67,12210146.99,4255198.26,9556346.13,8212089.52,15029817.83,1116930.1,464582.89,773980.6
CORP-0025,Manufacturing,25790164.92,8960529.58,2168684.17,8129322.66,5910159.74,20139724.2,1205221.84,374488.04,458916.03
CORP-0026,Healthcare,29233558.66,16317627.15,5691359.96,2256229.11,8782493.46,13001646.65,920428.21,415445.81,90986.42
CORP-0027,Technology,49730738.05,21596203.12,6887159.65,31171687.69,12437084.05,38982933.43,6368109.04,2569349.71,1958239.72
CORP-0028,Manufacturing,24673772.08,14190047.04,2310544.3,6274174.58,9871774.6,15628090.61,2741733.63,556982.03,296343.65
CORP-0029,Manufacturing,139804576.82,61564479.63,23681669.0,51863220.12,34098917.77,137438811.48,9749973.18,4538588.71,3629389.08
CORP-0030,Technology,16279101.03,6226952.76,736239.72,10751898.19,3750510.08,11234076.49,2187857.92,1052534.39,1001475.7
CORP-0031,Energy,33036658.15,11316662.6,4181324.77,17740629.03,8512864.36,25657815.39,3228957.74,970669.04,855123.49
CORP-0032,Technology,25655510.52,7725477.85,1478139.12,17425291.36,5327501.55,17263296.24,2716201.0,1200612.87,1132392.75
CORP-0033,Technology,169265303.36,77802330.45,19454038.98,44995958.25,54002738.13,194277683.0,44802576.86,14083697.93,1514897.65
CORP-0034,Real Estate,48474806.94,16100762.14,3650132.33,12947663.3,9459326.26,35665409.34,6949118.47,2847519.69,865014.98
CORP-0035,Real Estate,111757794.61,46660927.67,7071480.72,66551644.88,34482145.72,130366742.43,17804638.07,4870461.58,3108913.04
CORP-0036,Healthcare,9015353.51,4298354.02,891668.01,3152577.31,3198569.6,8680255.99,915249.57,201985.84,159607.05
CORP-0037,Retail,52015393.72,19906591.26,3142859.21,10875370.46,8702323.85,46627293.1,1977427.59,715271.71,472868.75
CORP-0038,Technology,96942715.06,34178830.11,5508463.37,68777907.19,18220020.21,84703370.53,9659770.08,3744388.71,4882011.87
CORP-0039,Energy,43240321.64,23021860.14,3594104.91,10153397.31,19252914.68,37997841.68,5298551.58,1908708.0,762617.26
CORP-0040,Manufacturing,115580795.91,67503501.95,16653465.9,39687481.8,39056019.3,47904250.53,4821132.81,1357616.27,2395170.41
CORP-0041,Technology,23740940.19,7837647.04,2659936.03,8043803.72,5065239.0,17668561.35,2534328.11,912383.7,378329.04
CORP-0042,Manufacturing,163014129.68,56513265.3,15297632.87,74511201.18,34113586.26,157965841.97,24301874.92,10375186.71,6247231.13
CORP-0043,Technology,396782219.89,233309451.95,85849007.09,83359282.52,150044357.1,313545469.31,43506691.68,17207361.95,4063252.2
CORP-0044,Real Estate,27706052.24,8625871.16,2509812.34,1604508.85,4365635.22,14378389.13,1689458.87,706616.35,48135.27
CORP-0045,Retail,25507867.16,15133554.88,4643005.43,11030824.43,9237645.1,20138948.57,3190668.67,1062455.91,737695.6
CORP-0046,Energy,170353198.36,51343320.27,15417483.57,69358428.19,34805148.55,194342523.69,33445771.61,17297209.62,3012124.17
CORP-0047,Retail,193264861.55,108634294.0,25511434.04,23304832.16,56672565.63,202807960.2,19364113.39,5468089.97,1743880.36
CORP-0048,Manufacturing,23609033.52,9259405.2,2840800.76,7511112.45,5811412.63,18594455.87,4100944.37,1840323.51,407725.23
CORP-0049,Manufacturing,26161860.0,15215127.09,1839696.38,3114178.45,9825139.66,25907824.56,3758463.48,1947594.84,215051.77
CORP-0050,Technology,30045257.65,11870388.15,4249070.03,14715165.6,7302117.45,21833846.55,3295654.97,1476752.7,1192259.58
CORP-0051,Real Estate,10381640.72,5152324.16,1717494.51,1358557.65,3522820.86,4767516.05,883948.59,335677.33,56878.89
CORP-0052,Healthcare,15892344.19,5149274.8,893754.41,7054572.99,3424423.96,9775489.01,1580313.44,548637.88,363387.71
CORP-0053,Real Estate,14590179.64,5437744.54,1796683.74,7191913.52,4297517.81,16232709.29,3208505.89,1615831.69,423351.51
CORP-0054,Real Estate,18480051.94,9833305.94,1020626.16,6387455.2,8197611.08,13771360.28,2263408.56,583286.06,530562.91
CORP-0055,Manufacturing,38467147.09,17641255.08,2913876.17,26464255.48,16029171.7,28901260.2,3450178.43,1045361.19,1326501.2
CORP-0056,Real Estate,50335176.9,29113399.13,3480249.84,1284598.46,30866404.56,37249659.79,6260743.13,2255396.55,65620.43
CORP-0057,Technology,187727216.83,80464657.63,26880673.28,103557846.2,70084263.26,221673425.95,20574328.56,10776120.93,6956198.89
CORP-0058,Technology,14674853.77,8231766.92,2689830.64,6015338.12,5755300.38,16512024.88,2566430.76,1124037.04,308836.9
CORP-0059,Technology,106571043.78,46325008.01,15940009.4,59052696.27,30056835.16,132548380.11,19662027.94,5961436.9,3678267.75
CORP-0060,Retail,32152834.06,19091532.44,1934821.96,21403044.63,13720293.2,24699516.39,3447908.17,1272172.02,786068.31
CORP-0061,Manufacturing,37902828.21,22284979.77,5579486.33,13143974.16,39957390.0,32563263.41,4675209.47,1582874.85,1225214.88
CORP-0062,Retail,78203072.28,31182772.15,9711901.18,26139233.32,14640936.43,38841236.44,2171518.28,714475.33,1039932.71
CORP-0063,Healthcare,12958700.56,7331736.04,1074981.62,8418693.46,3789809.87,14194790.64,1739766.84,866210.69,464490.55
CORP-0064,Manufacturing,58375669.7,32356665.39,9543184.88,13999286.29,19279383.56,33066553.08,5113486.01,1343955.47,833136.51
CORP-0065,Retail,47037335.1,17084153.87,2139500.35,22729014.07,7549351.32,39669177.05,6267445.13,3515272.63,2015843.58
CORP-0066,Manufacturing,65166185.43,31754642.84,4902845.62,28148822.81,28632179.07,37831544.35,3730804.77,1801318.24,1129536.63
CORP-0067,Technology,53178707.75,17113157.81,4154031.58,33390289.06,7588815.08,36279930.82,7737979.27,3939298.21,2996964.16
CORP-0068,Healthcare,463955935.88,255645852.39,75688951.41,39935962.27,229502248.5,293474173.75,31311128.67,11074935.6,2849736.51
CORP-0069,Technology,21046819.54,7416136.57,1066149.27,1692203.55,4648172.37,14278687.45,2833931.93,1091080.59,112119.37
CORP-0070,Real Estate,23417707.97,7522807.79,1170300.63,6196380.13,7595227.76,16209162.77,2777597.56,712967.13,280265.34
CORP-0071,Healthcare,21356345.65,8971068.9,1447337.62,7308249.57,5957369.09,14743272.94,1735115.66,603011.27,501105.62
CORP-0072,Technology,22851398.59,10810462.9,1855186.15,9602932.18,6534107.67,22089687.95,5274256.37,2370068.77,471962.04
CORP-0073,Technology,21054247.36,11716164.14,1967919.04,3911623.41,8146839.37,12190986.98,1101067.49,583132.29,309017.93
CORP-0074,Healthcare,130778620.41,77456614.15,16927735.02,7682949.32,43379671.11,110391317.04,21632029.55,6257806.92,349067.65
CORP-0075,Healthcare,164843030.37,71187092.39,21081124.52,129299464.71,46237220.8,172028839.81,34410776.74,12506576.38,7538497.89
CORP-0076,Healthcare,22505126.96,7159647.79,1656810.77,5840775.62,5545668.97,15694191.7,1827886.65,703498.88,301798.15
CORP-0077,Healthcare,17324711.09,9090876.62,3025372.58,10232882.02,7139760.82,11372221.4,2497604.39,650428.83,462394.83
CORP-0078,Technology,63809686.09,29961964.25,9461405.6,11272658.66,16423224.46,48105808.08,6614436.73,3036918.91,801709.2
CORP-0079,Manufacturing,22925879.87,9958254.91,1373821.67,7287274.57,8040556.54,23749951.58,3905315.72,1279385.21,495767.0
CORP-0080,Technology,74994986.14,29456580.42,3377270.2,9871294.95,15784585.28,62907408.73,10254919.92,3901596.73,771295.14
CORP-0081,Real Estate,48784491.39,21988124.41,7990098.94,35202649.4,11054393.12,33844589.27,4849407.18,1720594.22,1172314.17
CORP-0082,Energy,8747302.15,3512950.49,435427.82,2121947.35,4219687.09,7844364.77,1494668.51,479887.46,161188.55
CORP-0083,Retail,187165760.38,98655738.67,14255927.3,19457681.66,50510560.08,108470338.63,20574050.3,8215125.73,1898714.31
CORP-0084,Technology,239934774.89,111130135.96,11850915.77,154487942.56,47814996.31,224644188.07,14056750.94,5319623.36,8222680.01
CORP-0085,Retail,21578571.27,12149908.04,3505259.52,5607701.29,7589890.44,19026289.4,4094781.16,1485644.8,495873.49
CORP-0086,Retail,27025689.65,12514601.64,3437900.85,17238000.59,7193814.32,19956804.48,1334619.29,436625.82,966234.42
CORP-0087,Healthcare,53003334.82,19689611.19,7798485.96,27555166.45,10282843.79,33513099.09,6757156.03,2918770.22,1086055.31
CORP-0088,Energy,55642440.7,30899781.09,11311783.17,24153758.78,22233144.2,34646534.43,7148801.58,4041658.81,1338492.94
CORP-0089,Real Estate,76940601.47,35944010.98,8024606.6,36759772.86,22851888.05,69782314.68,6660839.07,2757512.26,2783562.47
CORP-0090,Manufacturing,297285804.5,107633012.68,22761772.33,72737373.46,110469857.84,310900335.08,40248935.27,20108843.86,3449741.07
CORP-0091,Technology,33366160.06,16251066.43,3072355.28,8137823.62,10447796.15,22440025.59,2125401.79,554682.7,414987.67
CORP-0092,Healthcare,17924924.91,7301091.32,1063930.18,6707303.89,4296668.34,15983249.38,2225730.59,925405.68,462153.97
CORP-0093,Healthcare,10025884.65,5547539.38,784561.29,5454996.47,3250895.09,3835849.29,516298.74,149862.51,327550.18
CORP-0094,Manufacturing,19174080.67,8359705.93,1167726.46,6994603.65,4340066.77,13097363.03,2475179.31,624506.32,481014.31
CORP-0095,Healthcare,38527122.32,19954445.22,2678573.52,2178492.67,16767326.42,30582375.6,6590974.05,2149071.84,138481.21
CORP-0096,Manufacturing,239618315.56,78753162.21,13557641.39,109324652.84,61193298.62,148099290.83,32549882.76,16899571.46,7346002.24
CORP-0097,Manufacturing,23733276.69,9939669.62,1908422.42,7247632.6,4401583.87,14541348.37,1772468.2,877374.56,387860.55
CORP-0098,Manufacturing,49813069.72,29637403.18,11513351.41,18511543.56,20583407.5,33197625.85,4632360.4,1965512.71,1175038.08
CORP-0099,Technology,39176087.42,21254519.52,5814003.25,12725951.42,13452112.48,33630263.51,2213816.03,546214.7,586531.53
CORP-0100,Technology,130697137.03,45480282.6,18022868.73,40971313.46,30871848.09,99661036.35,10933463.15,4158782.53,3250111.07
CORP-0101,Technology,498409420.07,191054891.66,40453978.88,178090904.24,163109688.81,175616429.86,34814654.44,14976219.93,8991075.89
CORP-0102,Energy,23420709.89,9343569.08,2217116.72,13142582.04,4347035.59,8802907.31,2031527.39,848271.62,1011094.48
CORP-0103,Retail,24411394.22,12086317.29,2385519.93,3678268.19,9377092.9,16566230.36,1462509.17,315347.16,207807.06
CORP-0104,Manufacturing,113142752.64,59637367.04,9235818.09,33194650.52,56846987.71,100870986.15,12142525.22,3775939.4,2092258.33
CORP-0105,Real Estate,78758084.41,41336809.3,5909072.6,10202086.73,31322791.15,19728823.86,2933275.85,1154514.57,536380.13
CORP-0106,Retail,252445849.37,114348431.58,43855340.35,78978310.73,163514305.5,176725717.74,28984441.75,13148185.96,3535074.6
CORP-0107,Manufacturing,71408551.23,38792421.35,15363474.86,26357095.12,31297208.85,49611121.58,5433401.3,980116.14,891623.47
CORP-0108,Healthcare,27804485.35,11987164.95,1360217.76,4761199.19,10772572.86,29963991.76,5129926.85,1968802.33,210302.82
CORP-0109,Retail,71890510.4,24238904.24,3517156.2,30215170.04,13874814.16,51976525.41,6565052.67,2719933.34,1666105.79
CORP-0110,Technology,120686107.57,56641918.92,12860957.08,52169411.24,46026604.92,105793176.02,15792528.82,7658763.71,3295968.85
CORP-0111,Retail,90465776.89,52984938.44,8260354.18,18308513.5,28561437.25,74928408.89,13285871.81,6234870.43,1375988.96
CORP-0112,Technology,66139323.1,35576215.93,7441267.83,23396064.68,17275093.01,24728613.52,3717232.72,1703448.4,1247329.33
CORP-0113,Real Estate,115718918.2,54805659.33,7603129.1,7516198.61,30238103.4,110354356.17,14145299.23,4526579.91,351537.03
CORP-0114,Healthcare,128224807.56,63348401.67,15010627.21,22553775.12,44805771.36,108103681.14,15623091.01,3268347.3,865146.53
CORP-0115,Energy,158641736.94,91880313.97,16677047.39,41314544.03,59032132.08,143039913.52,20824015.53,7511112.54,2776376.78
CORP-0116,Real Estate,76187646.46,32646622.75,6711215.76,18681791.84,36681350.32,120776279.23,15882014.11,7943598.72,1508515.79
CORP-0117,Healthcare,33695738.04,13458692.44,1726666.73,3196464.25,9304391.12,12911445.7,1769645.29,954450.14,252504.55
CORP-0118,Technology,46117990.74,27355922.45,6249143.57,6255486.21,23667883.65,52802301.41,12140957.7,5719057.74,441943.79
CORP-0119,Real Estate,133086382.32,74399671.59,29386180.16,37268627.96,41850927.01,98818035.77,17594153.27,7793050.13,2593082.18
CORP-0120,Manufacturing,17593926.74,6983259.57,1387223.91,10378088.09,2761162.84,15086190.13,2040044.91,893466.16,886956.62
CORP-0121,Healthcare,57579278.28,25285029.11,9176664.83,30497832.16,14874170.77,45539310.18,8417837.67,2899003.33,1981786.4
CORP-0122,Real Estate,26873767.63,11408544.24,4026756.84,9148348.31,16215823.33,19218848.37,2562045.95,991496.33,637566.19
CORP-0123,Retail,40986152.47,14129103.21,5448429.82,19135626.22,10423475.19,28117870.12,5866968.83,3326025.42,1056061.57
CORP-0124,Technology,143013825.11,83998569.11,28310277.45,84819705.55,54227737.86,123835921.02,20864137.22,6379088.93,3356260.57
CORP-0125,Retail,48211062.64,20311018.38,6050226.82,6206254.2,13232425.42,23939938.89,3462550.49,1944145.51,308713.15
CORP-0126,Manufacturing,41717720.48,23470336.35,8378331.14,26857563.62,19434319.01,39636666.77,6832800.35,2513084.73,1607763.98
CORP-0127,Healthcare,10222930.66,3647611.87,447537.92,5356684.26,2282444.0,7327399.22,523588.05,278833.26,326285.18
CORP-0128,Real Estate,83993801.8,39003466.23,9315946.59,45336413.8,38886818.79,48211277.43,4515546.66,1170964.78,4030148.22
CORP-0129,Technology,75942283.43,23328589.72,9256244.85,10128581.05,20791292.88,53918825.94,4869072.16,2232909.85,620063.2
CORP-0130,Manufacturing,346451959.97,183365293.33,60671916.58,87316763.21,104284425.88,364269930.0,57243983.06,18680027.5,6782997.7
CORP-0131,Manufacturing,29274335.39,13884061.11,5395660.11,16401773.87,12694176.21,20285152.54,4799989.43,1240669.02,877065.85
CORP-0132,Retail,49582590.28,24180282.68,8073562.0,18216252.58,14096950.49,43220684.0,11305018.53,4769060.55,1007811.66
CORP-0133,Technology,51104529.12,16124310.14,5844491.47,19592994.7,16933485.37,33412588.04,6077835.14,3044674.36,784991.09
CORP-0134,Retail,192855792.75,70066727.17,21857938.41,113180946.82,31762891.81,183518558.04,32123496.5,10135151.27,5530596.0
CORP-0135,Real Estate,36204879.76,11668806.02,3829125.71,10335958.64,9803313.57,33927648.86,2033864.61,508666.29,701860.39
CORP-0136,Retail,52641825.63,20355240.8,5230348.39,24015398.75,14430882.11,61576289.27,7565651.45,2956774.03,1443647.34
CORP-0137,Manufacturing,73140770.83,35709643.05,13472223.82,46621731.84,21877620.33,55944440.2,6188059.98,2421118.49,3456725.38
CORP-0138,Healthcare,47995082.86,22550767.83,7836655.06,32395210.05,17702704.76,44814494.84,5331025.65,2424720.86,2031789.0
CORP-0139,Manufacturing,25484128.01,12325269.73,4352859.92,5175483.43,7914195.09,20887135.56,2957468.2,1463826.85,283167.23
CORP-0140,Real Estate,48355474.16,22474433.95,6785092.97,12984977.77,12989930.88,51216878.22,6473581.45,2550969.68,1197532.47
CORP-0141,Real Estate,116526788.63,44502587.22,8516637.42,58479606.63,23618255.75,76468784.97,3902585.17,2285160.04,3426404.74
CORP-0142,Retail,14267356.17,5326749.52,589612.25,9995752.7,2932264.96,13539736.17,2537285.8,1071809.08,774121.21
CORP-0143,Manufacturing,45488480.41,15516935.14,5907243.5,8561875.4,10841331.2,34619487.5,3336032.44,1218843.97,462185.98
CORP-0144,Retail,19774013.52,10969065.74,3025664.37,9773493.54,7610286.44,15565359.24,2521002.06,602124.36,690438.6
CORP-0145,Retail,131569610.76,63803868.0,12087189.23,43029989.54,26152948.17,107670056.34,27316338.35,10209045.71,3180786.93
CORP-0146,Technology,8682439.5,3090543.02,447326.84,5348188.26,1643944.66,7383963.99,768159.46,281423.9,337617.11
CORP-0147,Energy,22772817.16,8042512.19,2805686.27,4846047.06,7109273.97,17688881.18,415434.41,206068.13,145381.41
CORP-0148,Manufacturing,58073027.72,32631854.52,11452347.04,35965225.34,21189581.07,48952231.1,6642807.43,2964341.94,2167760.33
CORP-0149,Technology,190568835.65,99633057.47,34308881.5,103783337.99,72940873.89,212603092.66,43593835.06,12296211.73,8142519.04
CORP-0150,Retail,37290521.57,18563957.15,5448981.95,10551965.87,12839331.74,37182003.81,9218064.7,3846011.09,716607.35
CORP-0151,Real Estate,22857742.85,9647321.4,2024052.56,2088437.43,9568838.39,22259576.71,1970473.83,920512.99,139272.84
CORP-0152,Retail,261294078.73,98924022.74,18916359.0,118977102.15,74087588.21,185229306.83,32384558.67,17902285.59,4064989.04
CORP-0153,Technology,9360283.15,5558465.89,570112.01,3016335.8,2498611.05,5823517.33,738040.42,360717.55,148383.13
CORP-0154,Manufacturing,4417984.01,2382052.71,833914.41,324059.88,1375612.57,4378487.72,633578.48,301637.0,21443.16
CORP-0155,Real Estate,61837123.75,24149484.88,3048384.87,38989010.13,47959851.71,60304141.79,17018864.07,6909805.17,2579347.17
CORP-0156,Retail,24105383.99,13360877.66,3864319.87,7380812.03,6725197.04,26384165.62,1974893.94,866645.08,577327.13
CORP-0157,Energy,14342922.64,7568467.46,1901369.2,8909823.31,3909631.63,9741768.63,1584858.95,831972.48,515228.34
CORP-0158,Healthcare,80870239.56,31468564.44,8119103.85,37359368.49,23202014.37,60983460.69,10573596.51,2820213.56,2468982.08
CORP-0159,Retail,50820009.04,21749228.69,8221509.75,31374790.29,12171449.3,23992287.24,4901367.96,1789274.11,1890193.49
CORP-0160,Healthcare,22655684.94,8060576.28,882508.19,694744.79,6971367.61,16346207.61,2532013.79,817190.04,31399.59
CORP-0161,Manufacturing,11069405.52,3689607.02,1225014.72,4255870.09,2812419.73,11061813.04,1829651.83,801232.55,127676.1
CORP-0162,Energy,95292086.58,49249676.64,5694036.8,70532771.0,23458722.31,67343005.65,8782711.26,4593553.12,4687970.88
CORP-0163,Energy,76301349.13,29013859.42,3233480.95,15413315.35,20853656.96,70814973.79,11575156.93,3939055.67,965015.47
CORP-0164,Manufacturing,36064665.04,19691949.41,4508379.45,14098597.36,26182365.86,27477645.89,3650141.09,587561.62,715184.83
CORP-0165,Technology,252428095.56,151124311.96,17972088.89,37500305.37,102479483.05,218302696.14,39529945.39,14182471.8,1339226.06
CORP-0166,Healthcare,13659082.37,4411691.62,1485607.09,9704051.21,3004084.05,7791983.65,1024797.66,503531.64,673908.44
CORP-0167,Retail,8662161.36,3827900.38,990924.47,2456541.37,1933920.41,7077348.69,1195045.85,542267.58,137593.83
CORP-0168,Technology,19937081.15,10778360.24,1171733.16,7648947.79,7158207.34,4022760.8,597528.26,264596.64,522829.45
CORP-0169,Technology,38050089.09,20420922.3,2290210.64,14402860.71,15338311.03,29017788.18,5986442.61,2226960.66,1266886.11
CORP-0170,Manufacturing,50796572.98,26820547.23,7611686.29,24426441.37,13983437.53,24072767.76,3549055.71,965687.15,732793.24
CORP-0171,Energy,31288586.55,12662443.44,4328447.93,6605086.93,8178203.08,32577642.01,1998585.45,902420.15,326991.35
CORP-0172,Technology,56630337.43,24699660.13,5714015.9,25880811.94,20583205.73,54109238.08,11530466.26,3650220.68,1471566.55
CORP-0173,Manufacturing,11392440.46,5451174.61,1452052.28,3915781.62,2778377.84,10177256.64,1065694.99,659036.09,320398.62
CORP-0174,Retail,168722279.41,99914326.41,33965758.98,14030811.5,63338549.53,186303351.06,21855559.67,9989099.3,497447.76
CORP-0175,Energy,36683910.89,14609887.74,4136816.77,2143554.73,9732331.43,22385134.9,2691072.31,920172.27,190857.64
CORP-0176,Technology,121727540.62,70229872.71,11758452.14,51016545.11,44699281.22,139922477.42,30604110.77,10370554.12,3164956.19
CORP-0177,Energy,56104430.72,21364964.18,6065846.79,3450700.69,19934975.53,55343559.99,2391743.3,934467.45,202073.0
CORP-0178,Manufacturing,62880912.59,37522445.28,10824619.01,20452648.52,29111121.74,47329767.6,14524910.59,5462089.83,1166396.21
CORP-0179,Real Estate,70404467.66,35278207.72,11297214.34,12060434.71,23496357.65,72314120.52,14665509.05,7504097.2,644703.26
CORP-0180,Technology,62314740.44,27359501.41,7831992.6,26334995.41,19238335.75,36064113.74,5812162.74,2433213.21,1994131.98
CORP-0181,Retail,75732864.07,36656003.39,14324163.19,37971941.61,18246155.35,48097727.47,7082645.29,2314869.31,1669709.38
CORP-0182,Technology,150451680.4,57436335.82,9143088.85,74754960.13,36192626.84,102048675.01,16764322.0,9874924.44,4872618.96
CORP-0183,Real Estate,48473177.89,18528976.82,7139718.83,24123175.16,10059372.1,33650296.2,5924340.63,2398948.19,1308375.29
CORP-0184,Real Estate,80922604.64,27033520.23,7069315.47,33344857.76,17977305.98,47638204.43,8682576.26,4140581.42,1619492.99
CORP-0185,Retail,36406733.64,12167679.74,3669612.11,19785632.88,6329041.51,38031078.8,6761173.68,2293236.97,1954615.31
CORP-0186,Energy,168108004.62,67966322.2,8824643.91,68885793.45,40967973.09,125783304.35,19430883.36,8477919.08,4566147.24
CORP-0187,Healthcare,20248832.55,10708729.61,2293518.42,5407680.6,7113694.61,17626628.85,2470073.77,1064875.97,374206.0
CORP-0188,Manufacturing,241152587.18,116329922.15,38483537.08,13926229.32,77828963.85,165413728.22,23560925.34,4972181.55,1073247.86
CORP-0189,Manufacturing,38257189.04,12654535.79,3949142.8,23636853.14,11316632.06,16675518.31,2338817.92,1406863.32,914267.59
CORP-0190,Retail,9523042.04,5291677.89,592889.2,6866422.9,3107694.77,8132787.15,1680953.62,889332.79,592465.03
CORP-0191,Technology,45267704.67,21747071.04,5740754.39,12401745.95,14655169.28,18901485.04,3396177.93,1223576.58,372052.38
CORP-0192,Real Estate,20154705.5,11856140.0,1499605.58,5327592.66,9125700.93,15847104.6,316942.09,91841.27,258220.45
CORP-0193,Real Estate,92308201.17,46251544.84,18443123.97,5826952.04,23809280.82,48585220.96,8881137.35,3861129.18,309495.79
CORP-0194,Energy,20735878.54,7310484.97,2698950.46,5746760.29,7311116.73,24830285.58,3966310.6,1620911.24,394950.99
CORP-0195,Retail,25490504.46,11270244.41,1198299.7,8926927.15,8467490.99,25038622.68,3732371.33,1625697.39,564902.86
CORP-0196,Retail,6019166.0,2976774.21,1064479.2,1013283.47,1557633.65,4942642.72,645381.01,270516.45,58261.55
CORP-0197,Healthcare,25334905.85,7815296.82,2937214.25,4241195.38,4805837.36,26671102.62,5499731.68,2478311.63,253708.48
CORP-0198,Real Estate,3527573.06,1074051.03,221323.75,1252033.5,725290.45,2224970.16,439156.43,239221.93,56754.25
CORP-0199,Real Estate,8170961.74,2768492.61,874429.77,2573411.1,1729873.88,7424919.24,826810.17,377695.42,96609.75
CORP-0200,Healthcare,85191707.41,31989429.1,7441736.84,15475884.74,20352543.47,71557804.33,12190059.04,3596487.37,1097204.24
CORP-0201,Energy,87382025.24,37475069.28,11113971.75,53436778.65,41949627.02,74519742.08,7557580.85,4052800.23,3762248.02
CORP-0202,Technology,60943487.71,27194943.07,5495968.04,1170244.11,19991941.57,64263122.15,5206539.79,2936808.42,98028.32
CORP-0203,Technology,15142620.22,5169815.96,1017253.16,8953191.7,2408364.44,14332466.12,1700749.75,1216385.87,431093.88
CORP-0204,Real Estate,37969305.6,19061254.88,4333198.25,7058324.82,15418354.84,32567971.88,6289516.1,1809183.06,496851.21
CORP-0205,Energy,39681572.17,19001180.31,2729905.8,12957100.74,13842400.21,18611550.69,3678689.36,1560824.49,722285.79
CORP-0206,Technology,12504952.34,4856163.56,1696460.38,5157841.14,3783969.41,7602895.24,1335481.02,256132.08,401574.68
CORP-0207,Technology,179089869.45,54460864.86,11143203.17,62235169.2,37169731.91,138876710.18,25866452.4,11777381.59,4688140.55
CORP-0208,Energy,95760638.85,30958875.85,6812341.69,29045724.97,24439593.17,78396790.72,13782854.67,4757565.36,1834764.45
CORP-0209,Technology,31929337.83,13330767.79,4908607.11,8789134.99,7866167.78,18326138.95,2161126.8,1280131.75,482585.45
CORP-0210,Technology,40910030.65,14162737.82,3526339.64,13521771.44,8969858.95,52460377.86,9001997.67,2903490.85,1006208.87
CORP-0211,Manufacturing,49051572.76,20260550.13,5334120.1,25154684.36,11197268.08,54117560.88,10283444.69,2376315.84,1753371.25
CORP-0212,Energy,5169389.38,2525012.96,977052.34,2478543.0,2338790.22,4758028.32,893151.22,315169.51,123266.36
CORP-0213,Energy,31103242.04,14437230.07,5284284.85,4524911.46,10585536.47,25330709.62,5305407.41,1074086.22,181372.12
CORP-0214,Retail,20135918.17,7437257.05,1121835.95,12649864.75,5275731.93,15254130.05,2828347.46,1343776.01,704243.35
CORP-0215,Healthcare,14627004.33,5896829.22,1426823.39,1793698.29,3505304.5,8916860.38,1494219.79,289119.12,148394.83
CORP-0216,Retail,30065825.13,14558153.93,5697899.39,16983540.29,12309133.44,24518563.25,4989711.8,2010084.23,1311083.58
CORP-0217,Retail,240369174.58,134187656.13,28408853.85,109631817.09,71901850.07,204686492.73,30431546.73,5849515.94,4748711.8
CORP-0218,Healthcare,75590627.7,39757951.3,8407690.8,9161804.29,20135030.45,41699409.89,4416228.86,1625040.7,389226.78
CORP-0219,Energy,22495391.19,10483302.38,1661698.51,12537390.33,9491866.82,19499798.8,2765981.17,1560947.77,991961.55
CORP-0220,Healthcare,70602970.83,28854579.85,3875081.61,32404441.22,22133671.78,54290026.65,6121464.78,2669355.25,1392271.77
CORP-0221,Energy,161393402.55,66093081.1,21288015.48,67520532.01,51345303.3,67533211.41,7850133.85,2462199.5,4567050.29
CORP-0222,Manufacturing,100396076.21,56605837.06,18737049.48,21800790.64,22172677.76,63041005.15,9000620.66,3572163.19,1106584.84
CORP-0223,Technology,42271783.72,13179203.9,5149166.22,15863333.24,9923800.73,30320658.25,3346764.06,1344735.44,1336575.83
CORP-0224,Manufacturing,20854143.64,12437302.69,4129501.19,3996948.75,5728703.47,24556536.83,3305357.09,1478364.04,193626.7
CORP-0225,Retail,80054908.51,39972426.37,6915459.53,28774937.42,40240135.87,72954888.7,4035810.94,1062686.18,2219998.59
CORP-0226,Retail,59025811.27,29769154.97,3335186.49,7923437.16,26961404.7,31455072.41,5053719.31,2320954.59,497376.97
CORP-0227,Real Estate,97483454.1,30356284.36,12009893.67,64751731.64,24773396.61,87462862.54,13124701.1,1700447.26,4130054.7
CORP-0228,Manufacturing,75163161.99,36202997.09,7317900.37,26691349.72,31163157.95,36870477.52,4024249.23,1356218.45,812628.05
CORP-0229,Real Estate,113754447.66,50670032.44,9809285.7,32600445.57,36378919.34,115635742.69,21156979.53,7429751.84,978013.37
CORP-0230,Energy,23318667.74,7735587.28,2875987.41,10492926.02,6358946.99,16457734.35,3240174.17,1501278.59,594859.83
CORP-0231,Healthcare,148692959.85,57005401.87,15706696.64,100445738.43,48628493.97,116169759.47,8087971.78,3253492.48,6398754.23
CORP-0232,Manufacturing,48525481.26,27518525.61,4525733.93,10443145.94,14015831.01,51687369.08,5781943.51,1500088.79,450329.68
CORP-0233,Manufacturing,317269101.58,147529029.65,54103154.75,148512943.51,74153172.03,172139835.47,19200973.44,5789106.69,6485500.67
CORP-0234,Manufacturing,19991388.86,8476848.11,3373855.54,7684152.72,4509636.77,10407044.5,1071976.01,450088.42,525765.78
CORP-0235,Technology,225981524.34,72721904.61,9163219.48,75314643.11,42537390.26,154408686.39,29565209.0,11592319.35,5154746.35
CORP-0236,Healthcare,48540583.71,24961337.85,8953020.05,1684363.25,16239270.63,48913170.07,6862942.97,2347727.61,97581.71
CORP-0237,Retail,20760900.59,10605815.0,2303102.67,9325292.55,8150872.32,10300121.91,1408791.53,495777.16,668651.69
CORP-0238,Technology,24547342.7,11886144.47,3057374.69,12653609.75,10624610.15,5733495.35,285567.53,134107.31,536348.12
CORP-0239,Energy,28908686.87,13097912.98,4904445.31,17133818.71,7961297.51,20518467.47,3729660.33,1298782.39,936551.26
CORP-0240,Technology,60864822.98,26180110.15,10262963.38,30776948.03,25404070.59,55408179.61,4877974.35,1908219.06,2607366.53
CORP-0241,Real Estate,67176597.14,32109159.11,5736274.72,19497076.05,29125760.08,69867177.72,10689442.84,6595318.45,1189805.79
CORP-0242,Real Estate,22438751.42,8302756.18,1360450.03,4088493.45,4233583.05,15872448.6,2600999.85,670100.11,253056.03
CORP-0243,Real Estate,38866583.67,22635032.35,2810251.71,1596230.55,10014350.65,27895117.6,6082054.22,1306520.9,150986.17
CORP-0244,Manufacturing,339257633.87,161703201.8,43423673.64,172573373.02,97569203.02,349700033.66,29570278.17,14145207.7,6732064.42
CORP-0245,Technology,224086606.24,88146199.5,9174372.68,87530212.87,45375773.29,95472470.59,1909449.41,634196.31,6297488.57
CORP-0246,Real Estate,61609317.16,26794135.71,5990351.24,21315451.84,19115993.07,44500153.8,7084089.72,2608193.57,1810956.4
CORP-0247,Manufacturing,41367391.28,22408940.76,2734231.5,8032631.33,23223377.03,34669380.94,8321537.54,2678572.8,442815.92
CORP-0248,Real Estate,44903725.69,15648266.68,3467151.0,3649085.48,8968163.14,39957299.4,8468842.43,3167516.33,265998.12
CORP-0249,Real Estate,73553086.79,28527615.22,3194512.56,52530424.7,16511752.91,51342898.24,8239660.84,4613005.52,2378036.96
CORP-0250,Real Estate,14320568.73,7215453.02,2529486.57,8998468.99,4720093.41,11555097.96,1449219.48,695933.81,447215.04
CORP-0251,Retail,30787627.5,12150237.5,1979537.33,20605627.04,8659876.05,9308162.87,1771865.86,861520.78,1355324.74
CORP-0252,Manufacturing,7507521.38,4037173.41,801349.1,5033571.42,2141868.1,5017654.3,508402.23,131359.59,362308.92
CORP-0253,Real Estate,59365459.34,20132967.16,7268291.04,21697211.8,18208233.32,52876918.08,9190954.25,2618361.57,1666650.66
CORP-0254,Retail,76072389.6,40227524.73,13028883.41,17966728.69,33790792.14,45912820.79,8047301.16,934228.36,1501020.09
CORP-0255,Technology,24564516.42,7873062.97,1304657.14,6855174.31,7178490.88,19941396.91,4048312.87,1291662.47,404375.09
CORP-0256,Manufacturing,192188412.38,58382569.98,7097558.85,41275428.99,38059310.04,170927473.2,49224206.85,24398978.29,3215528.3
CORP-0257,Real Estate,11689883.14,6657003.33,2094973.15,2735173.92,6251630.16,8551034.49,1450433.3,655152.96,150066.49
CORP-0258,Energy,9208385.73,4368474.45,948879.68,4009399.19,3562312.08,7680647.82,956638.65,361464.65,294816.61
CORP-0259,Manufacturing,49846149.94,20215009.86,6667395.41,8035221.72,16601007.47,30279217.59,4503164.13,1791223.47,507121.58
CORP-0260,Technology,113475589.65,41960820.97,9801562.36,43464630.93,30063134.9,86091404.36,5298599.2,1754426.84,2898446.24
CORP-0261,Energy,214523037.49,104057774.85,21207049.84,25394397.53,114974586.37,197799515.24,22799231.26,9586527.01,1684984.76
CORP-0262,Real Estate,25168801.18,11393932.78,2681694.51,8871378.55,7423328.18,20925205.19,2710564.83,1291822.2,318743.53
CORP-0263,Technology,117116629.95,69974765.91,22711548.53,42256361.2,35006260.77,79954790.83,9898049.71,2359807.11,1822862.18
CORP-0264,Manufacturing,38320345.63,22799256.62,8450911.21,24669709.64,14669480.92,32374686.52,5102825.04,2194034.99,1518127.59
CORP-0265,Real Estate,33510611.24,16437201.78,1889130.21,4733054.92,7766114.23,31597891.17,3440346.9,1696928.7,164193.53
CORP-0266,Healthcare,96365608.49,41712928.29,10729960.97,21989563.64,20511872.13,37583719.05,7744182.94,2776211.92,1593543.36
CORP-0267,Energy,76463409.59,34205316.81,3757475.56,19100949.29,18886549.48,78896078.67,11835228.63,5563386.65,1395770.15
CORP-0268,Healthcare,8232562.15,4155334.05,999452.84,4187544.04,2716127.69,6032402.12,902055.15,614719.42,271803.26
CORP-0269,Manufacturing,174343901.11,57615841.02,21063478.52,77896314.56,38181467.92,154311435.85,20616820.15,8031606.4,3363795.76
CORP-0270,Retail,158314062.3,63089043.89,13152619.65,72887252.89,34942314.17,164559454.65,25960822.91,11405386.63,5882153.21
CORP-0271,Healthcare,21304679.44,6872499.12,2609729.32,8209306.61,5116010.31,11199129.87,2141888.61,698671.84,743419.7
CORP-0272,Healthcare,59162800.56,19050908.56,5509190.16,9733225.55,25503507.71,38935737.14,4152242.86,1736157.03,605466.51
CORP-0273,Real Estate,65269159.05,23415426.5,8903636.39,14949681.08,13799743.12,48448661.09,5673056.03,2530337.08,1011465.98
CORP-0274,Real Estate,51684772.78,23029493.1,7534098.38,24528027.51,21983673.72,33246193.7,4482042.34,1880146.1,1545905.42
CORP-0275,Manufacturing,22969891.39,12298821.69,1611521.37,9514947.03,11028913.85,26346174.05,2178998.63,649407.98,646593.34
CORP-0276,Manufacturing,20345628.52,9067004.27,1535455.56,5479988.14,6044308.55,12790189.47,1394605.26,586621.42,318971.58
CORP-0277,Healthcare,38819991.98,15552957.39,3394450.62,2652293.47,10638501.23,26742729.28,3374637.1,1843292.9,157762.49
CORP-0278,Energy,128665814.96,41778548.87,6309900.49,21747051.98,44674828.86,108192228.23,20958939.93,9323868.97,1600273.44
CORP-0279,Healthcare,68586079.86,31898607.77,7925958.12,32562177.45,20366924.08,38378719.21,6260646.26,3106524.65,3099410.1
CORP-0280,Healthcare,27491451.72,10484705.69,2531117.48,5211288.48,5557885.5,19817593.94,3164463.4,1190783.79,203234.68
CORP-0281,Real Estate,86158459.46,41742072.27,16149079.39,55049113.38,39805025.51,74397024.35,14324767.47,6804121.65,3217225.02
CORP-0282,Retail,2306997.33,1368410.05,314896.28,1819700.98,681142.16,1692016.25,242180.67,103635.6,76960.78
CORP-0283,Manufacturing,125619204.25,41880726.22,14058858.95,39200812.13,47812777.7,98149126.82,16638558.23,5073244.94,3288178.76
CORP-0284,Technology,6992063.1,2542577.18,972721.8,3657545.32,1083363.18,4853425.78,702964.91,303576.87,187207.55
CORP-0285,Manufacturing,27717070.88,12248959.72,4447556.23,11849191.84,9171844.24,13778320.52,2249560.45,676736.02,454440.06
CORP-0286,Technology,12998312.58,7676597.32,1248216.93,6558156.67,4926432.27,11234683.88,1357847.12,457203.38,456269.36
CORP-0287,Manufacturing,10911398.39,5799876.7,1443061.34,7655120.04,7804065.53,12558873.49,352391.22,147628.25,659600.87
CORP-0288,Manufacturing,127143482.15,72404240.86,14793774.57,43415092.58,49082776.75,102182715.2,14641356.81,6291748.67,3037058.0
CORP-0289,Retail,24947864.83,9982001.33,2195617.14,474677.29,6272493.43,21082263.62,4662077.11,1310401.5,29938.83
CORP-0290,Manufacturing,56316824.31,33655584.23,7008507.78,26504746.03,22964706.12,52855848.59,10376172.34,5244102.74,1752947.41
CORP-0291,Technology,37999342.74,12572076.65,4373923.06,23060391.92,9862250.15,20752729.27,4114641.02,1881216.46,1873025.22
CORP-0292,Technology,64169644.34,20270669.06,4776615.25,5429968.65,18076632.4,73185667.49,15501202.72,5108067.25,254595.0
CORP-0293,Healthcare,43004782.61,23939936.28,6155156.31,29741684.29,12262988.27,36144047.27,5581829.3,1374478.13,1734603.24
CORP-0294,Manufacturing,11039692.84,6382923.66,2519558.31,8243560.66,4220609.14,12434794.06,1987898.12,766353.69,438636.96
CORP-0295,Technology,107851605.75,35286414.61,4163577.5,55023916.22,16673627.91,70469527.47,8394147.26,2983327.18,2337527.13
CORP-0296,Manufacturing,24306233.96,8118968.26,2000410.6,2629456.03,6296668.08,28283034.85,3795480.25,1561134.34,144815.64
CORP-0297,Healthcare,8397277.48,2602755.03,864683.4,3216082.36,1962740.45,8019661.14,1449862.97,527298.25,246402.78
CORP-0298,Retail,25955259.86,8600334.24,1250046.43,5015641.23,4709318.1,23635067.71,4967954.67,989886.4,343566.57
CORP-0299,Energy,178617961.67,64807230.75,18370223.82,98965820.69,76171212.83,151254563.54,21633590.25,7813302.25,6894420.0
CORP-0300,Technology,93196594.76,55081329.69,9465144.51,14333418.47,54287930.27,69924871.63,8914759.42,3293451.68,891497.55
CORP-0301,Technology,28101903.31,14061014.01,5065075.82,17039437.82,7251705.83,29228967.57,4385116.72,2031914.44,1156123.42
CORP-0302,Manufacturing,28084890.8,14985140.25,2969004.33,9290449.76,14531377.24,23256310.96,4187539.2,1382641.83,445859.32
CORP-0303,Manufacturing,28871483.87,15383934.05,3057077.61,8917899.24,19917582.19,11738742.85,913359.41,518667.09,493671.28
CORP-0304,Energy,317741266.93,146326883.43,40892242.12,76635156.98,65109092.88,183197765.2,6446903.82,1346345.25,4818823.54
CORP-0305,Healthcare,58347989.03,31463960.15,4879080.82,16306904.5,33384470.56,44509646.04,5451236.89,2895243.22,1046295.64
CORP-0306,Real Estate,61223499.17,29310276.34,5436077.05,19314641.87,18625690.64,52774643.84,4695063.4,1772706.18,1251643.22
CORP-0307,Manufacturing,111583467.25,44004483.43,9900549.15,5789690.66,28805644.03,88003905.84,10964669.77,5328374.33,335367.66
CORP-0308,Retail,50565958.91,23681708.88,4880595.57,25629754.8,47363417.77,52780452.5,7527072.27,3070896.06,1392686.25
CORP-0309,Healthcare,30736390.05,14140355.41,3640620.66,8545002.71,10150475.59,12595146.46,1603835.46,824300.14,917447.63
CORP-0310,Retail,32725009.2,17901755.39,5010558.89,16527824.42,10659834.04,27119790.67,6037499.37,2181129.99,1216477.78
CORP-0311,Manufacturing,37072971.85,22040555.2,5950955.11,19730943.62,13425252.07,16178798.95,2691136.74,780800.92,1306133.46
CORP-0312,Technology,38369666.23,16242369.68,4811810.04,20388666.83,8725850.16,36525714.43,6027609.2,3267268.15,1151997.85
CORP-0313,Technology,82443976.15,43614281.71,8388110.41,36205085.93,32426891.49,64397670.52,11663085.11,4532880.6,1927258.91
CORP-0314,Real Estate,41948191.78,13839920.82,1908910.77,18370668.74,7753449.33,37078929.34,3450503.77,1456650.34,1066196.71
CORP-0315,Healthcare,82858101.09,44167461.97,14497627.64,50726464.24,36076617.63,51970540.53,10495741.14,5494260.1,3266400.43
CORP-0316,Energy,36736575.34,15114348.21,5369132.11,16050068.31,16151034.1,38789892.24,5671539.41,1683338.28,510287.31
CORP-0317,Manufacturing,43082833.9,13433962.12,2379179.81,18514394.43,13695426.3,43442357.25,7972716.51,3663854.62,675019.2
CORP-0318,Technology,5399404.97,2208215.46,490505.57,2540366.31,2412939.32,4949682.38,477184.71,162725.01,128153.26
CORP-0319,Technology,99565639.16,48109402.49,12006700.39,73615312.13,25269741.32,77073417.84,5573337.75,2155672.65,4645648.24
CORP-0320,Retail,56315956.71,18909493.2,4916431.41,41620576.21,21147522.94,51583808.92,9847064.53,4009999.38,2347854.28
CORP-0321,Manufacturing,108039786.4,62361682.68,18574243.3,10054120.48,38743216.17,71157324.71,12012813.45,3002936.84,826165.36
CORP-0322,Healthcare,2199508.8,711104.99,79985.78,1308147.97,510253.67,2135967.48,224057.48,72172.57,49400.96
CORP-0323,Energy,321457115.77,186124318.07,58897760.82,47936368.21,127574982.71,363213166.78,38688320.93,20702402.54,2335930.5
CORP-0324,Retail,34636215.1,17738634.68,2103647.78,12648572.3,8672270.7,35125351.61,7245367.37,3540225.02,1047319.19
CORP-0325,Real Estate,120623274.97,48118271.21,11571798.01,19123837.11,36325846.16,78897212.11,7142517.7,2812266.65,1185042.8
CORP-0326,Healthcare,14077580.76,5873520.1,2045754.93,3623422.03,3366607.44,12279640.9,2850517.83,1209509.91,265497.69
CORP-0327,Manufacturing,73498378.67,38383999.77,9034234.52,6313579.58,25335549.67,39789941.57,4176708.91,1547787.04,573075.44
CORP-0328,Energy,13888676.65,6672694.29,965718.52,7367036.07,4636415.61,12700890.11,2310540.8,1237660.45,365352.93
CORP-0329,Manufacturing,21342928.81,10703326.76,4233274.41,10406880.38,4422884.87,18997782.36,2537516.24,964166.7,608909.54
CORP-0330,Retail,270026687.28,112533455.85,41275655.47,207246584.4,121860235.96,115041287.43,20725766.05,8770816.91,11587901.89
CORP-0331,Manufacturing,32911003.06,14689630.21,4868056.64,16558929.77,7287778.28,18681708.12,2294007.27,1180503.06,508046.26
CORP-0332,Healthcare,49497507.52,29548044.23,6602613.34,4352614.44,16764252.11,36795072.08,5219761.98,1682135.38,240891.3
CORP-0333,Technology,95064648.69,34620345.37,5371475.3,54119403.52,26464309.7,70331493.72,10693619.39,5944357.58,3962402.61
CORP-0334,Technology,65377053.31,27808577.85,10634649.62,13764064.63,12923838.66,36487235.03,3644732.79,900080.83,937454.52
CORP-0335,Technology,46289184.94,17939232.73,4658914.5,18117557.57,23580798.3,40632449.62,7599942.84,4278495.84,1255297.58
CORP-0336,Technology,57365922.62,30377175.1,10805362.83,8205305.26,23524612.28,48777941.22,6065016.12,2199978.11,446100.83
CORP-0337,Real Estate,440497613.33,233113005.45,47235339.03,302449181.11,229304911.66,335283072.87,46460176.83,17456488.06,15170409.79
CORP-0338,Healthcare,37594984.29,14576840.04,2923917.25,8616166.53,8755735.06,24393193.52,2446211.19,516148.07,681011.77
CORP-0339,Manufacturing,48695590.84,15797682.12,6250544.78,10831185.94,14977309.58,49169955.3,1076001.72,381464.7,569073.14
CORP-0340,Technology,113879837.79,34554536.75,8864963.45,72149406.01,20651451.42,128807368.94,18090816.17,5355231.59,4647232.03
CORP-0341,Manufacturing,120303218.31,51518067.94,7326313.72,30764740.96,36142239.87,84607774.1,22897467.14,7767630.63,1921258.69
CORP-0342,Manufacturing,130519122.37,55222807.52,9161596.49,79836426.1,42210932.14,88435400.14,16734649.73,6464074.8,6540659.5
CORP-0343,Technology,75431100.55,44995931.06,11005252.58,25347560.19,27180337.19,67755347.4,10098052.42,5006403.96,1890197.61
CORP-0344,Manufacturing,12698508.29,5599288.15,631270.88,3549585.42,4020884.51,9249518.82,1265847.14,532618.27,144010.66
CORP-0345,Manufacturing,203959404.06,76877502.57,18355287.55,18116250.14,72216229.3,157481249.25,23799085.23,10251876.38,764264.86
CORP-0346,Energy,12656159.95,7180710.69,1620558.96,7084803.13,2740154.89,11997161.68,2127768.08,618006.11,486610.12
CORP-0347,Energy,53899699.74,24110434.43,8048084.22,38968069.03,18473544.15,22537015.83,2049952.52,639430.6,2300477.43
CORP-0348,Technology,18731631.0,8986550.37,1855566.19,6942020.42,14660995.2,19924095.34,4098706.88,2376727.42,369124.05
CORP-0349,Manufacturing,37350679.17,12277191.15,4846600.8,25263573.39,10555027.35,30423476.73,5651740.85,1845179.77,1900690.25
CORP-0350,Energy,55326491.94,22953574.04,3540152.12,10788820.33,23113302.57,39707899.12,7382067.19,4175450.93,677666.2
CORP-0351,Manufacturing,54918301.71,32032038.71,8882356.38,23173980.85,17499464.28,42954523.73,7384904.39,2774463.38,1408673.55
CORP-0352,Real Estate,60728323.05,28958398.94,3675104.3,14504760.26,17780494.41,48126337.98,7266154.59,2908124.29,1039954.03
CORP-0353,Energy,199976670.27,80660701.25,25824265.2,122028716.39,48605859.88,90741361.77,16664021.51,8449267.41,6635111.95
CORP-0354,Technology,62678829.53,30568474.83,12179278.4,16953943.5,22609968.94,68883259.29,12370793.21,6521749.1,1416125.34
CORP-0355,Technology,31197339.13,17879922.79,6181832.96,12906277.31,12879377.11,25215721.25,3335988.59,1297428.49,621815.22
CORP-0356,Energy,104436226.28,39915231.19,10645833.71,57558573.01,29531235.09,92802075.18,11258739.53,4066383.07,4020692.87
CORP-0357,Technology,130838001.86,59077939.21,14499050.05,87239948.0,40256916.06,129570175.62,20095403.25,7925786.9,7110709.41
CORP-0358,Manufacturing,11668368.42,6856417.25,2403235.87,7955332.26,3738232.64,6951634.78,1581156.34,685898.9,312967.29
CORP-0359,Real Estate,72377068.22,25456378.69,9693591.09,5110230.21,15575078.85,64755356.16,5701362.42,2788709.5,280295.99
CORP-0360,Manufacturing,80291373.3,41422253.46,16434774.38,42375526.88,24365384.59,59935244.49,4592462.39,1838927.5,3268556.21
CORP-0361,Manufacturing,29574897.34,14324433.02,3136503.18,11110530.81,8427011.68,28668549.62,4536455.16,2095337.06,859495.87
CORP-0362,Energy,157621447.34,79425847.57,31553922.85,62207398.86,42845417.03,59037824.91,9005888.7,5077844.02,3572419.5
CORP-0363,Manufacturing,34275604.26,13894160.8,2039355.41,15336666.5,8601810.64,26741180.0,4242945.03,1858965.59,751188.91
CORP-0364,Manufacturing,45153414.18,17797841.86,3133575.83,6983152.21,10828972.95,30678849.19,4976037.55,2145494.65,519120.81
CORP-0365,Real Estate,33495718.27,16924143.79,2144370.89,16431821.09,8566920.31,29692366.22,4122484.78,1022825.24,1277627.27
CORP-0366,Manufacturing,40450074.68,14750645.0,2677560.02,9079118.75,11953698.99,36162724.24,8118284.67,1111612.25,386135.37
CORP-0367,Real Estate,13305990.6,5666973.81,1872261.98,1630297.04,4895015.36,8761659.78,612920.17,268972.4,68376.77
CORP-0368,Real Estate,9435116.81,3363169.97,1196875.87,5082507.45,3279121.63,6204204.73,673622.45,263061.41,322123.48
CORP-0369,Technology,196172525.71,59340512.21,19800017.78,108635772.68,37720443.23,152596119.6,22101604.15,7702889.37,7543712.54
CORP-0370,Technology,17073509.22,10090737.75,2919449.56,10163673.89,13303418.92,10597041.51,718909.22,305071.3,564225.82
CORP-0371,Technology,14777372.01,6347042.26,1613354.38,4564170.43,3767099.99,14310358.87,2020726.85,796084.8,320356.42
CORP-0372,Technology,4623256.51,2731442.53,853879.76,3080584.59,1875574.97,3357217.29,782478.41,401237.73,152020.54
CORP-0373,Technology,21021121.0,7191263.61,1562302.48,8879891.67,3680549.67,4595266.58,694088.94,283612.43,266396.75
CORP-0374,Energy,10605785.44,5050581.44,1779787.05,6356554.26,4102051.47,7689571.89,1242135.34,404076.16,340975.0
CORP-0375,Technology,205717650.95,74118467.06,22469534.21,121467043.19,52244938.39,121844761.71,10599490.48,5289321.95,7403231.92
CORP-0376,Retail,109322970.3,58708866.18,18161083.42,29617269.37,30124392.48,51791192.73,6172574.29,2335003.95,1654491.77
CORP-0377,Healthcare,20012140.15,10708714.26,2792627.05,5300621.29,5215483.77,11057001.06,1451122.82,656856.07,225917.52
CORP-0378,Technology,378768517.75,126426168.2,46217449.36,154780808.8,102958015.57,311302911.14,41750154.94,14706864.88,5071434.27
CORP-0379,Healthcare,106298899.13,60975103.92,10707497.76,75503444.29,38770661.64,113285730.78,24252457.31,8124993.04,3947974.53
CORP-0380,Retail,28779348.34,10314198.83,2210789.69,9471393.46,6375575.13,24826127.69,4416184.63,1803644.1,695814.37
CORP-0381,Technology,3270960.68,1582795.64,527534.34,1311921.2,959583.34,2219998.8,209628.05,84120.15,103435.75
CORP-0382,Energy,393638121.79,234486326.63,58111496.24,179539062.9,168094203.43,350802751.65,56944140.48,25509990.0,13970957.99
CORP-0383,Energy,9923612.07,5604051.89,2055365.63,2670356.52,2784548.23,7027722.83,1229226.64,458668.01,127539.85
CORP-0384,Real Estate,7683619.27,4510047.69,919688.0,4995398.79,6060925.84,5079486.46,1051491.55,227504.94,213275.58
CORP-0385,Healthcare,110726132.08,44598230.66,9401264.68,29729226.24,33493523.18,63017283.01,14432661.44,5148456.68,2005222.02
CORP-0386,Healthcare,456798259.61,151507508.77,55545794.5,222088592.68,90227494.46,205392137.68,20384202.35,9771816.57,15441042.58
CORP-0387,Retail,158977432.88,56676100.58,13563219.75,80682205.81,33677841.76,114784132.32,12563941.06,4651954.87,5325230.85
CORP-0388,Technology,69993232.73,31507346.52,8029249.49,37562523.35,15436426.81,58207121.12,5071068.83,1903484.81,1126875.7
CORP-0389,Healthcare,72185831.26,38833732.49,7760110.38,32157483.7,19620030.11,56353693.02,7793659.79,3886212.21,1511296.62
CORP-0390,Healthcare,93494723.43,32259989.06,5903609.7,19724132.37,23279244.24,67017636.17,11615357.22,3819160.55,1174664.16
CORP-0391,Real Estate,85065200.9,42355618.87,12570495.96,56178892.46,20968662.78,51962144.99,10359522.71,2545538.59,3781304.23
CORP-0392,Manufacturing,52756177.05,20948068.33,2847935.94,859959.5,17249964.06,48622690.4,7108756.4,2729313.81,61495.37
CORP-0393,Manufacturing,44198486.48,17783730.5,6469397.36,15176626.83,9498055.09,23715741.71,3178090.19,1117361.23,943436.84
CORP-0394,Healthcare,37408438.76,18650924.29,6224950.04,15398810.15,8385418.98,35732749.54,5631048.95,1708321.55,1000333.76
CORP-0395,Retail,18737462.33,8246353.91,1296528.7,8245076.51,4152289.4,11234169.14,1216018.54,465081.07,505200.42
CORP-0396,Real Estate,30078612.32,16351034.08,5039486.54,7966525.71,10601664.81,19536448.3,4971575.5,2232985.95,559921.61
CORP-0397,Real Estate,7326754.35,2540739.29,713413.87,3515915.54,1858232.05,3712048.52,258421.49,103128.56,227455.07
CORP-0398,Manufacturing,36094836.26,19382366.91,3011254.51,16770825.57,21813148.21,25256263.33,4021732.33,1732152.5,1022786.66
CORP-0399,Healthcare,14818825.04,4731214.78,860896.82,7919346.55,2912922.42,14745656.97,3703818.7,2153180.82,443281.21
CORP-0400,Healthcare,13209022.58,4731685.4,1053727.18,7000065.12,4489635.21,11929406.68,1793466.91,655892.57,428539.59
CORP-0401,Technology,47673876.87,23686523.27,7337441.12,22698644.16,20026717.97,47468136.56,6669180.54,2853307.95,1526912.16
CORP-0402,Real Estate,160211005.12,89153851.15,25998780.63,90637186.6,87089679.47,144899400.51,19145228.7,6683190.85,5801879.45
CORP-0403,Manufacturing,99763865.44,37491648.55,9735473.41,44418341.5,28492492.37,57789818.7,8147232.68,2569344.11,2918835.66
CORP-0404,Healthcare,8281207.89,3297224.88,1089809.2,1740434.28,2214668.04,6077099.45,1328711.75,453767.33,139479.84
CORP-0405,Retail,14803465.45,6826414.17,2234840.49,2776934.08,4241468.73,9532842.19,375659.8,132278.89,177661.19
CORP-0406,Real Estate,102029361.53,37084799.97,10582434.94,43532294.99,29437115.49,108775030.81,24656219.53,10748819.23,2188151.77
CORP-0407,Manufacturing,14909551.51,8101058.27,2722741.58,2942597.77,4202418.23,8358924.81,658701.18,418214.37,215557.36
CORP-0408,Technology,31812404.49,16927093.91,3390141.65,1709916.44,11948104.81,31136058.07,4255283.59,1397416.65,67553.71
CORP-0409,Real Estate,69030024.05,23717854.33,8642189.81,44283236.81,20016569.84,67552144.66,8683002.64,3111445.19,1938666.94
CORP-0410,Technology,15121914.56,6640772.44,1889120.63,10945325.79,4175229.08,17631003.72,3163489.8,1245427.02,711858.91
CORP-0411,Retail,44250423.77,23561064.24,8168834.3,9508490.39,10309287.81,31774577.95,2227200.35,979032.47,644161.72
CORP-0412,Real Estate,10490435.6,4208750.8,1110620.87,2971866.73,2575633.64,9886862.43,1711501.24,729707.25,122810.11
CORP-0413,Real Estate,21826433.87,10693469.42,1770105.75,5055844.92,7892687.94,27421211.68,6888632.89,3640019.61,274318.71
CORP-0414,Manufacturing,54831858.04,17275541.04,4538682.63,23571691.48,19432216.72,37092198.28,3035673.72,477696.02,1200005.17
CORP-0415,Energy,8097016.89,3907674.02,825822.42,1702849.99,2767013.86,3991764.15,636627.74,102692.52,89739.95
CORP-0416,Manufacturing,61865593.18,21392868.1,6615738.27,16658132.66,13421112.9,26230887.36,3066414.11,1074508.86,1235266.61
CORP-0417,Retail,39050342.35,21445471.66,5205633.85,19997890.36,15944972.18,36806603.62,6304763.62,3213727.28,1411802.7
CORP-0418,Retail,69198514.56,28138526.83,9871947.46,10225486.28,33745466.13,29296572.23,4422534.05,1076600.45,610596.17
CORP-0419,Energy,49819355.65,19153856.3,5811696.67,18020038.87,16515164.91,36145745.45,4262510.69,422997.78,933628.51
CORP-0420,Healthcare,155808840.12,86048032.88,26275913.85,19749615.2,41333171.77,138274524.18,24114194.03,11023030.71,785150.99
CORP-0421,Healthcare,45137525.19,14220270.69,2348429.36,7725966.34,6857768.1,37781693.24,9075820.33,3851467.05,628142.5
CORP-0422,Healthcare,25921789.3,10860779.71,4292993.94,2876479.94,9482545.47,22943089.87,3222467.34,937670.84,198136.85
CORP-0423,Technology,45005600.84,18497349.75,6520363.19,16554266.21,10455780.54,38005338.37,7068532.96,2130781.27,817780.15
CORP-0424,Manufacturing,68565361.38,26427840.59,8898292.65,24351685.98,25693747.46,72389468.43,6177453.17,1871926.63,1723953.07
CORP-0425,Technology,41818946.92,23984265.88,4774417.52,1603005.11,11633097.66,25490183.9,2604540.63,1070605.62,94491.77
CORP-0426,Manufacturing,41474597.58,21785715.15,5679307.1,13734134.0,13632308.57,27564057.88,4785680.38,1614537.68,764900.03
CORP-0427,Manufacturing,19737053.44,6299612.5,889070.34,2158557.05,3351113.33,12739638.6,2856300.88,1283639.87,143604.86
CORP-0428,Real Estate,20523868.47,10557605.9,2761265.74,14463110.98,12970626.8,19826844.29,3326561.17,381015.45,706921.09
CORP-0429,Manufacturing,9795118.7,4488022.89,645228.57,5201518.67,2534095.95,9599997.17,1289731.77,405381.8,285270.28
CORP-0430,Technology,229078831.17,130634578.64,34737217.58,110464426.5,87268306.43,203936298.68,30583219.39,8789452.22,6829122.49
CORP-0431,Technology,11480227.49,4521874.31,1332219.07,6145696.16,2456510.22,11901537.29,1041141.88,389768.05,322699.64
CORP-0432,Healthcare,19917211.24,9405875.12,2041627.87,6138124.05,5040804.76,11241111.23,2025937.89,701370.02,429891.36
CORP-0433,Energy,19415703.09,8741465.65,2181550.44,10072066.21,5727174.33,22006628.14,4271853.0,2049568.34,886704.4
CORP-0434,Technology,97457249.87,43550552.83,15795612.02,20005095.44,34573036.58,107655929.29,13714879.15,2935893.75,973958.63
CORP-0435,Technology,29652302.06,12953063.14,1717173.89,10197630.57,7148969.06,28084418.79,3552619.79,1437209.31,357152.84
CORP-0436,Healthcare,138688653.05,50162138.41,16930718.33,22438902.51,33986611.64,160373980.58,26188094.59,11937414.54,673167.08
CORP-0437,Technology,20307673.46,10696315.14,1617564.86,15830698.57,9293983.04,9517706.14,1219827.42,714409.91,914111.68
CORP-0438,Healthcare,52640385.18,22919666.34,2544367.05,3191260.71,20248144.26,36590877.76,5367639.14,1888461.07,159730.68
CORP-0439,Healthcare,17272962.0,10148813.16,1579889.91,2778879.48,11163162.47,11278195.85,2875783.06,1243620.48,175397.06
CORP-0440,Technology,340235685.4,128691605.81,42405551.57,66222906.59,99308002.78,321283150.76,44224212.84,9712243.93,4105089.44
CORP-0441,Technology,12144677.68,6130914.47,1358229.44,8469975.5,3158512.02,7165017.99,946377.02,152181.57,304510.42
CORP-0442,Real Estate,54288376.99,31607514.13,11434212.78,17759452.54,20117670.41,51655338.04,6075851.16,2943612.8,582097.0
CORP-0443,Manufacturing,75058388.42,37456950.28,9641878.31,15481679.47,29079385.32,80620757.59,15092979.66,6028799.73,997623.92
CORP-0444,Manufacturing,60237105.9,33816019.29,3607327.43,28690958.32,18560421.97,56565086.86,7972214.97,4128421.64,1779741.24
CORP-0445,Healthcare,33089029.19,18140871.25,5714629.92,22573210.39,15544752.26,28349032.54,3331900.01,875155.89,1210211.43
CORP-0446,Real Estate,34976231.9,14271537.79,1899111.72,11482869.86,9278438.09,21070568.11,4552616.55,2057738.13,403540.73
CORP-0447,Real Estate,41608351.9,19973555.99,6727371.09,5129743.6,13985636.0,26239466.92,5798401.34,3402976.12,344056.36
CORP-0448,Healthcare,34380427.71,11925827.82,1794011.4,5118623.34,6582846.03,36096828.65,4330854.97,1914110.4,404773.02
CORP-0449,Manufacturing,104414500.43,48099350.38,9794659.06,59204786.59,55343310.98,99806667.73,5656343.52,2418981.41,3799155.56
CORP-0450,Technology,363221355.66,134074660.99,44027628.75,189422432.8,115589486.14,287742539.98,57656608.41,23111974.82,8957387.48
CORP-0451,Healthcare,22805407.0,11929988.33,4608189.52,5275536.01,14123314.56,16338206.14,1891449.76,459455.57,320057.71
CORP-0452,Manufacturing,10121748.87,4639987.08,981033.33,2989576.87,3323388.96,3996455.39,757453.3,405659.64,118113.07
CORP-0453,Manufacturing,36459694.63,15435875.61,5384343.15,15695805.17,7777940.72,21359165.27,1099886.14,372767.07,1190831.49
CORP-0454,Real Estate,525420439.74,199995578.46,31446840.7,265642945.67,154101035.94,621196083.25,120903311.01,54460694.01,16264697.29
CORP-0455,Technology,17828795.48,10690315.94,3657733.62,8151522.23,8250442.17,9697240.29,867334.78,211366.51,272893.78
CORP-0456,Manufacturing,205122271.46,65949508.92,19603373.99,106797595.77,35673648.44,171871123.43,32060531.02,9042802.09,5926186.26
CORP-0457,Technology,213191379.18,66743442.23,10533653.76,43500506.71,34628388.39,213508777.36,32178687.87,17489398.1,2912338.16
CORP-0458,Manufacturing,22894602.87,8360587.43,1594791.99,13899886.61,5708555.04,12569491.07,1285897.01,469699.31,764553.33
CORP-0459,Technology,70349278.05,41599057.33,5804369.16,49669973.31,23450807.27,58878272.15,7633461.08,4162736.61,2774642.4
CORP-0460,Technology,202935067.87,120497049.61,25893623.44,84015571.92,112696408.88,200415244.95,36939720.83,14486906.46,3497901.54
CORP-0461,Technology,27258399.2,13533204.25,2180126.02,9791854.01,6597734.0,21874861.66,3397050.57,733118.24,670723.54
CORP-0462,Energy,32489244.04,18324973.3,5372870.92,2658366.35,7766522.18,44629844.61,7998589.72,3912964.16,133643.95
CORP-0463,Healthcare,22260382.48,8106975.73,3229426.2,6064275.14,4745121.84,10379574.44,2582666.78,880717.18,181928.25
CORP-0464,Manufacturing,14436110.07,8540585.02,884828.09,8212415.76,12818555.5,14605672.37,1048510.83,492662.61,447011.15
CORP-0465,Real Estate,20805386.03,7132823.99,1870768.14,8595395.71,5586887.98,15925267.45,3676517.26,1479875.72,642224.29
CORP-0466,Manufacturing,11711241.3,3868662.83,1052663.08,6459464.15,2216833.44,11177021.68,1734872.68,426237.71,350077.5
CORP-0467,Retail,41205548.12,13748785.83,5145656.84,11400119.39,10326510.14,36601299.11,3845361.68,1601321.95,981205.71
CORP-0468,Real Estate,18439889.23,8702491.39,2191301.26,10980611.63,4332012.81,12048047.57,1005823.04,623230.4,729491.65
CORP-0469,Retail,50313596.76,26882168.35,7072978.76,13158645.6,15491697.69,42555203.83,5980877.74,2687200.27,856382.71
CORP-0470,Real Estate,8403042.11,3445248.55,832013.19,5017145.78,2829982.6,3600028.86,705902.68,278300.88,291365.85
CORP-0471,Technology,55443787.76,32898613.6,5943835.0,26520258.28,21745313.49,51044295.48,7331111.57,3720790.87,1564050.98
CORP-0472,Real Estate,91653797.08,39441015.68,4607055.34,28348082.35,34522682.61,78788508.77,17771358.49,7482929.88,1588871.62
CORP-0473,Technology,5423567.45,1871860.59,416671.12,211121.87,1311776.54,5031617.26,389654.56,164026.42,11710.08
CORP-0474,Real Estate,57890078.37,25459478.98,2947633.34,35799130.2,19918809.17,58562973.25,8749047.75,2544551.02,2433016.55
CORP-0475,Manufacturing,135932499.39,68470715.54,18154855.54,57339402.75,34758389.5,118740296.25,10375566.01,4392856.97,2635464.11
CORP-0476,Real Estate,11879906.26,6530001.16,1254988.47,3908173.36,2782981.48,9855782.69,1657561.24,834655.59,171418.71
CORP-0477,Technology,212100841.47,92821794.54,24141159.2,79295839.83,100074745.04,132305606.05,25712849.59,8135385.8,3421779.97
CORP-0478,Manufacturing,60552360.37,28948996.45,4061228.35,5513725.14,39617438.32,39816558.63,5134819.46,2785380.67,500011.16
CORP-0479,Real Estate,19677534.15,7481465.65,2841378.28,3594980.25,5336543.3,20412429.52,408248.59,159555.55,244297.4
CORP-0480,Manufacturing,37664588.82,18597830.76,6850629.49,23024085.58,20834784.0,40951467.55,6550081.06,2038536.2,1486604.95
CORP-0481,Energy,69603604.48,41469241.71,6510627.52,45505788.83,27309622.09,52368214.66,8998793.11,4497265.71,2008501.74
CORP-0482,Energy,42969683.56,13523250.01,2745669.87,6457950.55,7514693.29,34771091.54,5918552.23,2197680.22,447859.74
CORP-0483,Manufacturing,68254641.19,38629342.2,10972580.89,28582064.55,18415473.38,42254887.03,8949124.9,4259349.32,1664946.13
CORP-0484,Energy,15860247.94,7433456.35,956729.41,6095679.73,4703058.78,16408241.22,1582530.83,586840.63,385323.36
CORP-0485,Manufacturing,47174347.8,17720081.29,3656899.31,24525565.1,12454916.09,44017599.18,8099713.87,3191428.08,1112251.43
CORP-0486,Real Estate,9686904.73,5681049.11,996079.28,2633833.53,8016765.56,11510401.45,2412872.23,1084238.66,164361.83
CORP-0487,Technology,35632686.64,15856769.72,5940818.35,18571230.32,10497876.22,22246747.12,1358622.66,582971.0,996207.17
CORP-0488,Retail,16128401.73,6443410.61,2292263.88,8831407.94,4215471.23,11683388.74,1939239.14,388714.32,428463.11
CORP-0489,Real Estate,19086084.31,6765049.0,1853283.97,8315575.04,3853449.29,16152346.73,2015667.64,580261.58,590502.25
CORP-0490,Real Estate,137082456.53,51177769.8,13106826.49,78432182.58,42066060.82,127390440.01,18589305.54,9163430.83,2896844.26
CORP-0491,Manufacturing,118605108.93,65215578.07,24730904.02,25250218.96,49182965.98,89768230.42,15025749.7,5811754.75,1728924.0
CORP-0492,Energy,73231639.63,35467767.6,13468116.33,40885133.3,39027071.76,45799637.31,5754201.02,2000314.89,2872887.6
CORP-0493,Retail,13358817.82,7667609.9,2996494.57,1776448.23,13141105.25,13041966.77,1515666.9,400352.19,83147.27
CORP-0494,Technology,29022778.65,10726544.31,1476119.08,16128061.44,10151933.08,27404093.32,4157409.8,1214073.28,769229.07
CORP-0495,Manufacturing,133966148.11,45058384.87,6676181.18,73288679.18,51680183.63,82622976.12,7901871.66,1563149.33,4152141.89
CORP-0496,Manufacturing,45888124.39,13850240.93,4196913.99,19641911.86,8472728.15,49150245.08,4704108.2,1833999.73,1261610.67
CORP-0497,Manufacturing,404972426.48,183192764.45,48075340.01,121197193.69,141708201.75,418757583.33,77038273.21,26205049.5,6993947.68
CORP-0498,Technology,59015922.56,35379578.12,3733952.59,14774467.62,27539064.64,48797864.39,4516744.88,1370114.86,982552.87
CORP-0499,Real Estate,48256887.25,24538124.36,2910037.78,23471664.6,22181660.5,39373738.81,7217821.54,2837958.34,2029000.88
CORP-0500,Real Estate,29235185.82,11475347.71,4204844.12,2736753.67,22950695.42,26627745.04,4610049.91,2011812.24,143362.78
CORP-0501,Energy,45514472.25,25627268.37,9242762.35,9993066.98,12184173.58,28567585.7,1820031.27,1108981.08,342485.39
CORP-0502,Manufacturing,34192954.21,18276704.36,3786590.94,16944386.34,16616820.41,27559736.37,3200285.3,796268.29,1226584.7
CORP-0503,Retail,80850204.77,24628957.23,9046589.98,18784990.13,18448215.28,29876033.75,6265167.7,3232438.75,1601415.12
CORP-0504,Healthcare,103667821.03,56504990.14,15714180.28,31591296.57,61549384.83,101106306.23,10205844.8,5075470.27,2081598.72
CORP-0505,Energy,18146904.25,7080160.36,2419798.4,7897623.52,3748551.89,8850269.8,1122035.32,361397.17,344997.97
CORP-0506,Technology,10519771.52,3628290.65,828082.31,3826159.81,2329752.71,11578943.84,2004350.43,842475.78,222459.11
CORP-0507,Real Estate,6348915.87,2335761.4,313037.57,909755.71,1997309.54,4659951.75,881520.86,312267.02,39321.6
CORP-0508,Healthcare,66186781.58,29160171.22,6710283.75,19517592.39,21710962.82,50147514.0,6891424.61,2884535.73,1359260.42
CORP-0509,Real Estate,13211964.7,5647591.43,1339551.87,5233156.31,2601052.06,8910852.12,1070411.57,589703.76,207916.67
CORP-0510,Healthcare,4625566.5,1788550.17,474472.42,2660827.66,1216028.9,3433984.6,759317.5,349711.74,147670.8
CORP-0511,Energy,58736893.96,20655738.99,2719840.59,41927254.35,14471830.51,63653540.21,15082387.01,6800057.64,1883998.35
CORP-0512,Manufacturing,481780665.41,254702616.73,101224056.3,228267801.03,226715212.01,145708910.34,28987753.55,10347731.37,14130317.94
CORP-0513,Real Estate,39583744.06,23632798.9,4094170.81,1771380.48,31842943.31,41776409.45,6444675.7,1621443.89,96548.87
CORP-0514,Real Estate,92109696.17,49125552.7,7838754.24,69481213.91,34210363.45,79914804.97,8757600.87,3320472.21,4353097.52
CORP-0515,Technology,43220667.73,16803378.32,4335958.46,20574925.76,10307593.98,24142877.87,2618965.79,1363592.86,1241393.46
CORP-0516,Technology,36074988.61,13471940.73,3518365.1,11344205.67,6944894.37,21101614.42,3716536.72,919037.15,512759.4
CORP-0517,Manufacturing,99839702.52,36471419.65,8459407.97,33127303.81,60724834.29,113345878.24,19373067.43,5705195.22,2299139.43
CORP-0518,Healthcare,29791255.11,10159071.88,3368419.53,13888316.7,9675661.62,18199436.76,4005330.76,1652706.71,823139.91
CORP-0519,Real Estate,52033188.54,24216202.49,6175042.53,9563732.99,19102417.3,29624049.92,5407055.79,1630413.98,432013.57
CORP-0520,Technology,54937009.56,26458768.68,7485414.17,9363353.9,17655567.48,56445739.63,4224736.98,1355074.48,876540.06
CORP-0521,Manufacturing,20417635.0,10446699.25,3312898.17,7393964.41,7244658.03,17716597.81,3589336.32,1283690.75,496478.48
CORP-0522,Manufacturing,107396950.9,54134937.87,5819913.48,80197234.43,37300367.29,65771491.3,6583526.9,1734352.87,4627467.98
CORP-0523,Real Estate,33432540.27,12961795.64,3515151.55,15503414.08,7793107.39,28194496.86,3687880.69,1115907.76,1259312.37
CORP-0524,Healthcare,18704128.64,7464692.45,2726541.18,3095477.54,6555550.63,11126140.88,1808109.27,850431.16,271248.13
CORP-0525,Healthcare,68101503.15,34354100.23,3614622.41,1636664.94,18335323.91,69474720.91,17353630.23,4672690.91,94631.57
CORP-0526,Manufacturing,16216373.8,6564944.21,1454493.79,2629644.12,3923161.73,16415416.7,5014842.96,1204629.4,171481.62
CORP-0527,Manufacturing,40963056.49,14901825.67,5630926.56,16708407.0,10860857.85,37128965.19,6695694.75,2256432.4,754885.12
CORP-0528,Retail,39463273.14,16270740.9,3350899.22,10267613.08,7601859.78,34425084.36,4848434.7,2294257.73,593387.01
CORP-0529,Technology,117964650.54,45018288.93,10697184.92,66274796.95,21209366.47,135923308.77,24021085.13,9135406.5,3778595.36
CORP-0530,Real Estate,64019496.83,20901969.84,8245041.56,11974311.68,11158678.69,51211581.23,9954649.08,3519385.47,751656.35
CORP-0531,Healthcare,38840459.86,21325030.97,3407679.34,13035851.13,42650061.95,21891460.98,2932725.01,1186099.22,847218.31
CORP-0532,Real Estate,90220415.85,50156544.04,5997546.83,58878963.79,23530240.59,80286677.34,19249579.35,4339418.36,4027169.61
CORP-0533,Real Estate,159923726.32,58520103.95,20940060.2,29865563.23,32190986.42,194660664.54,31438386.02,14130629.14,1898393.77
CORP-0534,Manufacturing,69567656.12,22222111.87,8011951.38,17821873.34,9651031.25,41535237.0,7263979.41,3184118.18,745646.87
CORP-0535,Healthcare,40239216.78,20990716.26,5071847.19,12140471.34,10521736.98,29282377.7,5367348.93,1927249.43,557526.79
CORP-0536,Real Estate,10725812.39,3898388.63,991212.68,3975354.98,1829081.23,9473994.33,1620804.61,811362.55,205938.83
CORP-0537,Healthcare,13727152.13,5738370.29,2012686.96,4871457.71,3099372.53,10833729.69,2079502.18,597337.81,271663.62
CORP-0538,Retail,29349183.83,9369450.34,3012914.0,2353058.02,4594044.97,17713385.39,2110325.63,1082155.78,178271.47
CORP-0539,Manufacturing,21649389.16,7964396.24,1429965.14,3629904.13,3466323.41,22177018.79,2707479.39,1124820.6,154473.89
CORP-0540,Technology,33033365.92,17767679.1,1866814.62,8971296.95,11198433.07,41754443.56,3966350.14,1453051.52,490180.67
CORP-0541,Real Estate,42145982.56,22814418.35,5564665.89,11257008.28,26190121.15,35370016.66,6082760.79,2421015.66,836341.03
CORP-0542,Energy,67638827.97,24493740.84,8760766.86,39222462.37,17787554.57,41881038.47,7913289.25,3080433.99,2176918.75
CORP-0543,Retail,37113866.65,14874278.49,5484896.19,24792809.86,8982170.26,18193510.45,3145451.34,1642014.58,1658793.56
CORP-0544,Energy,64779622.47,22042660.97,8527597.06,37344168.19,14407391.39,55166015.31,12893656.06,3769229.39,2162483.87
CORP-0545,Energy,42477046.89,13688304.36,4980749.22,6919367.92,13669505.87,43359527.45,6491797.08,2101706.82,441813.74
CORP-0546,Manufacturing,5523561.63,3301164.97,904562.34,3697019.48,3894844.66,4943772.97,906871.29,456727.85,209151.16
CORP-0547,Technology,15567011.82,7731795.18,1804459.35,6637281.17,6424238.28,12446125.33,1187546.5,404296.06,464649.39
CORP-0548,Energy,34480773.76,15951804.25,5303256.35,10744564.63,8749844.12,23520910.5,3072889.7,1505879.76,395659.5
CORP-0549,Manufacturing,11879268.04,6291848.97,2025638.69,3797587.38,2950960.56,6908593.52,1276548.41,727560.59,207159.61
CORP-0550,Healthcare,72560316.81,40054974.5,10472093.86,38825034.48,21458477.52,70162217.59,13503076.99,4858683.88,2502218.73
CORP-0551,Manufacturing,184056039.62,99761029.48,12589663.52,111284496.66,51878595.1,180881868.84,24473615.78,11456986.29,7567949.91
CORP-0552,Real Estate,134727105.76,41086625.37,15523529.74,67512377.0,27994385.53,66131344.52,9682953.94,2756066.65,5562634.32
CORP-0553,Manufacturing,32170393.44,11454023.11,2710946.91,1250342.62,14261072.56,35965463.84,2665267.91,1267263.81,67686.84
CORP-0554,Manufacturing,176834732.0,87793420.68,18348836.74,116579724.14,66615552.6,161770931.7,21377792.43,8977441.43,9581947.08
CORP-0555,Real Estate,46208182.8,19071401.83,5509160.01,4138087.86,13656627.68,49901091.28,9706718.27,4341852.24,207378.79
CORP-0556,Manufacturing,28428821.47,16907893.6,5108743.53,12454913.45,12994287.13,15112035.14,2701431.19,906175.62,995517.45
CORP-0557,Technology,21565326.68,10774499.52,1758467.01,11317084.32,7079739.57,11361372.52,1988618.37,465121.25,817795.23
CORP-0558,Technology,29430152.84,17274460.03,6064745.99,15136909.9,10303465.78,22667284.36,3456504.37,1556551.04,700810.49
CORP-0559,Healthcare,27012848.51,9736347.54,1820513.25,3260520.61,5288027.05,24326606.72,3657582.14,708326.2,210647.85
CORP-0560,Energy,47224161.81,26407142.49,4119650.96,26928190.76,19015015.97,54745656.28,6404362.74,2358502.33,1594996.12
CORP-0561,Healthcare,46761650.02,18536584.23,4113637.95,17897042.65,25100445.04,44012803.03,8139790.34,4022018.44,1241764.27
CORP-0562,Retail,39946276.43,23842711.74,7609831.2,11936818.95,18244428.66,30018178.47,5134568.82,2152358.74,676231.85
CORP-0563,Technology,61647187.73,21410475.27,8342323.06,13355612.39,14109191.94,36663195.14,6401428.42,3807788.97,739784.82
CORP-0564,Technology,130991929.81,59588483.74,20426001.41,63449482.31,29957161.36,137017573.59,16948835.15,8516974.66,5109994.08
CORP-0565,Manufacturing,102929426.88,55360938.11,21153664.31,57353549.81,43492768.0,62484226.19,2645135.62,885089.26,3356283.08
CORP-0566,Manufacturing,9021327.3,3877301.01,551281.41,1465291.9,2274053.57,10155251.4,2080380.79,837834.54,106081.76
CORP-0567,Manufacturing,3097416.28,1364180.24,165547.42,1269429.41,844152.58,2301761.5,290155.74,114687.81,71874.75
CORP-0568,Manufacturing,101373260.51,60409009.05,16148018.51,55728836.39,39806663.7,113347106.56,12112409.16,2928566.43,4736948.24
CORP-0569,Real Estate,10151391.03,4340658.11,812090.45,1161606.62,2318463.42,9499532.23,1754316.1,536750.74,57877.03
CORP-0570,Retail,31808197.52,15306792.66,5333139.0,16817216.84,12387508.73,24575042.1,3204569.96,1102128.23,854110.24
CORP-0571,Manufacturing,12358899.56,3909884.93,1179207.07,7280362.26,3078830.35,8603286.13,1746439.72,342962.25,603307.3
CORP-0572,Healthcare,6569968.28,3630978.54,1420505.79,1842457.55,2428358.88,4808023.84,869532.54,351942.73,98250.53
CORP-0573,Manufacturing,68439638.72,33840007.75,5970653.36,48245363.45,27203860.09,60614478.91,11163881.75,4187491.84,4053387.98
CORP-0574,Energy,85084476.35,35838094.57,8806682.57,48217995.11,21041563.6,69380545.09,5668544.17,1319130.37,3538121.18
CORP-0575,Real Estate,22375778.15,6821275.26,1707857.31,5445883.72,5615498.2,15243224.06,3210180.29,1413831.74,314119.96
CORP-0576,Real Estate,2984544.53,1425121.94,244769.02,555855.63,896009.13,2288768.76,373212.42,176002.23,18232.4
CORP-0577,Technology,23063354.99,7006586.09,1941020.67,3796339.52,4799258.74,18813133.98,2474607.08,1046024.95,226680.29
CORP-0578,Real Estate,58926649.84,17699272.43,4123679.07,34138811.19,11159900.96,22053486.16,3466133.7,1274127.12,2100371.61
CORP-0579,Manufacturing,9075494.54,4400068.1,1029688.39,5663711.17,3343254.0,8092016.08,495136.21,227338.93,438984.43
CORP-0580,Retail,47839390.15,17064555.41,3563437.43,15737255.28,12507327.14,28897658.94,4925104.32,2305057.35,1319202.3
CORP-0581,Manufacturing,39219716.52,14023647.55,1473588.14,8524709.37,9115713.57,22329099.24,2200117.96,947679.59,423892.81
CORP-0582,Real Estate,71078218.64,35253479.35,9047050.03,28334841.65,22300616.61,32875888.83,2707871.43,859854.18,2040610.88
CORP-0583,Manufacturing,44883480.54,14188079.17,2845764.77,24721274.65,9469329.93,19803556.63,1463127.18,625721.08,1767102.23
CORP-0584,Retail,15050639.79,5930278.2,595375.98,7162631.48,2717637.17,7960441.41,1636940.74,850469.39,545084.78
CORP-0585,Energy,131770390.72,45438327.25,8741566.81,108290493.24,41168897.2,86730718.85,10280784.5,3498932.32,7307480.24
CORP-0586,Retail,33986380.44,16111342.58,2957857.22,17844321.1,10927993.36,40465945.98,9173079.03,5593687.95,550720.98
CORP-0587,Technology,38752098.24,19319065.96,4212221.84,4047836.02,22191834.66,26925890.42,3317536.99,1152634.79,233433.29
CORP-0588,Technology,15661750.77,8086800.23,1128558.23,6366431.83,4904561.13,13086176.19,845787.08,341055.77,271619.91
CORP-0589,Technology,25564564.44,9626831.8,2428899.22,13349774.85,9134471.15,22499277.99,2118842.01,705047.73,760415.37
CORP-0590,Technology,16439495.93,5372015.06,1653141.51,4584069.25,3868444.08,13582525.86,2876651.04,1214887.65,342430.26
CORP-0591,Technology,33499931.1,10840748.46,3133579.82,13022015.33,8023205.22,26281074.76,3737302.63,843800.08,840926.1
CORP-0592,Energy,220566210.06,94368252.6,32191510.24,13758811.06,58528157.69,123724684.98,15166869.09,5238573.19,1062474.14
CORP-0593,Technology,10100534.05,5896220.32,1389164.17,2919906.38,4610443.17,11011455.87,1739820.06,505918.59,190162.72
CORP-0594,Retail,7932181.12,2897774.18,741040.6,1786577.79,2296398.56,9212747.11,1613051.94,667051.55,72401.26
CORP-0595,Real Estate,173410179.78,65379536.11,22433064.5,42462259.48,31518195.96,80370114.49,16545790.71,8263708.1,1273867.78
CORP-0596,Manufacturing,32303182.83,10668663.67,2435766.35,11892847.52,6610786.38,19226669.7,4276491.27,1986860.49,740117.25
CORP-0597,Energy,20397588.91,9824928.73,3050441.95,9894700.39,7702324.71,15176579.86,2003484.1,326235.46,561930.95
CORP-0598,Technology,112662218.97,56777461.67,13080431.97,8400640.8,40564992.02,68396381.52,5724614.06,3458851.69,380933.89
CORP-0599,Technology,21733914.1,10712197.73,2413681.59,16290775.99,4963620.48,19586453.66,2533052.24,1088016.85,561878.5
CORP-0600,Technology,247274524.73,138063028.89,45293190.22,132688958.41,98200217.16,161802987.24,26376156.26,8502356.24,6498952.83
CORP-0601,Technology,78446378.38,34981417.04,5332954.62,52916426.85,28572834.54,96725264.2,9847797.79,4093855.51,3020608.69
CORP-0602,Retail,24448724.18,8320808.19,1677273.5,5512909.36,6786947.58,25380458.19,2592422.29,1082644.76,385838.42
CORP-0603,Technology,344397893.22,133220523.16,22281356.71,201496203.2,104050130.67,290160324.24,48511728.8,16169693.11,12659898.89
CORP-0604,Technology,21731754.22,10838255.88,2251463.22,10517017.8,8586791.36,21849045.99,3224206.52,1353495.03,884702.15
CORP-0605,Technology,83645264.42,40479004.21,6845503.44,26077566.72,40964811.62,85416878.22,12952602.58,4394206.32,1159563.5
CORP-0606,Manufacturing,53719820.08,24673563.8,6756156.92,13162517.33,23491473.75,36916824.55,4137461.72,1487681.46,963705.33
CORP-0607,Retail,146383623.13,73907528.76,25088002.34,25976728.23,63262269.61,93210731.0,12907818.7,4277290.81,1577033.69
CORP-0608,Manufacturing,189805647.12,93235808.99,31325732.43,89431106.38,53687829.01,154810916.63,16067568.48,4125072.99,6297741.81
CORP-0609,Manufacturing,41119957.64,23207999.93,4858601.5,11556523.63,17222940.52,39982054.3,7776906.21,3224178.14,617722.5
CORP-0610,Energy,18747709.25,8920252.17,3538022.87,14982143.35,6294566.24,15519580.19,3131268.78,1435780.5,1139769.64
CORP-0611,Technology,63083647.57,33660198.39,9362796.56,24855951.73,16762753.07,30570380.0,1763623.77,796255.61,1601428.49
CORP-0612,Healthcare,20222059.69,7575429.19,1665231.53,962708.45,3753923.91,12930694.99,1338643.18,645216.01,47950.9
CORP-0613,Energy,298233485.93,150147072.67,52650840.33,96096349.23,108241408.79,234174551.75,17603729.39,7612451.48,5748448.97
CORP-0614,Technology,45650966.24,26051099.85,8309316.22,12604520.89,20880057.62,35829931.4,4209974.06,1459713.57,710978.95
CORP-0615,Real Estate,27637343.7,11489388.19,3731553.38,8205328.19,9954176.67,33013040.18,4814228.97,2329925.0,552527.73
CORP-0616,Real Estate,47902598.33,25567113.98,4061126.53,34828445.85,14386903.2,25043593.93,1941322.78,512991.14,1473359.89
CORP-0617,Technology,10353898.88,5357488.21,1288461.41,5088385.59,3777888.43,9330083.08,969461.03,300467.83,303062.84
CORP-0618,Retail,15072552.94,4790929.41,1717780.26,6240843.91,3560964.86,16546989.58,1651424.83,501339.54,411456.4
CORP-0619,Healthcare,132277680.08,62759475.07,15765895.74,51478105.72,53433502.98,165914564.61,26606618.13,13516311.16,3114186.0
CORP-0620,Healthcare,20647518.92,7000681.79,2135458.73,5153763.07,5872397.82,14848054.45,2278689.59,1126308.07,413353.02
CORP-0621,Technology,13979311.12,8250530.03,2280282.48,7408258.27,5067820.68,12557417.94,1430454.69,641888.68,530507.91
CORP-0622,Retail,68111236.16,37013161.26,13054802.41,17027494.97,38008033.17,62250405.38,9887919.36,5015083.35,1019739.01
CORP-0623,Manufacturing,130346149.04,43394467.2,8043956.53,74277724.3,22863892.55,109372977.41,13416345.18,4186861.94,4698091.05
CORP-0624,Manufacturing,81731767.12,27504831.91,7498988.43,14229405.05,21380210.89,63769655.1,8699280.63,3782964.93,916871.48
CORP-0625,Energy,107827974.43,51578665.82,7064750.51,46129760.85,35814896.09,95664448.17,22354160.76,8661847.38,3046847.37
CORP-0626,Manufacturing,18684500.94,7538574.91,2314819.18,3331915.4,7810304.65,5484849.88,1190338.86,576943.21,108670.85
CORP-0627,Manufacturing,9608794.52,2983259.33,953420.9,5044605.49,1995419.61,8997808.73,765002.14,297186.18,279860.11
CORP-0628,Healthcare,178720493.03,82656879.11,9327927.69,117071406.87,60392045.63,147486509.85,28241693.4,10209533.46,4417503.86
CORP-0629,Technology,28841335.06,12008191.66,3635327.39,10397169.26,8113819.76,21789773.44,4152473.37,1885600.17,823187.71
CORP-0630,Retail,30989747.55,10236624.76,2297170.73,13696180.56,4900993.6,37478146.58,3469982.99,1692022.41,809269.74
CORP-0631,Healthcare,150307558.35,81252676.35,11150228.63,97327717.54,51717746.25,99956509.79,19085584.25,6358657.85,5557401.55
CORP-0632,Real Estate,69457805.38,39905108.78,9017447.79,36841542.87,33756773.98,49966889.59,11337317.16,4465683.44,2706083.53
CORP-0633,Manufacturing,62826516.03,33108203.09,5240031.29,13601818.83,27238967.34,75285683.92,7067274.91,2078880.87,902274.91
CORP-0634,Manufacturing,347057956.26,189745848.71,42629793.7,106792257.29,109171530.5,219891665.82,22896188.69,3438867.83,4599594.03
CORP-0635,Technology,20925556.51,7636722.63,1644199.43,13693037.51,3781534.25,14438151.52,2900380.25,1218293.02,807018.6
CORP-0636,Manufacturing,100718507.38,38179554.47,12275394.57,31403937.11,23673320.17,77613169.66,12695556.03,5851261.62,1726352.79
CORP-0637,Manufacturing,42161292.76,15285925.03,5078972.8,19272910.14,8609435.84,40818324.73,7248265.59,3089259.22,652041.22
CORP-0638,Retail,52095664.01,27585645.44,7782147.71,15394744.81,15818408.81,43841653.13,7322847.68,1501504.72,764285.29
CORP-0639,Retail,183636428.07,107312560.36,11461630.97,66436096.56,51901346.06,99434522.14,16857611.43,6151596.24,3803260.26
CORP-0640,Manufacturing,66176485.66,34084275.84,12928393.63,45739917.46,47328496.16,45897779.47,3840560.66,684254.35,2665527.36
CORP-0641,Technology,68223257.18,38507937.29,11778422.16,16674501.51,21794220.43,46291466.2,9367813.54,5030235.88,629738.04
CORP-0642,Retail,116395838.08,57221326.35,6309145.34,42495346.89,30219960.42,91319028.81,19038145.43,5547611.66,3283827.24
CORP-0643,Retail,27647538.83,11509614.3,3978296.68,8632590.94,11933114.35,24472736.88,3390219.57,1781697.21,504734.25
CORP-0644,Retail,17206371.9,7359655.38,1178132.5,10676210.36,6423535.97,15204258.28,2247587.0,1111627.23,646586.49
CORP-0645,Technology,14008723.57,4519164.21,1237195.12,4221558.61,3896883.04,6231047.31,457636.93,141840.43,278663.5
CORP-0646,Real Estate,5574111.06,1724837.09,413944.19,3718344.41,1427273.51,5645393.89,991967.62,284418.45,179145.58
CORP-0647,Manufacturing,311281165.22,158330886.5,35775122.63,198168903.5,121111673.14,264748917.11,47284916.98,20570689.45,13246667.65
CORP-0648,Energy,13214055.53,5702243.78,2092233.74,2001484.08,3570505.29,14230301.1,2090295.32,659629.47,109068.63
CORP-0649,Healthcare,31920097.22,14864056.77,3436694.6,8677046.17,8050858.16,28371848.54,5850776.44,2400272.05,403927.06
CORP-0650,Manufacturing,30194993.79,14110071.51,1729940.42,8353526.25,7301358.84,30806883.01,4106438.54,1444305.23,573066.21
CORP-0651,Technology,54157482.23,20753837.37,7969299.6,19409163.3,17816428.92,48379369.66,8622669.39,1913233.74,1598831.92
CORP-0652,Manufacturing,90037536.41,39865717.7,14995911.07,20400726.56,34304339.35,96272199.23,9532563.47,1686817.59,1445849.28
CORP-0653,Manufacturing,94156936.78,41544683.16,12684830.09,13752101.76,20502439.92,85160253.45,12673752.66,5356795.07,1015519.33
CORP-0654,Healthcare,22229317.0,9259136.65,2225597.92,13876945.04,5264769.1,17348135.79,2450984.3,842756.8,724245.27
CORP-0655,Manufacturing,33695615.61,18404633.36,2353176.7,11326674.14,12004488.89,42270709.85,6816802.77,2349690.69,408164.68
CORP-0656,Technology,52829481.28,22999272.47,7755916.68,34057428.29,13614396.77,51657059.03,6794125.14,3190428.65,2804699.47
CORP-0657,Retail,31056195.33,14940929.28,1832405.98,4620003.29,10040417.49,28408620.02,4074545.25,2107942.47,419578.18
CORP-0658,Manufacturing,198707723.32,112996346.29,13625132.82,124806949.82,66086154.95,108243869.68,20707307.57,7718556.29,10376712.1
CORP-0659,Energy,65070050.77,36430774.97,9516270.45,25915421.61,26678007.25,35289992.2,4522828.5,1655084.45,1424394.78
CORP-0660,Manufacturing,83043721.0,47096308.22,6972065.51,19568408.64,29297458.44,71296613.36,4967316.68,2235363.56,835189.17
CORP-0661,Manufacturing,77275017.21,29441897.39,3012467.86,39055777.88,32867272.61,64069044.38,15215065.1,4021439.74,1719030.67
CORP-0662,Real Estate,128761685.88,39979827.01,9072783.24,32272642.14,32639623.45,87194257.34,19101881.72,8067017.02,1121281.05
CORP-0663,Energy,47727655.07,18056328.37,2548924.66,31318082.85,14689549.34,39527878.79,3375161.66,1536335.1,1828641.58
CORP-0664,Retail,10887958.94,4176753.92,618805.41,4881127.09,3093332.73,12169748.1,2245140.73,1050777.55,410430.4
CORP-0665,Technology,59393060.55,34020826.05,4187051.64,16225565.64,30123061.59,55774864.7,6963562.22,1436755.09,939055.59
CORP-0666,Technology,20762169.32,10272557.06,1659306.89,6420926.33,7984374.63,11871773.08,1937168.98,627380.21,414373.48
CORP-0667,Retail,23473514.91,7617418.21,2396784.49,10298469.48,8518368.81,18255311.1,3006854.32,938660.76,830406.32
CORP-0668,Technology,71582702.59,24382040.51,8355193.56,22296650.23,14179890.32,45741826.83,6325161.97,2593244.91,1202649.44
CORP-0669,Technology,137382981.82,47631069.64,11229505.42,87899270.6,32468469.82,99253711.34,10998474.14,4928135.34,7957782.19
CORP-0670,Retail,40680994.54,19898153.47,5013661.02,23214156.14,24327840.75,29179536.31,3369447.06,1852087.47,2086521.23
CORP-0671,Technology,54234782.96,28235940.91,3100207.78,37774376.4,24214659.9,38206825.47,3980784.59,1395278.74,2192172.85
CORP-0672,Real Estate,218482165.04,121889708.33,14723652.5,78104256.65,74566672.63,119940793.33,13002648.22,4554083.27,4009637.13
CORP-0673,Technology,50665369.08,29496920.13,5228928.4,22021033.7,22994326.46,39238760.95,5754014.5,2963128.75,1551570.56
CORP-0674,Manufacturing,537093694.11,193628381.99,50957089.55,20486189.27,158552791.78,369455189.96,42196216.36,18129929.01,1122379.43
CORP-0675,Manufacturing,70105348.39,27546616.9,8866301.34,10672526.22,18737118.42,15010274.51,2763430.61,1455678.94,455201.09
CORP-0676,Real Estate,6846425.44,2547533.44,717133.0,2861123.89,1555803.55,8288244.33,1859569.63,797518.83,226654.17
CORP-0677,Technology,84591269.44,34481809.76,7504564.4,42003891.41,37259142.89,86093096.98,10417035.55,2961441.72,3286666.34
CORP-0678,Manufacturing,58302666.33,33489024.27,4537669.75,17918196.06,19469781.2,42254265.94,6843932.96,1825189.08,1116889.07
CORP-0679,Real Estate,144639175.48,68346894.89,22843717.35,56660034.1,57926856.31,116255734.75,20342923.19,4980939.83,2326292.65
CORP-0680,Real Estate,78075069.5,40712835.96,8514512.15,19711362.15,27272273.69,44164656.68,7666989.41,3574390.21,819147.17
CORP-0681,Healthcare,34675502.51,15501189.99,4973032.94,10650946.84,10432667.07,39500410.59,6075074.8,3152111.38,656188.21
CORP-0682,Retail,11707049.78,3613467.24,917436.4,1899877.53,2802933.12,13807970.46,2583942.41,1511441.49,99747.25
CORP-0683,Technology,32312888.8,10316169.12,3317665.71,21635172.16,9459722.71,26862956.44,4677175.1,2265205.17,1187416.26
CORP-0684,Energy,17012850.8,7849336.52,2921419.98,7585750.78,5664424.3,17092915.47,1506174.36,777613.51,571430.41
CORP-0685,Real Estate,22286162.99,11491563.77,4324377.2,8197577.33,5344584.94,18610224.34,3600293.12,1231294.37,582009.05
CORP-0686,Manufacturing,71741389.93,26156850.38,6814697.43,11589165.94,27379911.35,38213403.76,7427330.71,2112024.01,934922.82
CORP-0687,Manufacturing,211535735.5,109273622.46,27695673.83,70990181.19,50196314.54,151805516.55,16977275.42,8234113.26,3204543.04
CORP-0688,Retail,59095865.95,32100858.55,5768637.91,8171704.97,22993047.35,48835972.25,7418032.39,3277049.89,448235.39
CORP-0689,Healthcare,12044478.99,5101670.86,1942409.9,5628871.85,3369333.08,8540625.1,1572896.6,646058.53,401815.47
CORP-0690,Technology,62121497.85,32547053.59,7725881.26,27871657.76,30551557.94,46980584.46,6555403.39,2876098.99,1859629.76
CORP-0691,Retail,131778295.2,55506201.98,7675251.73,42702930.64,46585450.1,103013740.59,20978635.2,9069453.11,3543732.84
CORP-0692,Manufacturing,21643529.42,10897629.37,2504400.27,4880258.99,8390303.47,16964724.31,4549830.9,2404047.32,323600.46
CORP-0693,Manufacturing,34829762.84,18431879.66,2545737.03,29887810.0,17039386.71,28227840.44,3124841.65,1654599.15,2621807.61
CORP-0694,Retail,40414055.66,24150549.97,6055979.96,9169805.09,17050261.53,23758574.09,1923203.59,873946.09,624466.18
CORP-0695,Technology,18166716.01,7332431.72,1967897.49,6799287.47,5483447.94,11928207.05,1970431.61,954832.32,516286.98
CORP-0696,Energy,76154934.42,32237315.43,6490233.25,44040798.27,14389651.47,41358461.43,7695904.97,3473979.64,2428730.05
CORP-0697,Retail,35287941.09,12339699.6,1499214.08,9937938.78,11938444.59,35131372.38,4864173.23,1721348.35,598406.11
CORP-0698,Manufacturing,60583458.03,21884072.88,8382717.33,41905181.44,14200513.11,22953291.8,5110849.57,2431008.65,3086910.24
CORP-0699,Technology,16395341.9,8329137.01,2765322.91,2755523.01,5208515.05,16898975.14,1403792.96,365758.95,232000.36
CORP-0700,Manufacturing,25713885.6,14788407.3,5200555.26,2920997.99,13796806.27,27700794.44,5114838.98,2584984.15,207211.37
CORP-0701,Manufacturing,82012428.25,34312481.56,7207697.66,36895662.42,19333905.59,60653429.86,7260637.64,2036955.23,2167709.58
CORP-0702,Technology,27430520.76,9709124.28,3187013.34,7444222.53,7241998.49,7663335.42,1808308.79,775005.58,600451.18
CORP-0703,Retail,223956826.24,86342041.58,21206630.17,148229924.49,171639096.51,162981867.64,40684473.82,12835325.12,4446897.73
CORP-0704,Technology,26705065.23,11657175.21,1868937.16,3993071.74,6608601.33,21021243.74,2347382.81,1068854.7,154398.04
CORP-0705,Technology,49857760.82,19304680.63,2651054.13,17285722.76,18329137.12,29808975.79,3652259.6,1448513.47,1213881.47
CORP-0706,Real Estate,101198129.54,37450768.76,7621802.97,63148154.14,34648084.46,70530676.08,13610967.15,3273769.76,3802253.0
CORP-0707,Retail,9641953.27,5021484.39,709363.17,1982769.28,2828748.98,10664376.73,1393231.16,615905.65,136975.06
CORP-0708,Healthcare,6846110.15,2069945.2,826903.14,2860951.87,1520748.92,6387321.04,943595.35,322905.81,174421.11
CORP-0709,Retail,8661025.45,3999394.43,458957.3,907172.12,2142025.31,5327285.69,805855.42,393349.86,62199.52
CORP-0710,Energy,140762425.74,75748490.09,17599637.48,22473283.25,38178404.03,67633553.7,3653317.18,1461811.19,1073862.42
CORP-0711,Healthcare,22934247.01,8711997.69,2052791.09,9821095.78,7014329.28,16847418.42,2515456.25,1105648.92,673307.72
CORP-0712,Manufacturing,514239303.28,247342652.81,47041994.9,84005698.24,136104095.37,389437869.53,44985374.69,13686490.05,6293389.2
CORP-0713,Manufacturing,22651857.18,11341106.05,3078038.22,9215087.19,9468156.28,20369452.37,2553185.76,870806.84,721617.44
CORP-0714,Manufacturing,47896419.17,23780926.98,3448070.5,8848117.73,9936681.53,33189184.6,7374026.14,2611409.13,798129.55
CORP-0715,Retail,186158673.73,80747235.09,27064350.7,111581894.81,66033774.48,167970955.49,14642810.14,7111577.23,7103468.19
CORP-0716,Real Estate,296065978.61,119602778.93,23888779.18,101731701.67,62604998.55,351439437.81,67005534.36,38041568.55,6521883.71
CORP-0717,Healthcare,312934223.12,172357042.05,47812322.09,120526834.39,93798933.49,301387014.28,41004261.91,13100157.42,4477862.73
CORP-0718,Real Estate,133333788.56,70338078.43,22134814.46,54299228.14,43246777.68,105384666.27,14333578.34,7276940.06,2825125.25
CORP-0719,Technology,110891469.18,43954778.2,16118772.55,28602844.01,35683872.6,84651210.38,16042978.44,2936382.57,1633330.19
CORP-0720,Healthcare,72025224.02,23833561.37,8359293.49,37882696.26,16557511.78,52482286.74,8764676.49,2459202.22,2869795.82
CORP-0721,Real Estate,86734395.02,27888773.71,7878375.22,56644328.31,43674151.29,89867951.08,16044183.71,4879391.71,2879513.47
CORP-0722,Technology,22949673.86,7533983.04,1631242.59,5861001.98,4739045.55,15480411.29,3071456.53,813165.45,421670.38
CORP-0723,Technology,17571715.91,8344119.22,2094051.85,6189809.46,5088354.97,14216300.84,1896946.14,458380.27,371238.0
CORP-0724,Healthcare,39690623.85,12522338.35,4140140.99,8420005.69,8061246.44,32158914.41,3839393.72,1694324.03,482823.99
CORP-0725,Manufacturing,33592566.91,13473241.65,4894339.11,1299415.63,26946483.3,23502809.71,2250217.14,851916.98,82816.19
CORP-0726,Healthcare,25311564.67,13312868.29,1745777.37,6647523.77,13396658.74,13301401.64,1446254.4,633373.43,359848.11
CORP-0727,Technology,79908073.24,31028660.43,6685338.33,48045383.39,25840773.53,69088112.65,20550585.29,9639195.9,2573524.12
CORP-0728,Healthcare,103523087.0,54762928.64,18227018.23,38974554.23,33874041.3,81555405.7,17308828.26,7383283.2,1341824.19
CORP-0729,Retail,43505889.87,22781429.02,5228236.1,4342376.96,14099726.19,39157393.25,3228381.47,1503703.64,244391.96
CORP-0730,Technology,174516540.15,65225232.24,13023413.14,81875173.15,45551194.02,120988816.26,10148191.3,3988713.83,4323048.26
CORP-0731,Technology,12715227.97,6594710.44,1473237.27,7362343.22,3759601.59,13276786.6,2311399.63,650198.25,384758.16
CORP-0732,Healthcare,32813170.77,17205027.99,4832091.02,7848481.6,15791629.03,20496591.06,3635341.8,1838688.33,519986.2
CORP-0733,Energy,19446500.31,8152676.46,3260594.01,1565246.53,4674447.85,22215838.64,3942071.53,1344596.4,109378.61
CORP-0734,Manufacturing,6159236.5,2236579.81,554443.05,1662446.44,1323500.79,2774567.88,380815.57,116697.27,105536.95
CORP-0735,Manufacturing,36664491.63,16732986.23,2719919.18,19676480.85,10134926.92,32519717.98,4673970.84,1786430.04,1474382.87
CORP-0736,Real Estate,35259744.6,20324396.47,3025367.15,7775149.58,14240910.02,31560508.57,5251478.51,1621230.71,533635.18
CORP-0737,Manufacturing,180899058.03,88981536.73,10028657.36,53972661.07,39860966.35,115936141.59,17888326.42,6408617.48,2999485.15
CORP-0738,Healthcare,74836155.21,26333103.02,7047927.85,33255637.95,15514900.18,66220926.29,2584932.62,1122908.67,1764449.56
CORP-0739,Manufacturing,14300616.06,7219338.21,1901368.85,4108875.14,6488326.64,15100073.9,2091511.51,909460.68,265812.72
CORP-0740,Manufacturing,254317124.11,108888650.82,17593158.7,86546729.32,68084249.37,90698700.91,9743732.26,3022671.33,5937668.76
CORP-0741,Manufacturing,135033532.65,64472926.74,19896269.24,72185461.97,35798536.8,121604307.59,19305969.3,6780825.23,5844688.27
CORP-0742,Retail,71277958.74,37080163.42,11952127.41,12166963.5,29318024.18,21479316.06,6427963.49,3261762.73,947412.19
CORP-0743,Healthcare,31753575.82,14431498.68,2564902.49,1131755.37,7455407.52,19270198.54,3244602.01,1458902.89,58713.1
CORP-0744,Manufacturing,15257179.9,8302883.95,1687394.52,4182054.42,5023485.13,17177040.78,2307280.51,1401687.91,244524.33
CORP-0745,Retail,27447707.97,14180767.02,5631771.11,7979265.27,25187475.62,18764449.7,3679522.35,1906039.74,559069.35
CORP-0746,Real Estate,118301690.61,57319771.97,12167803.38,55546906.22,35385441.27,66866955.61,11643836.82,5989930.9,4222673.96
CORP-0747,Manufacturing,262191656.05,90518482.25,29711832.01,108212850.51,67672900.29,199373800.65,34093861.86,8905764.88,8016899.47
CORP-0748,Manufacturing,186369818.33,102649650.68,24206597.14,41721336.75,59858493.88,226174920.38,40788957.29,19431289.64,2463304.18
CORP-0749,Real Estate,24425801.7,14185813.78,4794853.98,3952306.14,7554944.9,10592579.89,2678092.08,1057014.34,162794.15
CORP-0750,Energy,12998994.51,4433821.02,1466295.52,6031497.61,2809657.1,7666001.25,716430.58,247098.21,271513.62
CORP-0751,Technology,45850022.48,20470766.77,6147920.03,3046680.55,9450513.98,50411473.25,8755545.53,3649324.81,195260.24
CORP-0752,Real Estate,6794069.34,2565893.22,914570.31,1627789.24,1796193.38,7959527.18,825251.29,408104.22,106023.42
CORP-0753,Energy,55017821.29,28959014.93,11055554.22,7117047.89,16548697.63,42876144.91,7622333.77,3430684.06,309732.57
CORP-0754,Retail,34359785.55,17746447.53,4862437.82,7060604.25,9740214.74,18973111.41,1974449.63,616329.63,428356.58
CORP-0755,Technology,24989430.12,8553020.7,1464625.01,2668984.55,5853976.74,30466331.04,3934167.88,1865762.95,185409.99
CORP-0756,Healthcare,8083188.21,4551709.41,999503.9,1104386.19,2512660.77,9044186.15,1223185.52,411285.42,47192.19
CORP-0757,Energy,66559051.67,23581334.15,7722691.54,11044271.29,18683748.2,62285254.86,12381737.88,5220986.51,845714.61
CORP-0758,Manufacturing,23377840.87,12604810.65,3721759.99,12168745.68,9470375.53,14903830.13,2919998.97,1079421.4,661213.53
CORP-0759,Real Estate,12361324.5,5403062.1,828502.85,3085362.78,5541576.45,9767846.08,856778.13,323959.27,243324.66
CORP-0760,Healthcare,2252920.17,897747.43,103574.79,516681.17,562299.81,1730080.44,264264.09,125954.69,26866.5
CORP-0761,Technology,38743946.99,13462428.18,4104539.24,9709183.12,8258648.33,33558854.68,3843193.84,1137510.93,433035.56
CORP-0762,Retail,234332498.07,82082989.63,14391094.04,127242616.79,41630456.21,255469356.79,22244931.52,13225045.73,6760138.77
CORP-0763,Retail,209714830.23,104556928.66,26128888.67,33086281.2,57560947.56,204657223.28,28477878.14,6205084.54,1937955.41
CORP-0764,Healthcare,25213843.41,11727692.71,3800054.27,12778075.0,8461039.53,14738116.39,1983394.7,674816.79,692224.12
CORP-0765,Technology,21808011.05,7341135.38,1973297.44,11337334.95,7136127.81,23450138.8,6362862.74,2780705.84,643506.89
CORP-0766,Manufacturing,63641367.93,21244084.18,2655314.54,35456588.3,12697133.61,54898725.89,9423256.02,4319916.61,2305014.27
CORP-0767,Healthcare,14674393.01,4720652.04,734883.12,2009427.42,2427942.68,13755969.11,1115872.18,435137.06,115406.06
CORP-0768,Real Estate,53854250.99,28172785.32,4671004.28,5751732.12,15633534.19,58879292.7,7169219.21,2826543.03,339400.02
CORP-0769,Retail,85675741.32,44000030.01,7803813.47,22942854.06,22753249.85,49493500.67,9951616.84,4389210.45,788353.27
CORP-0770,Healthcare,135832521.31,43130805.04,11628971.54,62362816.28,30475875.06,107692761.31,27399422.65,10326652.03,4108179.85
CORP-0771,Technology,36029403.38,16864679.98,4236234.48,6164227.82,12840940.34,24993924.62,1767091.33,953024.38,361605.63
CORP-0772,Healthcare,32486210.01,10571105.21,1701398.36,2211659.22,8770958.44,15802205.9,884983.27,428274.3,186120.84
CORP-0773,Technology,16551998.59,9453239.19,1136907.55,6072718.16,6397519.12,14389347.48,3504500.52,1707681.55,278777.37
CORP-0774,Manufacturing,17419827.83,9966497.13,1509223.29,3052038.14,6786561.08,22686038.81,3844845.94,1166466.0,100337.49
CORP-0775,Healthcare,31753741.16,16177575.24,6395228.35,15438083.22,10221691.5,13717122.44,1462044.48,573210.85,1069411.89
CORP-0776,Technology,57504025.2,33229084.88,7993724.4,33553555.03,22943810.28,45631967.15,8064603.92,2983527.68,2187621.5
CORP-0777,Retail,99292900.03,53959327.4,19436346.76,18522890.11,37302110.63,92154593.15,1843091.86,551895.17,831187.0
CORP-0778,Healthcare,17837633.93,9785040.53,3470027.24,4086914.25,8227408.06,14709191.93,2208861.34,963099.81,151435.56
CORP-0779,Healthcare,177182098.89,83437239.48,21147657.89,47462064.56,44460792.34,137736825.95,22918176.28,7935084.49,3942244.22
CORP-0780,Energy,30367283.89,11898441.13,3712388.74,13886661.25,7773673.7,16403092.68,3218508.34,1498345.61,1127758.75
CORP-0781,Energy,38982863.33,14241988.94,2247750.49,10229144.28,9957883.95,33001229.42,3277193.77,960154.99,306874.33
CORP-0782,Manufacturing,18864422.92,7511058.75,2302282.3,12563235.83,6253856.6,12236355.19,1887878.21,1079685.21,667442.69
CORP-0783,Retail,3526300.07,1722769.06,313053.62,645152.32,1781128.16,1276575.84,132417.64,41098.03,54814.0
CORP-0784,Retail,96402760.63,33914198.2,11857035.48,43249627.4,16762771.0,100154606.08,16302083.88,6878342.06,2286134.72
CORP-0785,Technology,83207154.78,31418361.9,3930978.72,52271044.86,18246805.38,82514635.28,8683236.53,4160884.78,2751590.48
CORP-0786,Real Estate,30058993.02,13238529.37,4394418.65,12142386.24,15566813.03,24357769.81,3156644.16,1082526.78,677042.58
CORP-0787,Manufacturing,42584066.58,15752486.25,2047525.05,8603833.93,8725897.17,36018239.62,3609360.07,1751430.65,371569.86
CORP-0788,Manufacturing,66714922.91,31795871.99,11585041.25,3392635.11,17012306.11,67706547.01,12360291.38,3424809.81,116802.88
CORP-0789,Manufacturing,8347345.51,4816024.43,921119.36,4753916.98,3107612.87,7052404.53,1360567.91,741797.64,360290.86
CORP-0790,Real Estate,23463282.79,12304774.54,3646126.3,7326759.75,5751925.67,23012870.14,3181965.89,1277288.6,237064.25
CORP-0791,Technology,88124811.46,44056059.35,10848834.73,24563702.68,27766053.14,65256736.59,9913274.83,3374070.91,1564930.7
CORP-0792,Manufacturing,11361154.3,5394462.87,1132248.9,9242231.16,5780170.23,12070053.38,936279.22,346499.92,677443.46
CORP-0793,Manufacturing,53412637.44,23842566.66,7000953.65,28247820.41,14484561.06,46156912.29,6231929.41,2996884.54,1079959.53
CORP-0794,Energy,10256458.84,3650983.01,1402915.39,4116990.97,2284779.02,8603224.22,1268887.55,433394.22,189941.39
CORP-0795,Technology,63492349.89,36089885.75,4055814.72,22279363.21,28672775.93,34666047.31,9742533.96,3166949.31,1742194.69
CORP-0796,Real Estate,38430367.21,14394509.11,5407381.65,16960293.69,8323298.96,32949857.54,3110520.88,1175298.93,1153187.62
CORP-0797,Real Estate,7919734.05,2592862.82,733065.84,1986858.04,3112927.5,5018014.9,1120065.4,316198.7,100814.6
CORP-0798,Manufacturing,127641913.99,67012586.09,22931324.34,17388747.47,35339964.89,85819205.41,17150362.2,9982443.62,1356908.91
CORP-0799,Energy,19104002.45,6737688.61,1449697.83,10625935.15,5865228.19,12167814.36,1995908.74,685316.3,829864.66
CORP-0800,Real Estate,17711904.87,7289667.43,1760840.25,6716341.11,6590890.96,10392513.56,2472701.4,1194714.56,430086.21
CORP-0801,Healthcare,48669796.34,15013925.41,5414850.66,9170280.81,10322608.56,59618275.36,10051955.63,4231340.65,426396.02
CORP-0802,Technology,125603081.94,42845771.39,9616921.52,54088665.46,25607248.79,133926523.41,22694915.42,6843574.47,2909876.6
CORP-0803,Manufacturing,14420742.52,5075540.25,1321659.87,1431884.94,3241976.7,17075219.08,2515930.52,1004874.05,92064.19
CORP-0804,Energy,42358507.73,13398971.86,1421074.55,24243105.14,11138554.46,23526804.56,4968353.98,2376861.93,1386004.44
CORP-0805,Manufacturing,61148537.32,30390644.92,4485033.2,37048714.13,23421301.98,49790242.38,10198209.8,3887291.06,2744730.19
CORP-0806,Healthcare,79646257.57,43893238.82,12839033.62,31739415.64,41931552.44,43112397.76,5118137.26,2657906.49,1176052.91
CORP-0807,Real Estate,47509562.06,19573684.06,6167532.21,8203416.31,13880784.94,31397217.86,2638548.1,1324950.99,308333.99
CORP-0808,Real Estate,27590226.65,15515996.96,4263490.0,4239783.72,8039341.31,17005915.0,2378293.68,1169862.41,265889.84
CORP-0809,Manufacturing,17407466.47,6336386.94,906059.05,8808355.84,4229065.49,18241576.58,2006538.25,710383.41,463555.88
CORP-0810,Technology,43407547.22,17259584.22,4032212.17,23708394.03,9361050.7,31286166.08,4593552.89,1341389.82,1199508.91
CORP-0811,Real Estate,13631052.06,4705726.76,971866.36,10248642.86,2260021.11,13817468.51,2927533.4,991383.54,343115.84
CORP-0812,Healthcare,2144998.73,1042829.22,259349.96,824055.17,824506.11,1975166.69,251112.65,105372.92,49684.91
CORP-0813,Technology,61623866.96,26249356.43,9478608.76,17173967.64,18415810.33,77690919.17,11487288.48,5221876.34,1016847.84
CORP-0814,Real Estate,98339353.04,47594772.18,15837561.74,33459085.53,20095094.56,49573964.88,7579915.58,1385933.44,2335517.27
CORP-0815,Real Estate,3749254.45,1981490.24,248076.34,1040174.04,953676.95,3943640.72,758841.44,302920.91,63485.56
CORP-0816,Manufacturing,14508848.97,6727911.49,2469767.59,2211054.63,8095790.99,14933786.67,562339.7,233825.87,128265.35
CORP-0817,Manufacturing,73968823.7,36118170.83,8723627.05,33153751.48,21825523.33,44775121.43,5358014.25,1994497.09,2574554.89
CORP-0818,Manufacturing,311682459.57,180955073.36,58477196.04,109865844.73,120618703.43,312127126.74,50116437.6,26517979.52,4429020.75
CORP-0819,Technology,40661559.0,15846594.02,2250402.86,20339209.09,8656591.49,35262882.85,7405344.61,3274480.52,1383998.53
CORP-0820,Retail,19230287.32,7841133.92,2361873.88,5555873.61,6523359.83,14509343.09,1819542.39,966211.93,194082.18
CORP-0821,Healthcare,33168246.94,17091962.78,2920978.93,8684509.28,14681840.94,21068898.42,1183489.85,447837.23,411859.13
CORP-0822,Technology,157490613.74,76129648.44,17625099.92,88334813.81,61915582.13,103341893.22,18703391.69,9234757.55,3693291.2
CORP-0823,Retail,20874436.22,7380362.98,775372.53,6143004.43,5805693.08,25257283.35,2986216.11,1682752.6,440632.41
CORP-0824,Manufacturing,17908893.54,7393582.7,1075642.01,3907164.32,4048772.02,14329560.54,1297064.06,688960.67,230596.33
CORP-0825,Manufacturing,24575399.44,10821811.65,1381124.49,11678892.19,10531976.59,23504550.99,2791934.75,811855.09,698367.99
CORP-0826,Real Estate,15350696.29,6536586.7,1123791.24,5582627.19,5225279.58,9852385.79,1386957.12,519599.06,242280.47
CORP-0827,Retail,45022382.64,15914621.78,2068987.2,29011041.94,20289039.19,28995738.56,3472609.87,1269181.71,1610246.21
CORP-0828,Retail,202181922.9,116725492.93,35901610.97,96359566.2,61342548.82,205497092.18,8162693.26,3664440.77,4678066.19
CORP-0829,Healthcare,55012955.67,29085109.17,3161899.54,15184473.14,14481644.5,29161529.28,5682220.5,2662889.42,998406.82
CORP-0830,Manufacturing,30942663.89,13751128.68,3923501.6,3743567.38,10043400.29,22184567.1,4741812.61,1498937.86,168960.8
CORP-0831,Retail,29745509.31,14992281.29,2132087.54,9632495.81,10857518.38,23998839.98,4381614.6,1782370.06,770088.33
CORP-0832,Manufacturing,8341963.61,4748118.9,1821133.58,4312846.94,2824094.83,6859384.13,638716.47,126470.5,150372.99
CORP-0833,Technology,96312606.53,32828367.94,12472423.46,29102577.99,15708910.42,73600297.01,10298552.71,5604415.75,1394077.58
CORP-0834,Technology,36842506.44,13820063.15,2316946.45,16025746.5,8308100.95,32390603.72,4848029.09,1690811.11,1364720.64
CORP-0835,Manufacturing,33248495.85,15387748.8,4375143.06,15150183.6,12602752.04,31206079.02,5615213.11,2277454.03,810124.54
CORP-0836,Manufacturing,970291954.16,523669586.63,56766618.88,388454711.03,614296092.56,918796143.24,168522854.66,62190836.49,15645720.49
CORP-0837,Real Estate,53690836.82,16691217.75,6334927.41,17957658.8,15836828.83,32366943.17,3666893.39,1886993.45,1136469.71
CORP-0838,Manufacturing,18778233.23,11176906.66,2871304.77,7143067.3,7308569.92,13955400.44,2150524.11,249997.04,377647.66
CORP-0839,Manufacturing,26000918.02,11348672.19,1282024.83,5890023.62,9167910.56,27013720.66,4669700.35,1860123.61,279551.98
CORP-0840,Energy,125579013.64,51207271.79,10382274.25,42879193.98,32451008.22,122932993.19,27388378.76,10665531.08,1867900.78
CORP-0841,Technology,44601159.33,17297102.59,2128492.17,6288523.87,13525720.59,23434702.84,4340700.5,1539370.23,638446.18
CORP-0842,Energy,9451859.21,3329956.28,725541.97,6082787.4,3092623.9,8225915.07,1558422.93,892388.27,342015.19
CORP-0843,Technology,99854924.4,53669243.17,16153256.25,25113976.68,52147204.59,40376832.98,6225757.63,1937873.24,781458.79
CORP-0844,Real Estate,20416540.0,11976837.45,2886022.26,11897002.05,5636313.16,16524881.66,3644115.77,1738897.77,980380.14
CORP-0845,Technology,259248540.72,109945601.94,23651129.84,187045899.32,59250858.1,305797498.52,52134846.68,22711257.12,12937228.56
CORP-0846,Manufacturing,117276865.1,68692133.53,9324758.86,76077770.17,31334690.51,71588314.81,7656055.6,4028248.4,3690000.36
CORP-0847,Technology,25461500.99,13930987.44,2416771.57,4181248.78,8118383.96,16120577.38,3549243.32,1182895.69,192350.88
CORP-0848,Real Estate,143381054.61,63706401.78,8284570.74,42418849.87,47971563.95,136614322.86,25259327.58,8252300.88,2973650.11
CORP-0849,Manufacturing,42620908.92,21404555.19,7325700.87,13271110.75,10547563.98,20945606.56,2677849.7,1364650.93,747113.44
CORP-0850,Manufacturing,93434729.95,40223207.78,5654254.69,34186550.01,27054037.98,62923524.89,7929959.35,3509261.81,1063554.95
CORP-0851,Technology,64665139.84,30238520.15,8424814.88,39730830.18,19037852.61,59445901.78,9798395.3,2405567.44,3448977.72
CORP-0852,Healthcare,17083836.58,5422647.21,1099832.83,4944953.99,3656858.87,11499862.11,1991307.38,689130.75,264506.3
CORP-0853,Retail,20924895.24,10648240.65,1786705.73,7283782.05,21296481.31,15752386.74,2518249.21,1104600.47,600428.2
CORP-0854,Real Estate,111547472.16,35231978.32,10282119.29,54027799.18,16448983.11,105840384.69,17523509.19,8477460.58,4277733.36
CORP-0855,Retail,28494586.16,15533125.07,3682914.72,13646297.05,9156514.16,25198025.17,5921482.21,1966387.66,613876.72
CORP-0856,Technology,26598131.76,14562053.67,3204287.3,12148884.95,8923213.98,22697879.58,4620769.81,501697.31,917214.67
CORP-0857,Technology,15323182.27,5686788.23,1580105.96,3441285.75,3854692.88,11219259.32,1789828.4,809579.33,172850.15
CORP-0858,Manufacturing,60830329.66,24155653.0,5975632.41,9156240.9,15431262.63,53166451.65,10477274.92,2912346.43,292995.05
CORP-0859,Manufacturing,313253999.45,139207920.15,26595013.66,81942029.6,110387120.62,242851248.18,23890201.29,4736617.52,4394635.24
CORP-0860,Technology,13693982.84,6559402.34,1756072.61,6632076.06,3755458.11,12209022.71,2074268.43,242206.95,437482.0
CORP-0861,Healthcare,40801094.16,15757631.39,4740676.67,15670056.61,16125937.12,28585801.26,6873893.78,3309079.31,831436.75
CORP-0862,Manufacturing,163483161.53,78103413.64,8435789.41,59326956.24,49607504.91,124817138.6,17361777.55,7168013.78,3286373.72
CORP-0863,Manufacturing,36776095.33,14318262.34,3432968.32,9985977.83,8302225.65,22139519.84,2382617.57,899281.74,770453.05
CORP-0864,Manufacturing,62606007.4,19824017.97,2325456.14,43419855.19,13955344.29,49646468.58,5828274.76,3140871.47,2674550.61
CORP-0865,Manufacturing,13764542.67,4139799.97,645484.34,9070115.96,2511485.55,8779022.94,838557.77,388866.46,429474.76
CORP-0866,Manufacturing,61117396.0,20189845.58,5413959.99,20147473.74,18296749.63,35276393.19,3907280.5,2194445.96,1421010.49
CORP-0867,Technology,33027652.89,17758150.21,6390388.88,4175668.46,15945622.58,28130716.44,3698474.55,964290.15,262921.52
CORP-0868,Technology,106721158.51,62797866.6,22911280.64,86825440.9,39379434.69,89917693.88,7168386.83,2842587.51,2604763.23
CORP-0869,Real Estate,130565562.29,55893793.25,6762210.14,108846247.7,31553102.94,124895719.71,18831891.11,4488179.42,7230143.97
CORP-0870,Real Estate,530623687.76,240799781.34,54356102.07,328764745.79,321043372.23,378745862.28,73898566.65,27864324.11,21658176.73
CORP-0871,Manufacturing,71102508.34,24463134.45,6724963.24,20363538.68,14315903.73,62684722.86,6557586.2,2460002.49,1227958.38
CORP-0872,Retail,55162631.51,25667691.29,3699252.6,19341067.77,20010371.16,50206793.91,11344937.83,5248864.41,1419160.69
CORP-0873,Energy,48369707.69,16609986.9,5475144.42,25153925.0,11673518.03,42998481.97,7547936.52,3053565.93,1255535.43
CORP-0874,Manufacturing,27975332.77,13522277.12,4371354.33,8683103.66,14024453.09,17760678.91,3579292.38,1654852.59,564814.16
CORP-0875,Technology,55866967.57,32401589.79,12021064.47,23163587.02,27947990.72,46362471.02,5429428.88,2553699.37,845369.23
CORP-0876,Technology,29638910.2,10631760.49,1090242.42,4615511.88,5635855.58,25869672.47,4985765.26,3068702.96,305114.67
CORP-0877,Healthcare,47131917.16,24950181.3,4116911.48,26202595.8,16488952.17,37773200.71,3603688.19,1327852.19,2339784.25
CORP-0878,Energy,148723217.48,45665572.03,15898743.55,73432619.31,33904489.72,56917039.87,11071068.61,3386614.75,3310133.54
CORP-0879,Technology,14555179.02,6006182.58,1808906.12,4644506.93,4132491.62,12111334.26,1920760.32,815570.89,225736.82
CORP-0880,Retail,124507755.01,41489040.93,15281117.27,16359641.19,24467426.16,154701658.52,27484692.84,8788835.13,807344.5
CORP-0881,Retail,148651480.55,60314243.04,7066048.58,36857086.18,35982771.9,108217110.37,9871594.0,5411569.1,2283295.51
CORP-0882,Energy,35389703.46,12459337.07,3477266.29,5784404.5,8475801.78,23158476.25,2437348.75,905909.39,254828.79
CORP-0883,Technology,4771375.09,1965765.97,532160.31,2439330.91,1014754.58,4173377.28,750629.53,257797.98,161773.28
CORP-0884,Technology,21686012.23,9222125.07,1020910.69,7075531.53,4884121.42,18703657.32,1918669.79,677037.99,514409.53
CORP-0885,Healthcare,145690424.24,56845101.73,14441874.58,77238062.35,34134051.28,151306357.84,26200256.53,12362374.69,5253362.89
CORP-0886,Technology,38924402.97,19344906.1,5471824.57,3519580.32,12711484.91,21347168.98,1742849.26,669646.78,117813.62
CORP-0887,Energy,14660945.8,8439655.77,1328300.14,7688564.12,4787293.46,13873301.88,2669344.13,896454.7,576085.0
CORP-0888,Retail,24039889.68,10101047.49,1838379.28,9899337.76,6213326.07,22070647.99,1950467.79,1105008.64,733150.02
CORP-0889,Technology,92306029.88,33018138.91,9644737.18,42678422.42,17158340.83,71220627.41,12649851.52,3976898.47,3092155.01
CORP-0890,Retail,68801325.47,26228223.02,6307632.81,13307115.69,14102525.43,59701487.65,10822778.02,4367603.58,872848.77
CORP-0891,Healthcare,31360757.27,17442860.94,6234149.97,10491412.36,15963105.93,31545519.06,3632826.42,1690102.07,664136.19
CORP-0892,Real Estate,27595839.82,13011215.42,2637562.42,8755638.95,12210055.88,26891126.96,4816236.56,1140805.04,660926.77
CORP-0893,Healthcare,26916279.6,11749045.13,2114803.42,13881403.83,9634311.91,15379858.2,2507256.98,1123316.44,1233400.24
CORP-0894,Manufacturing,15832729.07,5460566.02,2159434.25,2172759.27,2888492.27,15263251.73,1878263.81,553128.47,99304.64
CORP-0895,Energy,200309792.67,87118372.97,32524837.05,31447562.69,100196362.82,157656281.93,15698193.21,7570897.59,2395420.0
CORP-0896,Retail,28851701.62,11066000.94,1202850.22,4317803.53,6674697.64,23501869.64,1219011.79,370256.42,253484.18
CORP-0897,Retail,134511266.71,78413200.12,25971909.16,17846685.97,47667099.4,109578177.36,18352427.35,8612370.27,1036087.64
CORP-0898,Real Estate,182327677.48,103055438.18,13716723.36,25971753.68,52443934.99,140383450.94,10073896.99,5143563.63,959709.27
CORP-0899,Technology,108072288.39,35141948.43,3803959.83,36342621.67,22353002.62,112215941.98,17367348.25,8443026.12,2025307.39
CORP-0900,Technology,25864441.99,11768218.86,2143094.51,10146127.63,12223974.55,20258489.93,2771920.34,1178431.11,456991.99
CORP-0901,Retail,59633621.39,21916399.67,3962567.55,8015035.91,19633811.68,34354379.12,6319733.29,2381717.29,425135.01
CORP-0902,Technology,38872763.4,16452241.2,5689113.09,13192049.73,16016562.03,28038692.12,3782355.78,1294919.92,574213.04
CORP-0903,Technology,16131720.99,9083036.47,2844808.6,6436972.63,7069487.87,13481907.45,1800206.89,984899.43,342874.19
CORP-0904,Manufacturing,55083417.81,25242216.15,9957620.82,29044742.62,17691000.57,57608604.56,10749393.18,3547842.36,1565754.0
CORP-0905,Manufacturing,12249065.53,4902867.17,1536822.69,837389.27,4742461.06,11276721.69,1880426.06,557157.82,51458.68
CORP-0906,Real Estate,130603867.6,47326467.2,10671014.04,52895726.01,22663058.48,82266454.69,13640419.69,6363759.03,1892543.07
CORP-0907,Healthcare,25024920.41,13515895.9,4185579.64,10066965.43,13935530.23,32458272.3,5630321.61,1803878.02,385738.21
CORP-0908,Retail,48698542.32,23733497.8,9489547.65,16953572.36,11642963.17,41537668.2,3041445.96,927621.71,1109250.44
CORP-0909,Retail,52866893.63,23283618.16,7288763.55,11351632.09,11794756.33,55778704.2,10477440.23,2678448.35,545314.56
CORP-0910,Manufacturing,30740606.51,11227862.24,3688402.22,4301503.19,6038689.46,23659726.47,4273501.18,1503028.89,327421.59
CORP-0911,Manufacturing,71606313.22,28662139.13,10934878.5,7490788.21,23445639.99,64923428.4,6438186.54,2522021.14,474759.01
CORP-0912,Retail,24768824.49,14562905.36,1952818.3,12203620.03,8896200.46,23973589.2,3303464.13,1401690.13,843287.62
CORP-0913,Energy,95181608.92,43405381.79,13517967.58,11173479.21,43885864.13,99335233.66,14705055.12,7280923.12,906843.87
CORP-0914,Manufacturing,10365777.57,4355801.16,1547362.59,1405363.55,2336348.44,10484710.99,1502198.65,680030.0,77792.97
CORP-0915,Manufacturing,45189692.63,20625778.33,7968018.27,17042488.27,14027266.69,44034616.97,7340262.33,2795999.72,875689.05
CORP-0916,Manufacturing,276834108.66,147745409.21,24125464.13,12814659.2,110565377.93,204021936.05,45204801.51,17185980.98,936438.13
CORP-0917,Retail,14645866.09,5888116.81,1478969.54,6653783.92,5826922.12,10041949.68,2049444.8,924331.88,450079.93
CORP-0918,Real Estate,20221461.11,7150547.99,2174956.83,5026322.97,14048295.44,17522330.85,1478692.69,779651.09,287455.64
CORP-0919,Healthcare,66579537.91,31657294.31,5515977.05,32597511.6,29188430.14,65689077.5,11896521.81,4908878.69,2636221.7
CORP-0920,Technology,47658987.35,23808582.39,6669780.53,10294145.9,12240165.76,36004261.26,7793002.31,2751607.14,584875.65
CORP-0921,Real Estate,56549679.86,29056096.43,5150879.83,17319056.1,21702009.6,57286770.62,9700966.14,2917210.51,1047657.49
CORP-0922,Manufacturing,64953821.06,36672685.56,7335897.9,26990713.77,25604617.19,70833658.48,14488955.51,3701630.73,1628035.04
CORP-0923,Real Estate,75129321.14,30904614.26,7183950.93,46474692.64,17537301.63,46334943.2,11612163.32,5418548.55,2136957.1
CORP-0924,Healthcare,120806402.39,38972926.89,10084518.8,28652086.62,17537459.37,76424046.05,15375408.18,7038828.84,1752469.95
CORP-0925,Manufacturing,59997812.24,35248989.19,8276806.74,12374111.15,17364018.16,46313810.51,7524393.13,3444188.27,1001701.65
CORP-0926,Technology,31287910.83,13469557.57,3339893.39,4648840.07,12123094.02,26955240.21,5451816.57,2110583.86,309959.2
CORP-0927,Retail,78027641.59,37997686.55,7203473.25,26256133.95,52557635.1,54235967.88,8528301.78,4611197.12,1587602.12
CORP-0928,Manufacturing,266232870.0,133087574.54,19655641.09,136825782.77,54458255.83,284986456.0,43088570.58,15149430.84,7877537.94
CORP-0929,Energy,34877980.39,16181782.44,1848040.35,16408551.16,6721135.15,30860503.45,4086834.51,2025136.53,1065948.8
CORP-0930,Retail,15028676.42,5434027.63,862888.9,7522681.4,3449340.9,12141508.52,2770336.11,1097401.36,535964.72
CORP-0931,Technology,120490403.57,63443368.33,17420476.27,64415273.24,63967601.9,61789659.25,6739927.47,2285946.98,4453580.68
CORP-0932,Healthcare,35307954.49,19106037.78,6416469.21,8077965.06,10134266.65,18954610.6,4295463.27,1972704.52,444466.01
CORP-0933,Real Estate,4534976.47,2112812.32,318557.76,95656.88,1450304.0,3882855.25,679473.29,299623.0,6205.43
CORP-0934,Manufacturing,92936003.25,41502277.46,5501816.12,21707725.23,28527675.32,34709819.79,2777989.71,1210362.55,1458739.51
CORP-0935,Technology,23316499.8,7791941.83,2530722.25,11797367.47,4194214.06,23375431.84,3936012.82,1606396.42,529608.31
CORP-0936,Retail,36377707.65,11829502.99,2265911.71,6085475.15,7240706.18,27951511.25,1257780.96,498346.26,380484.95
CORP-0937,Technology,55504814.94,22305689.65,8597724.32,27768317.42,21747347.48,80405306.97,14575504.25,9311374.31,833049.52
CORP-0938,Real Estate,48182174.15,18947825.33,5955214.17,15805616.74,13829487.42,60785823.87,11808349.83,6121751.61,1062738.15
CORP-0939,Technology,80958870.91,47449746.12,9396322.06,28704239.45,26891918.56,61829114.37,7443124.95,3515259.07,2006574.04
CORP-0940,Manufacturing,25764641.6,13786320.21,2576150.73,12904557.93,8090084.52,20063766.33,3133506.55,1288434.96,918974.76
CORP-0941,Retail,66526159.1,33128516.33,8517656.79,16769323.84,20643307.25,66467370.12,16464490.79,8244029.36,906789.4
CORP-0942,Manufacturing,30720886.47,13987048.4,1730804.93,19278388.76,7466253.06,35041303.66,4370094.36,1974406.35,1246072.2
CORP-0943,Energy,83370949.63,29197361.88,3950489.31,30385329.18,21542888.96,39383952.1,3822394.53,1538974.3,2472129.35
CORP-0944,Healthcare,73689249.93,43737296.46,6681194.13,50003350.66,27832128.28,32624066.32,7310504.2,2702280.85,4060599.33
CORP-0945,Retail,15627790.0,6446654.18,2142977.95,5672370.79,12893308.37,10558026.14,2619756.26,1026704.14,337860.07
CORP-0946,Technology,117974860.86,39176818.18,9957070.72,27851286.73,29676261.97,108129565.75,16239415.43,1347180.11,1729280.67
CORP-0947,Technology,23301692.49,10442412.75,1077345.15,12079980.58,5783472.18,20956953.11,4203402.14,1769884.86,926095.61
CORP-0948,Real Estate,89348748.99,50231813.39,15172768.29,33464147.02,37379249.51,90595547.44,19665919.36,6905734.62,1254502.93
CORP-0949,Real Estate,57499528.94,32555503.07,7393584.38,6547275.03,24785138.13,32203214.6,3634963.24,2032914.98,361107.52
CORP-0950,Manufacturing,250303234.0,75914411.47,19225758.14,162713862.99,70069312.18,84294927.34,10598798.09,4260021.63,13022569.2
CORP-0951,Energy,31849556.58,18023304.91,2960055.19,12944778.79,9479232.88,30945119.59,6546245.89,1840173.67,966043.06
CORP-0952,Energy,28083231.26,10712215.6,2844464.62,17657137.62,6230258.88,17814899.52,4173152.93,1648445.42,1157230.38
CORP-0953,Technology,39058863.79,12174324.01,4793591.04,14932339.74,6652033.25,15479122.52,2757513.47,814536.09,558656.37
CORP-0954,Real Estate,29409262.01,16302644.46,1989467.25,5525186.23,20138794.51,24380653.15,2584575.54,1156185.94,327374.72
CORP-0955,Manufacturing,88626538.47,49556417.62,9176620.53,35923937.19,34514366.86,84960513.9,21185163.75,9090442.25,1837554.98
CORP-0956,Manufacturing,7910403.83,3788049.73,654951.06,3423248.27,2729229.77,6135218.82,757401.69,375507.61,222393.32
CORP-0957,Manufacturing,13884970.87,6558290.06,1144846.55,3006782.62,4725771.44,9836534.4,1310650.44,420603.22,143904.01
CORP-0958,Technology,13690285.87,7446640.45,1590691.07,3582651.2,5940256.78,10515885.79,1757382.15,708929.38,159836.93
CORP-0959,Technology,103007008.95,55200721.23,19068147.17,33555110.66,40542312.13,74771082.78,17025975.29,4486307.38,1006653.32
CORP-0960,Healthcare,220324798.54,124931132.3,46706454.16,139089462.99,67902598.03,116858197.16,22518434.23,10587030.1,10894470.14
CORP-0961,Technology,35874983.84,16711436.87,2684935.09,2456572.12,22740997.18,23572155.52,4024787.03,1818749.41,132663.35
CORP-0962,Energy,33638381.41,19856539.01,5219985.89,10278386.01,8981129.04,30417707.58,5267264.89,2368059.59,640931.24
CORP-0963,Retail,42714635.15,25579405.08,7445389.55,24477481.69,15104136.13,36919784.43,5618295.27,2248227.73,1467827.15
CORP-0964,Manufacturing,127277245.77,42633216.82,10937476.84,15523809.71,28746651.28,106099834.46,18875900.67,8333281.46,682868.96
CORP-0965,Retail,15754661.79,8741680.92,2012535.29,13405485.43,4692931.21,9468083.88,222708.23,124813.25,551153.48
CORP-0966,Manufacturing,50544716.75,22742427.36,3584039.44,26668813.25,24739765.03,38600968.22,5217678.48,1938318.37,1197970.37
CORP-0967,Healthcare,105603030.82,43959363.24,10834479.97,15228453.25,35620017.61,38501491.22,6239786.4,2582426.19,748516.14
CORP-0968,Retail,65731851.62,31809068.92,7009587.92,23380313.19,21913564.42,54931801.61,5078406.38,1479783.48,1531389.32
CORP-0969,Manufacturing,48137960.17,15249608.38,5164569.75,10086607.78,7452560.07,52266827.22,8849618.79,2771469.66,484805.09
CORP-0970,Manufacturing,108368291.74,48975785.4,16117015.51,23058990.84,33060442.95,54744797.2,7652032.8,3135660.17,1987624.12
CORP-0971,Energy,2667807.97,1497353.03,209928.3,998773.86,891269.96,1821617.87,433132.98,221068.19,75314.81
CORP-0972,Real Estate,78442412.87,28556054.78,3613931.95,3920618.75,22588806.0,67917116.26,15529315.62,5813739.67,282776.17
CORP-0973,Healthcare,20705798.03,8860362.32,3300008.13,1309724.68,5228164.15,21752859.73,2756298.8,1037493.88,76232.68
CORP-0974,Retail,6384393.81,3714722.93,968251.88,2440438.19,1711147.48,4535186.55,646074.13,232141.85,201858.92
CORP-0975,Technology,66399667.01,28456848.94,10168778.4,17634505.83,14991407.06,43926695.34,6426590.69,2226970.05,1000404.03
CORP-0976,Retail,157298926.77,64100931.22,7528355.42,64156656.76,43682814.63,63897241.98,8141596.55,3496792.48,3819314.99
CORP-0977,Manufacturing,34710454.62,15000504.59,3869450.43,12209899.7,8473921.37,28486440.59,4550744.47,1138934.09,763724.56
CORP-0978,Technology,103271762.99,47074969.8,12325543.04,20365795.66,27195138.86,124795168.96,13987778.4,7386861.25,1436345.51
CORP-0979,Manufacturing,199690306.72,97767855.62,35021483.18,90288878.38,57421497.67,170829404.64,15967293.47,5324418.08,6279918.44
CORP-0980,Manufacturing,148324715.73,80126174.34,10358952.16,58440536.28,41200608.27,117998867.93,21373791.16,10092497.9,3089933.54
CORP-0981,Retail,205296232.24,89433333.5,15394487.84,163005153.93,46057134.75,177461442.77,32205077.83,8791990.76,8477098.39
CORP-0982,Healthcare,83647951.07,45608566.9,10123345.66,20779465.83,31472925.41,66732796.18,7326207.44,3420489.13,1446220.57
CORP-0983,Technology,42945122.55,19759746.53,7108617.08,6563723.98,11247888.58,27373097.67,5331397.23,2490799.26,464242.67
CORP-0984,Technology,8024694.74,3222269.25,1229827.38,4221941.7,2392604.77,7741069.8,916706.11,401902.48,228405.92
CORP-0985,Healthcare,31137938.21,15487551.13,6161217.11,10216920.86,13696451.86,26316300.24,4280563.66,1286554.0,369772.63
CORP-0986,Manufacturing,17137051.03,8831008.18,3424294.48,2942303.75,6343192.31,13770008.67,2630308.51,1117762.28,167388.42
CORP-0987,Energy,349125745.48,163186503.03,16609534.61,134885101.17,111049849.29,211195518.1,31324386.56,8823903.7,9354671.18
CORP-0988,Manufacturing,33401594.21,10587787.37,1210316.47,13799596.63,12674405.03,35429123.96,6119922.2,2293279.74,1201686.16
CORP-0989,Retail,45046453.12,15809722.23,2281059.07,15425590.71,8572983.63,42025662.7,5218684.5,2624692.02,648347.3
CORP-0990,Healthcare,69129034.13,26655417.0,5455261.1,30508564.74,53310834.01,47658650.62,6680630.98,3204499.55,1635302.73
CORP-0991,Healthcare,41599655.6,16007035.04,5586061.61,9509672.81,6190057.35,41614838.26,5813885.39,2334381.35,515033.86
CORP-0992,Energy,216922572.79,108900823.61,40053380.82,115246072.74,51838980.31,151951188.95,17120504.97,5179283.91,9258532.98
CORP-0993,Retail,21366837.71,6527667.18,1018644.56,9108892.48,4677331.25,13751681.82,1941205.17,901803.89,541759.37
CORP-0994,Manufacturing,48380502.77,25482230.12,7285350.37,6699459.07,16945557.43,31353438.46,2275290.34,914525.93,310788.59
CORP-0995,Manufacturing,18954073.26,7195018.19,2699632.67,8682996.21,4438112.58,8449465.99,1059920.55,178033.2,593747.01
CORP-0996,Technology,10638366.32,4180947.69,999746.21,2700866.23,3306833.15,9513981.17,1291582.17,617715.94,145658.86
CORP-0997,Real Estate,21600584.0,9901123.37,1297671.64,17832507.48,6278265.16,9369707.45,1285439.65,511060.88,742442.02
CORP-0998,Technology,38376782.14,13998993.57,3322578.46,9461476.17,9705347.67,21272681.46,2934037.31,1526418.6,440984.27
CORP-0999,Real Estate,25924467.59,14656174.65,3117932.18,3976362.73,10022748.91,9977871.26,1465866.93,425794.69,342009.46
CORP-1000,Manufacturing,19926857.84,6488396.81,1773261.97,4376941.35,4125944.98,15598466.57,2713697.61,223417.69,287841.4
