client_id,sector,total_assets,current_assets,cash,total_debt,current_liabilities,revenue,ebitda,net_income,interest_expense,current_ratio,debt_to_ebitda,interest_coverage,liq_score,lev_score,solv_score,total_credit_score,pd,risk_grade
CORP-0001,Manufacturing,47569435.47,28447085.46,7195208.19,16825564.11,14479826.84,38723630.241799995,3085658.6659999997,950303.76056,1375508.8333,1.964601218946621,5.452827396431152,2.2432852420127016,4,2,3,2.8,0.06,B
CORP-0002,Real Estate,10476609.27,3556507.26,542852.79,7464832.79,2493958.15,5440360.60075,793447.87525,233166.01020000005,614721.8237000001,1.4260492943716798,9.408094750582041,1.2907429745608363,3,1,2,1.8000000000000003,0.12,CCC-C
CORP-0003,Healthcare,58246691.53,18335336.22,6268171.15,3327244.07,20424772.47,30626007.845399998,2289722.2743999995,541734.0620800001,313789.3521,0.8977008799941848,1.4531212397240942,7.29700437276246,2,5,5,4.4,0.005,A-BBB
CORP-0004,Manufacturing,73337728.3,37278063.55,13663510.42,21641780.76,20304201.52,36227267.12275,6810827.59125,1540754.2711600002,2254115.5328,1.83597781539355,3.177555219251712,3.0215077675232456,4,3,3,3.2,0.06,B
CORP-0005,Technology,69705546.4,38314889.81,13616600.4,50392842.56,17621869.05,44564782.0436,6868412.7876,2453050.80384,4083120.8868,2.174280702080237,7.336897783863185,1.6821477928327695,5,1,2,2.2,0.12,CCC-C
CORP-0006,Technology,117362820.64,65007810.2,14952451.93,51082263.16,52362182.39,77923082.3371,6009617.077099999,1658388.9576800002,3931724.4948,1.2415030702084533,8.500086195949486,1.5284939433188078,3,1,2,1.8000000000000003,0.12,CCC-C
CORP-0007,Technology,91689841.79,46169417.18,15125201.04,51399820.09,35282120.62,53900856.0454,7251796.7067,2504108.24664,5098959.9427000005,1.3085782931604297,7.0878738289107375,1.4222109583508573,3,1,2,1.8000000000000003,0.12,CCC-C
CORP-0008,Real Estate,63033701.09,36950654.44,4776749.7,38402743.13,21655880.32,26417544.96225,2969125.46325,739846.9920000002,3437523.3038999997,1.7062642522028861,12.934025053951213,0.8637397337441801,4,1,1,1.6,0.25,D
CORP-0009,Energy,37126230.1,16829373.16,1886125.59,21106907.77,7832170.84,22367048.512,3712006.865,1241610.6876,2162560.4131,2.1487494979105946,5.686117654849757,1.7164870135021526,5,2,2,2.6,0.06,B
CORP-0010,Healthcare,7564970.96,4343386.01,1415817.55,3259267.46,3361581.27,5946885.7386,1290608.1465999999,547556.30928,249050.54379999998,1.2920663405528792,2.525373381987608,5.182113344977968,3,4,4,3.8000000000000003,0.015,BB
CORP-0011,Technology,61197580.91,36127602.74,8222880.19,29693355.31,37359723.14,51179253.1341,2878391.6434000004,1056062.5056800002,1879839.2892999998,0.9670200875048562,10.315953834178643,1.5311902776922137,2,1,2,1.6,0.25,D
CORP-0012,Real Estate,49017487.84,27162905.46,10828893.71,10208489.88,15498921.64,26155703.415749997,4073784.9115000004,1169204.3576000002,837146.5864,1.752567442492083,2.5058981025684917,4.8662742913622665,4,4,4,4.0,0.015,BB
CORP-0013,Healthcare,52251483.31,20531048.31,2652124.13,15990642.16,11283106.77,35236122.6766,5003295.4556,1704001.9425599999,1255340.7348,1.8196272293185078,3.1960219623053194,3.9856075063135123,4,3,3,3.2,0.06,B
CORP-0014,Retail,11108836.43,3986569.2,1421962.61,7099233.86,2653374.39,5496669.7338,1009007.19745,303455.67224000004,630540.9857999999,1.502452580768295,7.03586047546682,1.6002246010539989,4,1,2,2.0,0.12,CCC-C
CORP-0015,Technology,13510037.15,6274547.88,1530957.8,8814309.2,4914481.39,9758003.5735,1567719.2076,502658.4617600001,709087.5659999999,1.2767466965624221,5.622377500556177,2.210896485526585,3,2,3,2.6,0.06,B
CORP-0016,Technology,114164717.44,49764905.52,17325405.95,41149633.0,26223088.6,65483282.3099,7360421.341,2163604.06808,4160855.5999999996,1.8977514921716736,5.5906626935584285,1.7689682239873936,4,2,2,2.4000000000000004,0.12,CCC-C
CORP-0017,Retail,38280257.3,21564321.75,7442670.86,14225593.3,12601765.0,28184742.005349997,3778088.6611999995,1159318.53464,1218816.7689999999,1.7112144013160062,3.765288370835018,3.099800361542285,4,3,3,3.2,0.06,B
CORP-0018,Manufacturing,78727312.38,25980761.1,9737526.92,16195732.7,21784503.78,29110234.31845,3207910.1893499997,1080961.3742,1494171.611,1.1926257931958273,5.048686448195624,2.1469489620426203,2,2,3,2.4,0.12,CCC-C
CORP-0019,Manufacturing,40968677.78,15458384.19,2927122.39,19421014.41,10172412.96,24906573.54465,5075968.58215,1220929.33804,1793812.6423,1.519637892286276,3.826070649510196,2.8297094481626957,4,3,3,3.2,0.06,B
CORP-0020,Retail,41027623.41,21561644.22,8299935.14,2537977.16,22476037.12,28410738.15615,4291884.709,1024600.32276,235839.8148,0.9593169874601096,0.5913432750600012,18.198304271226046,2,5,5,4.4,0.005,A-BBB
CORP-0021,Energy,101775890.9,33432972.4,4864500.43,20874417.0,18842311.78,72388292.501,17739441.248,3706063.6752,1871142.31,1.7743561825299548,1.1767234778239393,9.480540925826213,4,5,5,4.8,0.0005,AAA-AA
CORP-0022,Technology,23770485.68,9418563.48,1173464.79,9766623.9,6751142.65,28955592.283800002,4255515.355,816966.6523200001,953798.827,1.3951065720704332,2.2950507953225325,4.461648761285382,3,4,4,3.8000000000000003,0.015,BB
CORP-0023,Retail,43842787.28,18245027.66,4186953.88,15904255.23,13762398.76,30703884.501149997,3518040.696449999,783177.01672,1241568.4369,1.3257156676079338,4.520770679557158,2.833545531516563,3,2,3,2.6,0.06,B
CORP-0024,Manufacturing,25083597.67,12210146.99,4255198.26,9556346.13,8212089.52,12549897.88805,932636.6335,310341.37052000005,1060670.9838999999,1.4868502054517303,10.246590994540856,0.8792892873063916,3,1,1,1.4000000000000001,0.25,D
CORP-0025,Manufacturing,25790164.92,8960529.58,2168684.17,8129322.66,5910159.74,16816669.707,1006360.2364,250158.01072,702795.7098000001,1.5161230785955033,8.077945020046302,1.4319385027071205,4,1,2,2.0,0.12,CCC-C
CORP-0026,Healthcare,29233558.66,16317627.15,5691359.96,2256229.11,8782493.46,12221547.851,865202.5173999999,312415.24912,158673.2933,1.8579720240406532,2.6077468160635293,5.452729311946536,4,4,4,4.0,0.015,BB
CORP-0027,Technology,49730738.05,21596203.12,6887159.65,31171687.69,12437084.05,35474469.4213,5794979.2264,1870486.5888800002,2893390.3507,1.7364362123129657,5.379085320615499,2.002833535750894,4,2,3,2.8,0.06,B
CORP-0028,Manufacturing,24673772.08,14190047.04,2310544.3,6274174.58,9871774.6,13049455.659349998,2289347.5810499997,372063.99604000006,484568.8874,1.4374362883042324,2.7405950201421034,4.724503864318879,3,4,4,3.8000000000000003,0.015,BB
CORP-0029,Manufacturing,139804576.82,61564479.63,23681669.0,51863220.12,34098917.77,114761407.58579999,8141227.605299999,3031777.25828,5185285.6836,1.805467259848464,6.370442227439589,1.5700634645934821,4,1,2,2.0,0.12,CCC-C
CORP-0030,Technology,16279101.03,6226952.76,736239.72,10751898.19,3750510.08,10223009.6059,1990950.7072,766245.03592,1324032.6457,1.660294900473911,5.4003839226743455,1.503702128241263,4,2,2,2.4000000000000004,0.12,CCC-C
CORP-0031,Energy,33036658.15,11316662.6,4181324.77,17740629.03,8512864.36,21809143.0815,2744614.079,660054.9472,1387342.3609,1.3293601450029446,6.463797284193703,1.978325002070511,3,1,2,1.8000000000000003,0.12,CCC-C
CORP-0032,Technology,25655510.52,7725477.85,1478139.12,17425291.36,5327501.55,15709599.578399999,2471742.91,874046.1693600002,1655151.4908,1.4501127362412498,7.049799268970088,1.493363552362998,3,1,2,1.8000000000000003,0.12,CCC-C
CORP-0033,Technology,169265303.36,77802330.45,19454038.98,44995958.25,54002738.13,176792691.53,40770344.942600004,10252932.09304,2864776.3975,1.4407108443780683,1.1036442863887754,14.231597613754078,3,5,5,4.6,0.005,A-BBB
CORP-0034,Real Estate,48474806.94,16100762.14,3650132.33,12947663.3,9459326.26,27640692.238500003,5385566.81425,1765462.2078000002,1253444.879,1.7021045365655885,2.4041412439153085,4.296612403527957,4,4,4,4.0,0.015,BB
CORP-0035,Real Estate,111757794.61,46660927.67,7071480.72,66551644.88,34482145.72,101034225.38325001,13798594.504250001,3019686.1796000004,5105462.3864,1.353190954208403,4.823074180453808,2.7027120092015338,3,2,3,2.6,0.06,B
CORP-0036,Healthcare,9015353.51,4298354.02,891668.01,3152577.31,3198569.6,8159440.6306,860334.5957999999,151893.35168,254184.3693,1.343836326087761,3.664361895232762,3.3846872574001345,3,3,3,3.0000000000000004,0.06,B
CORP-0037,Retail,52015393.72,19906591.26,3142859.21,10875370.46,8702323.85,37534970.9455,1591829.20995,460634.98124,799129.8637999999,2.2875029248652936,6.831995789511615,1.9919531005643794,5,1,2,2.2,0.12,CCC-C
CORP-0038,Technology,96942715.06,34178830.11,5508463.37,68777907.19,18220020.21,77080067.1823,8790390.7728,2725914.98088,6945349.0857,1.8758941930943114,7.824214982890026,1.2656513969756849,4,1,2,2.0,0.12,CCC-C
CORP-0039,Energy,43240321.64,23021860.14,3594104.91,10153397.31,19252914.68,32298165.428,4503768.843,1297921.4400000002,1067219.1793,1.195759734182752,2.254422387991994,4.220097361775365,2,4,4,3.6,0.03,BB
CORP-0040,Manufacturing,115580795.91,67503501.95,16653465.9,39687481.8,39056019.3,40000049.192549996,4025645.8963499996,906887.66836,3585794.864,1.7283763977963829,9.85866189472455,1.1226648620549755,4,1,2,2.0,0.12,CCC-C
CORP-0041,Technology,23740940.19,7837647.04,2659936.03,8043803.72,5065239.0,16078390.828500003,2306238.5801,664215.3336,619643.1516,1.5473400248241,3.487845442101318,3.7218818188258664,4,3,3,3.2,0.06,B
CORP-0042,Manufacturing,163014129.68,56513265.3,15297632.87,74511201.18,34113586.26,131901478.04495,20292065.5582,6930624.722280001,8482567.1654,1.656620469899549,3.671937731833816,2.392208061843636,4,3,3,3.2,0.06,B
CORP-0043,Technology,396782219.89,233309451.95,85849007.09,83359282.52,150044357.1,285326377.0721,39591089.4288,12526959.4996,6564030.6756,1.5549365298323505,2.1055061561241457,6.031521085964622,4,4,5,4.4,0.005,A-BBB
CORP-0044,Real Estate,27706052.24,8625871.16,2509812.34,1604508.85,4365635.22,11143251.57575,1309330.62425,438102.13700000005,96270.5355,1.9758570575211734,1.2254420848966865,13.600533303878839,4,5,5,4.8,0.0005,AAA-AA
CORP-0045,Retail,25507867.16,15133554.88,4643005.43,11030824.43,9237645.1,16211853.598849999,2568488.27935,684221.60604,1068620.3329,1.638248137504222,4.2946757899131,2.403555500745236,4,3,3,3.2,0.06,B
CORP-0046,Energy,170353198.36,51343320.27,15417483.57,69358428.19,34805148.55,165191145.1365,28428905.868499998,11762102.541600002,5092877.015699999,1.4751645204513861,2.43971500383527,5.58209157237867,3,4,4,3.8000000000000003,0.015,BB
CORP-0047,Retail,193264861.55,108634294.0,25511434.04,23304832.16,56672565.63,163260407.96099997,15588111.27895,3521449.94068,2443025.3248,1.9168762308952836,1.4950388628204476,6.380658898910977,4,5,5,4.8,0.0005,AAA-AA
CORP-0048,Manufacturing,23609033.52,9259405.2,2840800.76,7511112.45,5811412.63,15526370.65145,3424288.5489499997,1229336.10468,633058.6035,1.5933140166644817,2.1934811691915264,5.4091177815420055,4,4,4,4.0,0.015,BB
CORP-0049,Manufacturing,26161860.0,15215127.09,1839696.38,3114178.45,9825139.66,21633033.5076,3138317.0058,1300993.35312,308477.1235,1.5485914314219529,0.9923084392827785,10.173581010457005,4,5,5,4.8,0.0005,AAA-AA
CORP-0050,Technology,30045257.65,11870388.15,4249070.03,14715165.6,7302117.45,19868800.3605,2999046.0227,1075075.9656,1633714.548,1.6256090416622921,4.906615466591652,1.8357221745815049,4,2,2,2.4000000000000004,0.12,CCC-C
CORP-0051,Real Estate,10381640.72,5152324.16,1717494.51,1358557.65,3522820.86,3694824.9387499997,685060.15725,208119.94460000005,97635.6195,1.462556390108352,1.9831216800778262,7.016498289848,3,4,5,4.2,0.015,BB
CORP-0052,Healthcare,15892344.19,5149274.8,893754.41,7054572.99,3424423.96,9188959.6694,1485494.6335999998,412575.68576,575024.8997,1.5036907988460635,4.748972382958867,2.5833570587552073,4,2,3,2.8,0.06,B
CORP-0053,Real Estate,14590179.64,5437744.54,1796683.74,7191913.52,4297517.81,12580349.699749999,2486592.0647500004,1001815.6478000002,639108.9156,1.2653221651221034,2.892277194137619,3.8907172221429116,3,4,3,3.4000000000000004,0.03,BB
CORP-0054,Real Estate,18480051.94,9833305.94,1020626.16,6387455.2,8197611.08,10672804.217,1754141.634,361637.3572000001,722186.566,1.1995331132493785,3.6413565907073155,2.4289314099481603,2,3,3,2.8000000000000003,0.06,B
CORP-0055,Manufacturing,38467147.09,17641255.08,2913876.17,26464255.48,16029171.7,24132552.266999997,2880898.98905,698301.27492,2120428.8644,1.1005718455183806,9.18611016234443,1.358639772084589,2,1,2,1.6,0.25,D
CORP-0056,Real Estate,50335176.9,29113399.13,3480249.84,1284598.46,30866404.56,28868486.33725,4852075.92575,1398345.861,104158.38379999998,0.9432066852298135,0.26475234098927164,46.58363300900221,2,5,5,4.4,0.005,A-BBB
CORP-0057,Technology,187727216.83,80464657.63,26880673.28,103557846.2,70084263.26,201722817.6145,18722638.9896,7845016.037040001,10062934.276,1.1481130554442813,5.531156492283168,1.8605546330808609,2,2,2,2.0,0.12,CCC-C
CORP-0058,Technology,14674853.77,8231766.92,2689830.64,6015338.12,5755300.38,15025942.640800001,2335451.9916,818298.9651200002,489297.04360000003,1.4302931865391186,2.5756633583715582,4.773076032540327,3,4,4,3.8000000000000003,0.015,BB
CORP-0059,Technology,106571043.78,46325008.01,15940009.4,59052696.27,30056835.16,120619025.90010001,17892445.4254,4339926.063200001,5449848.6381,1.5412470329427723,3.3004262338656725,3.2831086904530813,4,3,3,3.2,0.06,B
CORP-0060,Retail,32152834.06,19091532.44,1934821.96,21403044.63,13720293.2,19883110.693949997,2775566.07685,819278.78088,1428159.6489,1.3914813744650882,7.711235847892475,1.9434564468949966,3,1,2,1.8000000000000003,0.12,CCC-C
CORP-0061,Manufacturing,37902828.21,22284979.77,5579486.33,13143974.16,39957390.0,27190324.94735,3903799.90745,1057360.3998,1619534.1047999999,0.5577186039929034,3.3669692278326253,2.41044624863401,1,3,3,2.6000000000000005,0.06,B
CORP-0062,Retail,78203072.28,31182772.15,9711901.18,26139233.32,14640936.43,31267195.334199995,1748072.2153999996,460122.11251999997,1824109.7096,2.12983454296714,14.953177042527809,0.9583152845468521,5,1,1,1.8,0.25,D
CORP-0063,Healthcare,12958700.56,7331736.04,1074981.62,8418693.46,3789809.87,13343103.2016,1635380.8296,651390.4388799999,717051.3538,1.9345920485451689,5.147848933791856,2.2807025200263977,4,2,3,2.8,0.06,B
CORP-0064,Manufacturing,58375669.7,32356665.39,9543184.88,13999286.29,19279383.56,27610571.821799997,4269760.818349999,897762.25396,1253115.0987,1.6783039400249373,3.2787050342107604,3.407317350800028,4,3,3,3.2,0.06,B
CORP-0065,Retail,47037335.1,17084153.87,2139500.35,22729014.07,7549351.32,31933687.525249995,5045293.32965,2263835.57372,2697714.0021,2.2629962689297654,4.504993582122756,1.8702106026519332,5,2,2,2.6,0.06,B
CORP-0066,Manufacturing,65166185.43,31754642.84,4902845.62,28148822.81,28632179.07,31589339.53225,3115221.98295,1203280.5843200001,1974001.3142999997,1.1090543532284496,9.035896306607372,1.5781255870413078,2,1,2,1.6,0.25,D
CORP-0067,Technology,53178707.75,17113157.81,4154031.58,33390289.06,7588815.08,33014737.0462,7041561.1356999995,2867809.0968800006,3998672.8318,2.2550500479450344,4.741887262856332,1.7609745612846865,5,2,2,2.6,0.06,B
CORP-0068,Healthcare,463955935.88,255645852.39,75688951.41,39935962.27,229502248.5,275865723.325,29432460.9498,8328351.5712,4047815.3781,1.1139143692964733,1.356867926814369,7.2711964851557225,2,5,5,4.4,0.005,A-BBB
CORP-0069,Technology,21046819.54,7416136.57,1066149.27,1692203.55,4648172.37,12993605.579499999,2578878.0563000003,794306.6695200001,162885.4765,1.5954951709331726,0.6561781957336359,15.832461627111368,4,5,5,4.8,0.0005,AAA-AA
CORP-0070,Real Estate,23417707.97,7522807.79,1170300.63,6196380.13,7595227.76,12562101.14675,2152638.109,442039.6206000001,466156.7439,0.99046506934507,2.8785052648159724,4.617841825027387,2,4,4,3.6,0.03,BB
CORP-0071,Healthcare,21356345.65,8971068.9,1447337.62,7308249.57,5957369.09,13858676.563599998,1631008.7203999998,453464.47504,720353.1071,1.5058776390166553,4.480815754441629,2.2641794757658786,4,3,3,3.2,0.06,B
CORP-0072,Technology,22851398.59,10810462.9,1855186.15,9602932.18,6534107.67,20101616.0345,4799573.2967,1725410.0645600003,760050.0053999999,1.654466599874685,2.000788733990708,6.314812528912588,4,4,5,4.4,0.005,A-BBB
CORP-0073,Technology,21054247.36,11716164.14,1967919.04,3911623.41,8146839.37,11093798.151800001,1001971.4159,424520.30712000007,426366.6323,1.438123867170343,3.9039271459520286,2.3500230552633705,3,3,3,3.0000000000000004,0.06,B
CORP-0074,Healthcare,130778620.41,77456614.15,16927735.02,7682949.32,43379671.11,103767838.0176,20334107.777,4705870.80384,579556.1296,1.7855509774057392,0.37783557578514554,35.08565734786424,4,5,5,4.8,0.0005,AAA-AA
CORP-0075,Healthcare,164843030.37,71187092.39,21081124.52,129299464.71,46237220.8,161707109.42139998,32346130.1356,9404945.437760001,11417481.8313,1.5396057798958367,3.9973704479626018,2.8330353937525867,4,3,3,3.2,0.06,B
CORP-0076,Healthcare,22505126.96,7159647.79,1656810.77,5840775.62,5545668.97,14752540.197999999,1718213.451,529031.15776,477021.41860000003,1.291034107648874,3.3993306341541385,3.6019628972693676,3,3,3,3.0000000000000004,0.06,B
CORP-0077,Healthcare,17324711.09,9090876.62,3025372.58,10232882.02,7139760.82,10689888.116,2347748.1266,489122.48016,769381.2906,1.2732746725260746,4.3585944778579035,3.05147545863653,3,3,3,3.0000000000000004,0.06,B
CORP-0078,Technology,63809686.09,29961964.25,9461405.6,11272658.66,16423224.46,43776285.3528,6019137.424300001,2210876.9664800004,1139888.9597999998,1.8243655089154154,1.8728030057082408,5.28045944523938,4,4,4,4.0,0.015,BB
CORP-0079,Manufacturing,22925879.87,9958254.91,1373821.67,7287274.57,8040556.54,19831209.569299996,3260938.6262,854629.32028,714385.2371,1.2385031882382609,2.2347168730654476,4.56467807122886,3,4,4,3.8000000000000003,0.015,BB
CORP-0080,Technology,74994986.14,29456580.42,3377270.2,9871294.95,15784585.28,57245741.944299996,9331977.1272,2840362.4194400003,1067433.9885,1.866161188113268,1.0577924501366431,8.742439558546996,4,5,5,4.8,0.0005,AAA-AA
CORP-0081,Real Estate,48784491.39,21988124.41,7990098.94,35202649.4,11054393.12,26229556.684250005,3758290.5645,1066768.4164000002,2228393.652,1.9890847169365007,9.366665188827232,1.6865469712350447,4,1,2,2.0,0.12,CCC-C
CORP-0082,Energy,8747302.15,3512950.49,435427.82,2121947.35,4219687.09,6667710.0545,1270468.2335,326323.47280000005,224846.9705,0.832514453103678,1.6702088994025996,5.650368473610366,2,4,4,3.6,0.03,BB
CORP-0083,Retail,187165760.38,98655738.67,14255927.3,19457681.66,50510560.08,87318622.59714998,16562110.4915,5290540.970120001,2482444.7598,1.9531705551026628,1.174831050063702,6.671693469156726,4,5,5,4.8,0.0005,AAA-AA
CORP-0084,Technology,239934774.89,111130135.96,11850915.77,154487942.56,47814996.31,204426211.1437,12791643.3554,3872685.806080001,12857318.2868,2.3241690794977288,12.077255303931127,0.9948920194759877,5,1,1,1.8,0.25,D
CORP-0085,Retail,21578571.27,12149908.04,3505259.52,5607701.29,7589890.44,15316162.966999998,3296298.8337999997,956755.2512,664104.5287,1.6008015051136888,1.7012114412986632,4.963524101021537,4,4,4,4.0,0.015,BB
CORP-0086,Retail,27025689.65,12514601.64,3437900.85,17238000.59,7193814.32,16065227.6064,1074368.5284499999,281187.02808,1483374.4377000001,1.7396336746150545,16.04477433350491,0.7242733197666723,4,1,1,1.6,0.25,D
CORP-0087,Healthcare,53003334.82,19689611.19,7798485.96,27555166.45,10282843.79,31502313.144599997,6351726.6682,2194915.20544,1912710.3035,1.9148021298493345,4.338216659724243,3.320799107202593,4,3,3,3.2,0.06,B
CORP-0088,Energy,55642440.7,30899781.09,11311783.17,24153758.78,22233144.2,29449554.265499998,6076481.343,2748327.9908000003,2063105.7034,1.3898070741609279,3.9749581075937486,2.9453078109308475,3,3,3,3.0000000000000004,0.06,B
CORP-0089,Real Estate,76940601.47,35944010.98,8024606.6,36759772.86,22851888.05,54081293.877000004,5162150.279250001,1709657.6012000002,3886355.6558,1.572912089423613,7.121019511532074,1.3282753140583015,4,1,2,2.0,0.12,CCC-C
CORP-0090,Manufacturing,297285804.5,107633012.68,22761772.33,72737373.46,110469857.84,259601779.79179996,33607860.95045,13432707.69848,5631862.2738,0.9743201881900784,2.164296429553814,5.967450785648153,2,4,4,3.6,0.03,BB
CORP-0091,Technology,33366160.06,16251066.43,3072355.28,8137823.62,10447796.15,20420423.2869,1934115.6289000001,403809.00560000003,659122.3785999999,1.555454011227047,4.207516602628493,2.9343801571540213,4,3,3,3.2,0.06,B
CORP-0092,Healthcare,17924924.91,7301091.32,1063930.18,6707303.89,4296668.34,15024254.4172,2092186.7545999996,695905.0713600001,663373.0867,1.6992447967254556,3.2058820156723313,3.1538613738578727,4,3,3,3.2,0.06,B
CORP-0093,Healthcare,10025884.65,5547539.38,784561.29,5454996.47,3250895.09,3605698.3326,485320.8156,112696.60752,491200.07409999997,1.7064652123240311,11.239980430791974,0.9880308273349261,4,1,1,1.6,0.25,D
CORP-0094,Manufacturing,19174080.67,8359705.93,1167726.46,6994603.65,4340066.77,10936298.13005,2066774.72385,417170.22176,690852.4195,1.9261698893171637,3.3843086860334792,2.9916298553977927,4,3,3,3.2,0.06,B
CORP-0095,Healthcare,38527122.32,19954445.22,2678573.52,2178492.67,16767326.42,28747433.064,6195515.607,1616102.0236799999,203835.9901,1.190079128906229,0.3516241114038404,30.394610902424734,2,5,5,4.4,0.005,A-BBB
CORP-0096,Manufacturing,239618315.56,78753162.21,13557641.39,109324652.84,61193298.62,123662907.84305,27179152.1046,11288913.735280002,10625741.8252,1.2869572973838814,4.0223717215040375,2.5578592583665025,3,3,3,3.0000000000000004,0.06,B
CORP-0097,Manufacturing,23733276.69,9939669.62,1908422.42,7247632.6,4401583.87,12142025.88895,1480010.947,586086.20608,605289.5279999999,2.258202936389804,4.897012832703054,2.4451289482741556,5,2,3,3.0,0.06,B
CORP-0098,Manufacturing,49813069.72,29637403.18,11513351.41,18511543.56,20583407.5,27720017.58475,3868020.9340000004,1312962.49028,1730384.3868,1.4398686505137694,4.78579197886006,2.2353535801101003,3,2,3,2.6,0.06,B
CORP-0099,Technology,39176087.42,21254519.52,5814003.25,12725951.42,13452112.48,30603539.794099998,2014572.5872999998,397644.3016,968310.0726000001,1.5800135147249377,6.31694856776333,2.080503595186912,4,1,3,2.4000000000000004,0.12,CCC-C
CORP-0100,Technology,130697137.03,45480282.6,18022868.73,40971313.46,30871848.09,90691543.0785,9949451.466500001,3027593.68184,4479250.4738,1.4731959831951869,4.117946964006128,2.221231325351476,3,3,3,3.0000000000000004,0.06,B
CORP-0101,Technology,498409420.07,191054891.66,40453978.88,178090904.24,163109688.81,159810951.17260003,31681335.5404,10902688.109040001,14333803.0172,1.1713276694589998,5.621319341569383,2.210253308377661,2,2,3,2.4,0.12,CCC-C
CORP-0102,Energy,23420709.89,9343569.08,2217116.72,13142582.04,4347035.59,7482471.213500001,1726798.2814999998,576824.7016,1405371.9412,2.1494116821804075,7.610953856511584,1.2287126495677327,5,1,2,2.2,0.12,CCC-C
CORP-0103,Retail,24411394.22,12086317.29,2385519.93,3678268.19,9377092.9,13335815.439799998,1177319.8818499998,203083.57103999998,318155.10569999996,1.288919435788036,3.1242725504814346,3.700458866626323,3,3,3,3.0000000000000004,0.06,B
CORP-0104,Manufacturing,113142752.64,59637367.04,9235818.09,33194650.52,56846987.71,84227273.43525,10139008.5587,2522327.5192,3088097.8456,1.0490857905125048,3.2739542853543204,3.2832536615205754,2,3,3,2.8000000000000003,0.06,B
CORP-0105,Real Estate,78758084.41,41336809.3,5909072.6,10202086.73,31322791.15,15289838.4915,2273288.78375,715799.0334000002,842442.7319,1.3197038891599544,4.487809381248393,2.698449043085631,3,3,3,3.0000000000000004,0.06,B
CORP-0106,Retail,252445849.37,114348431.58,43855340.35,78978310.73,163514305.5,142264202.7807,23332475.608749997,8467431.758240001,5904423.9219,0.699317599339955,3.3849091735633086,3.951693834551395,1,3,3,2.6000000000000005,0.06,B
CORP-0107,Manufacturing,71408551.23,38792421.35,15363474.86,26357095.12,31297208.85,41425286.5193,4536890.0855,654717.58152,1682336.3236,1.2394850140126792,5.809507090382871,2.696779485680719,3,2,3,2.6,0.06,B
CORP-0108,Healthcare,27804485.35,11987164.95,1360217.76,4761199.19,10772572.86,28166152.2544,4822131.238999999,1480539.35216,353138.7957,1.1127485611640597,0.9873640832279308,13.655059420592567,2,5,5,4.4,0.005,A-BBB
CORP-0109,Retail,71890510.4,24238904.24,3517156.2,30215170.04,13874814.16,41841102.95504999,5284867.39935,1751637.07096,2572560.8912,1.7469714520486233,5.71729955679044,2.054321597373275,4,2,3,2.8,0.06,B
CORP-0110,Technology,120686107.57,56641918.92,12860957.08,52169411.24,46026604.92,96271790.1782,14371201.226200001,5575579.980880001,4861051.1872000005,1.230634304191038,3.6301357429252636,2.956397839224959,3,3,3,3.0000000000000004,0.06,B
CORP-0111,Retail,90465776.89,52984938.44,8260354.18,18308513.5,28561437.25,60317369.156449996,10695126.807049999,4015256.55692,1925244.365,1.855121574457882,1.7118556731773782,5.55520483606246,4,4,4,4.0,0.015,BB
CORP-0112,Technology,66139323.1,35576215.93,7441267.83,23396064.68,17275093.01,22503038.3032,3382681.7752000005,1240110.4352000002,1949211.2704,2.059393596862608,6.916424965400924,1.735410535824491,5,1,2,2.2,0.12,CCC-C
CORP-0113,Real Estate,115718918.2,54805659.33,7603129.1,7516198.61,30238103.4,85524626.03175001,10962606.903250001,2806479.5442000004,577022.9883000001,1.812470134287589,0.685621465435537,18.998561800020404,4,5,5,4.8,0.0005,AAA-AA
CORP-0114,Healthcare,128224807.56,63348401.67,15010627.21,22553775.12,44805771.36,101617460.2716,14685705.549399998,2457797.1695999997,1541759.7836000002,1.4138446844495973,1.5357638108794482,9.525287730043756,3,4,5,4.2,0.015,BB
CORP-0115,Energy,158641736.94,91880313.97,16677047.39,41314544.03,59032132.08,121583926.492,17700413.2005,5107556.5272,4015813.1009,1.5564457987979214,2.33410054115759,4.407678533777653,4,4,4,4.0,0.015,BB
CORP-0116,Real Estate,76187646.46,32646622.75,6711215.76,18681791.84,36681350.32,93601616.40325001,12308560.93525,4925031.2064000005,2068969.5452,0.8900060239112811,1.5177884675777131,5.949126203334314,2,4,4,3.6,0.03,BB
CORP-0117,Healthcare,33695738.04,13458692.44,1726666.73,3196464.25,9304391.12,12136758.957999999,1663466.5725999998,717746.50528,348398.4775,1.4464882512376587,1.9215680691460624,4.774609190420472,3,4,4,3.8000000000000003,0.015,BB
CORP-0118,Technology,46117990.74,27355922.45,6249143.57,6255486.21,23667883.65,48050094.2831,11048271.507,4163474.034720001,629608.3763,1.1558246125652218,0.566195916350954,17.547847079047827,2,5,5,4.4,0.005,A-BBB
CORP-0119,Real Estate,133086382.32,74399671.59,29386180.16,37268627.96,41850927.01,76583977.72175,13635468.78425,4831691.080600001,3711141.0188,1.77773055235366,2.733212077244318,3.6741985053047213,4,4,3,3.6000000000000005,0.03,BB
CORP-0120,Manufacturing,17593926.74,6983259.57,1387223.91,10378088.09,2761162.84,12596968.75855,1703437.4998499998,596835.39488,1198299.2626999998,2.5291009529883435,6.0924384316500415,1.4215459801016868,5,1,2,2.2,0.12,CCC-C
CORP-0121,Healthcare,57579278.28,25285029.11,9176664.83,30497832.16,14874170.77,42806951.569199994,7912767.4098,2180050.50416,2896721.3647999996,1.6999286549135135,3.85425611300394,2.7316287669063835,4,3,3,3.2,0.06,B
CORP-0122,Real Estate,26873767.63,11408544.24,4026756.84,9148348.31,16215823.33,14894607.486750001,1985585.6112500003,614727.7246000001,912016.6392999999,0.7035439402508586,4.607380441400748,2.177137483778801,1,2,3,2.2,0.12,CCC-C
CORP-0123,Retail,40986152.47,14129103.21,5448429.82,19135626.22,10423475.19,22634885.446599998,4722909.90815,2141960.37048,1630130.3566,1.3555079234567642,4.051660224765027,2.8972590376150533,3,3,3,3.0000000000000004,0.06,B
CORP-0124,Technology,143013825.11,83998569.11,28310277.45,84819705.55,54227737.86,112690688.1282,18986364.8702,4643976.741040001,5900851.7365,1.5489963702129617,4.467401007505578,3.2175634498252066,4,3,3,3.2,0.06,B
CORP-0125,Retail,48211062.64,20311018.38,6050226.82,6206254.2,13232425.42,19271650.80645,2787353.14445,1252029.70844,494900.776,1.5349429704172857,2.2265762098919897,5.6321454312086185,4,4,4,4.0,0.015,BB
CORP-0126,Manufacturing,41717720.48,23470336.35,8378331.14,26857563.62,19434319.01,33096616.75295,5705388.292249999,1678740.5996400001,2413490.8886,1.2076747499062483,4.70740329040924,2.3639568391159487,3,2,3,2.6,0.06,B
CORP-0127,Healthcare,10222930.66,3647611.87,447537.92,5356684.26,2282444.0,6887755.266799999,492172.76699999993,209682.61152,486985.7078,1.5981166985915098,10.883747779567821,1.0106513581752388,4,1,2,2.0,0.12,CCC-C
CORP-0128,Real Estate,83993801.8,39003466.23,9315946.59,45336413.8,38886818.79,37363740.00825,3499548.6615000004,725998.1636000001,5390240.634,1.002999665275525,12.954931674122683,0.6492379281596282,2,1,1,1.2000000000000002,0.25,D
CORP-0129,Technology,75942283.43,23328589.72,9256244.85,10128581.05,20791292.88,49066131.605399996,4430855.6656,1625558.3708000004,923920.6314999999,1.1220365108915729,2.285919879682754,4.795710274817043,2,4,4,3.6,0.03,BB
CORP-0130,Manufacturing,346451959.97,183365293.33,60671916.58,87316763.21,104284425.88,304165391.55,47798725.8551,12478258.370000001,9402500.5963,1.7583190565866307,1.8267592210448749,5.083618486970305,4,4,4,4.0,0.015,BB
CORP-0131,Manufacturing,29274335.39,13884061.11,5395660.11,16401773.87,12694176.21,16938102.370899998,4007991.1740499996,828766.9053600001,1369119.0661,1.0937347079728301,4.092267961115871,2.9274233872638638,2,3,3,2.8000000000000003,0.06,B
CORP-0132,Retail,49582590.28,24180282.68,8073562.0,18216252.58,14096950.49,34792650.62,9100539.91665,3071274.9942,1554299.2374,1.7152846423879295,2.001667235882592,5.855075842328274,4,4,4,4.0,0.015,BB
CORP-0133,Technology,51104529.12,16124310.14,5844491.47,19592994.7,16933485.37,30405455.1164,5530829.9774,2216522.93408,1372780.9309999999,0.952214490264741,3.5425053346533195,4.02892395465537,2,3,4,3.2,0.06,B
CORP-0134,Retail,192855792.75,70066727.17,21857938.41,113180946.82,31762891.81,147732439.22219998,25859414.682499997,6527037.41788,8926024.4046,2.20593035385842,4.37677914251453,2.8970808850996894,5,3,3,3.4000000000000004,0.03,BB
CORP-0135,Real Estate,36204879.76,11668806.02,3829125.71,10335958.64,9803313.57,26293927.8665,1576245.07275,315373.0998,1011939.1492000001,1.190292031023955,6.557329706330084,1.557648079922709,2,1,2,1.6,0.25,D
CORP-0136,Retail,52641825.63,20355240.8,5230348.39,24015398.75,14430882.11,49568912.86235,6090349.41725,1904162.47532,2164109.3025,1.4105333717538076,3.943188987150719,2.8142522238661276,3,3,3,3.0000000000000004,0.06,B
CORP-0137,Manufacturing,73140770.83,35709643.05,13472223.82,46621731.84,21877620.33,46713607.567,5167030.0833,1617307.1513200002,4855377.3352,1.6322453041674116,9.02292634035224,1.0641871324481031,4,1,2,2.0,0.12,CCC-C
CORP-0138,Healthcare,47995082.86,22550767.83,7836655.06,32395210.05,17702704.76,42125625.1496,5011164.1110000005,1823390.08672,3003645.3015,1.2738600194561454,6.464607690434507,1.6683608109444412,3,1,2,1.8000000000000003,0.12,CCC-C
CORP-0139,Manufacturing,25484128.01,12325269.73,4352859.92,5175483.43,7914195.09,17440758.192599997,2469485.947,977836.3358000001,438431.73289999994,1.557362383645764,2.0957735905674295,5.632543818545304,4,4,4,4.0,0.015,BB
CORP-0140,Real Estate,48355474.16,22474433.95,6785092.97,12984977.77,12989930.88,39693080.6205,5017025.62375,1581601.2016000003,1587081.8031,1.7301426895660277,2.588182469814518,3.161163850502471,4,4,3,3.6000000000000005,0.03,BB
CORP-0141,Real Estate,116526788.63,44502587.22,8516637.42,58479606.63,23618255.75,59263308.35175,3024503.50675,1416799.2248000002,5180792.9389,1.8842452927541018,19.335274863952677,0.5837916207846304,4,1,1,1.6,0.25,D
CORP-0142,Retail,14267356.17,5326749.52,589612.25,9995752.7,2932264.96,10899487.61685,2042515.0689999997,690245.04752,1073993.791,1.8165989747393085,4.893845265432409,1.901794112886077,4,2,2,2.4000000000000004,0.12,CCC-C
CORP-0143,Manufacturing,45488480.41,15516935.14,5907243.5,8561875.4,10841331.2,28907272.0625,2785587.0873999996,814187.77196,719042.242,1.4312758141730788,3.073634078334076,3.8740242571172887,3,3,3,3.0000000000000004,0.06,B
CORP-0144,Retail,19774013.52,10969065.74,3025664.37,9773493.54,7610286.44,12530114.188199999,2029406.6582999998,387768.08784,983643.4061999999,1.4413472904707119,4.815936470902827,2.0631528107731447,3,2,3,2.6,0.06,B
CORP-0145,Retail,131569610.76,63803868.0,12087189.23,43029989.54,26152948.17,86674395.3537,21989652.37175,6574625.437240001,4471686.6162,2.439643423191168,1.956829003594455,4.917529840326023,5,4,4,4.2,0.015,BB
CORP-0146,Technology,8682439.5,3090543.02,447326.84,5348188.26,1643944.66,6719407.230900001,699025.1086,204876.59920000006,498062.75779999996,1.8799556306232352,7.650924400571667,1.4034880095987776,4,1,2,2.0,0.12,CCC-C
CORP-0147,Energy,22772817.16,8042512.19,2805686.27,4846047.06,7109273.97,15035549.002999999,353119.2485,140126.32840000003,290762.8218,1.1312705381643915,13.72354262925432,1.2144580463003334,2,1,2,1.6,0.25,D
CORP-0148,Manufacturing,58073027.72,32631854.52,11452347.04,35965225.34,21189581.07,40875112.9685,5546744.20405,1980180.41592,3246717.0902000004,1.5399952652296585,6.484024504634576,1.7084162401437681,4,1,2,2.0,0.12,CCC-C
CORP-0149,Technology,190568835.65,99633057.47,34308881.5,103783337.99,72940873.89,193468814.3206,39670389.9046,8951642.139440002,11256019.1797,1.3659427445337946,2.6161411127941987,3.524371207197722,3,4,3,3.4000000000000004,0.03,BB
CORP-0150,Retail,37290521.57,18563957.15,5448981.95,10551965.87,12839331.74,29931513.06705,7420542.083499999,2476831.14196,1033166.3261,1.445866305655562,1.4219939394269996,7.182330565796786,3,5,5,4.6,0.005,A-BBB
CORP-0151,Real Estate,22857742.85,9647321.4,2024052.56,2088437.43,9568838.39,17251171.95025,1527117.2182500002,570718.0538000001,201925.96289999998,1.0082019370378352,1.3675685173619119,7.562758133317785,2,5,5,4.4,0.005,A-BBB
CORP-0152,Retail,261294078.73,98924022.74,18916359.0,118977102.15,74087588.21,149109591.99815,26069569.72935,11529071.91996,7634302.104499999,1.3352307063850095,4.563830680183861,3.414794092833113,3,2,3,2.6,0.06,B
CORP-0153,Technology,9360283.15,5558465.89,570112.01,3016335.8,2498611.05,5299400.7703,671616.7822,262602.3764,238873.204,2.2246223116639143,4.4911560877312455,2.8116036916388496,5,3,3,3.4000000000000004,0.03,BB
CORP-0154,Manufacturing,4417984.01,2382052.71,833914.41,324059.88,1375612.57,3656037.2461999995,529038.0308,201493.516,31164.9564,1.7316305200671436,0.6125455281730192,16.975413795220327,4,5,5,4.8,0.0005,AAA-AA
CORP-0155,Real Estate,61837123.75,24149484.88,3048384.87,38989010.13,47959851.71,46735709.88725,13189619.654250002,4284079.2054,3749017.4738999996,0.5035354368071293,2.9560374864514642,3.518153688552751,1,4,3,3.0000000000000004,0.06,B
CORP-0156,Retail,24105383.99,13360877.66,3864319.87,7380812.03,6725197.04,21239253.3241,1589789.6216999998,558119.43152,798751.4909,1.986689398174124,4.642634427382614,1.990343229167173,4,2,2,2.4000000000000004,0.12,CCC-C
CORP-0157,Energy,14342922.64,7568467.46,1901369.2,8909823.31,3909631.63,8280503.3355,1347130.1075,565741.2864,782523.0393000001,1.9358518081152316,6.613929315658177,1.7215213352760383,4,1,2,2.0,0.12,CCC-C
CORP-0158,Healthcare,80870239.56,31468564.44,8119103.85,37359368.49,23202014.37,57324453.048599996,9939180.7194,2120800.59712,3589763.1347000003,1.356285878379964,3.7587975855071565,2.7687566968762205,3,3,3,3.0000000000000004,0.06,B
CORP-0159,Retail,50820009.04,21749228.69,8221509.75,31374790.29,12171449.3,19313791.228199996,3945601.2077999995,1152292.5268400002,2831437.1987,1.7869054172538024,7.95184019813651,1.3934976942492479,4,1,2,2.0,0.12,CCC-C
CORP-0160,Healthcare,22655684.94,8060576.28,882508.19,694744.79,6971367.61,15365435.153399998,2380092.9625999997,614526.9100800001,52241.9337,1.156240314803884,0.29189817411210056,45.55905178142362,2,5,5,4.4,0.005,A-BBB
CORP-0161,Manufacturing,11069405.52,3689607.02,1225014.72,4255870.09,2812419.73,9236613.8884,1527759.27805,535223.3434,255352.2027,1.3118977159216558,2.785694154272853,5.982949282974797,3,4,4,3.8000000000000003,0.015,BB
CORP-0162,Energy,95292086.58,49249676.64,5694036.8,70532771.0,23458722.31,57241554.8025,7465304.5709999995,3123616.1216,6803954.01,2.0994185441636697,9.448076810421671,1.0972009158245324,5,1,2,2.2,0.12,CCC-C
CORP-0163,Energy,76301349.13,29013859.42,3233480.95,15413315.35,20853656.96,60192727.7215,9838883.3905,2678557.8556000004,1427414.9305,1.3913079838060212,1.5665716055627237,6.892798429012929,3,4,5,4.2,0.015,BB
CORP-0164,Manufacturing,36064665.04,19691949.41,4508379.45,14098597.36,26182365.86,22943834.31815,3047867.81015,392491.16216,1138142.7508,0.75210733496335,4.625724683022306,2.677931048638367,1,2,3,2.2,0.12,CCC-C
CORP-0165,Technology,252428095.56,151124311.96,17972088.89,37500305.37,102479483.05,198655453.4874,35972250.304900005,10324839.470400002,2464235.2210999997,1.4746787109207613,1.042478717682331,14.597734013736929,3,5,5,4.6,0.005,A-BBB
CORP-0166,Healthcare,13659082.37,4411691.62,1485607.09,9704051.21,3004084.05,7324464.631,963309.8004,378655.79328,965029.9763,1.4685646428567805,10.073655646366868,0.9982174896715692,3,1,1,1.4000000000000001,0.25,D
CORP-0167,Retail,8662161.36,3827900.38,990924.47,2456541.37,1933920.41,5697265.6954499995,962011.90925,349220.32152,211290.0711,1.9793474230927632,2.553545695619464,4.553038882715393,4,4,4,4.0,0.015,BB
CORP-0168,Technology,19937081.15,10778360.24,1171733.16,7648947.79,7158207.34,3660712.3279999997,543750.7166,192626.35392000002,752297.8837,1.5057345684541181,14.067011879686044,0.7227864498643678,4,1,1,1.6,0.25,D
CORP-0169,Technology,38050089.09,20420922.3,2290210.64,14402860.71,15338311.03,26406187.2438,5447662.7751,1621227.3604800003,1698971.9313,1.3313670755573406,2.643860551690558,3.2064466014642274,3,4,3,3.4000000000000004,0.03,BB
CORP-0170,Manufacturing,50796572.98,26820547.23,7611686.29,24426441.37,13983437.53,20100761.0796,2963461.51785,645079.0162000001,1465586.4811,1.9180224585306245,8.242537054343616,2.02203115003201,4,1,3,2.4000000000000004,0.12,CCC-C
CORP-0171,Energy,31288586.55,12662443.44,4328447.93,6605086.93,8178203.08,27690995.7085,1698797.6324999998,613645.702,525143.9578999999,1.5483160929283257,3.8880952054776308,3.234917981906005,4,3,3,3.2,0.06,B
CORP-0172,Technology,56630337.43,24699660.13,5714015.9,25880811.94,20583205.73,49239406.6528,10492724.296600001,2657360.6550400006,2247990.9082,1.199990927263593,2.4665483632678944,4.667600860094974,2,4,4,3.6,0.03,BB
CORP-0173,Manufacturing,11392440.46,5451174.61,1452052.28,3915781.62,2778377.84,8498009.294400001,889855.3166499999,440236.10812,437872.0686,1.961999023862068,4.400469994090247,2.0322267174864965,4,3,3,3.2,0.06,B
CORP-0174,Retail,168722279.41,99914326.41,33965758.98,14030811.5,63338549.53,149974197.6033,17593725.53435,6432979.949200001,918372.105,1.5774647059556686,0.797489506847554,19.157512993439624,4,5,5,4.8,0.0005,AAA-AA
CORP-0175,Energy,36683910.89,14609887.74,4136816.77,2143554.73,9732331.43,19027364.665,2287411.4635,625717.1436000001,255164.2819,1.5011703870837043,0.9371093763428627,8.964465741315811,4,5,5,4.8,0.0005,AAA-AA
CORP-0176,Technology,121727540.62,70229872.71,11758452.14,51016545.11,44699281.22,127329454.4522,27849740.8007,7549763.39936,4695452.5433,1.5711633563936758,1.8318499075121626,5.931215477928564,4,4,4,4.0,0.015,BB
CORP-0177,Energy,56104430.72,21364964.18,6065846.79,3450700.69,19934975.53,47042025.9915,2032981.8049999997,635437.866,305594.0207,1.0717326513818901,1.6973593573307955,6.652557534807813,2,4,5,4.0,0.015,BB
CORP-0178,Manufacturing,62880912.59,37522445.28,10824619.01,20452648.52,29111121.74,39520355.946,12128300.34265,3648676.00644,1779975.6656,1.2889384893898632,1.6863573577640436,6.813745028678104,3,4,5,4.2,0.015,BB
CORP-0179,Real Estate,70404467.66,35278207.72,11297214.34,12060434.71,23496357.65,56043443.403,11365769.513750002,4652540.264000001,1006516.3013,1.5014330410483856,1.061119064169796,11.292186225965898,4,5,5,4.8,0.0005,AAA-AA
CORP-0180,Technology,62314740.44,27359501.41,7831992.6,26334995.41,19238335.75,32818343.5034,5289068.093400001,1771379.2168800002,2784181.8422999997,1.422134521693229,4.979137145702908,1.8996848600344027,3,2,2,2.2,0.12,CCC-C
CORP-0181,Retail,75732864.07,36656003.39,14324163.19,37971941.61,18246155.35,38718670.61335,5701529.45845,1490775.8356400002,2808867.6283,2.0089713524224706,6.659957102163765,2.029832022344433,5,1,3,2.6,0.06,B
CORP-0182,Technology,150451680.4,57436335.82,9143088.85,74754960.13,36192626.84,92864294.2591,15255533.020000001,7188944.99232,7115267.7639,1.5869623410843863,4.900186708127225,2.144056067348642,4,2,3,2.8,0.06,B
CORP-0183,Real Estate,48473177.89,18528976.82,7139718.83,24123175.16,10059372.1,26078979.555000003,4591363.98825,1487347.8778000001,2032070.5448,1.8419615693508347,5.254032401206891,2.259451080573529,4,2,3,2.8,0.06,B
CORP-0184,Real Estate,80922604.64,27033520.23,7069315.47,33344857.76,17977305.98,36919608.43325,6728996.6015,2567160.4804000002,2619838.7228,1.5037581415188217,4.955398216810944,2.568477419216196,4,2,3,2.8,0.06,B
CORP-0185,Retail,36406733.64,12167679.74,3669612.11,19785632.88,6329041.51,30615018.433999997,5442744.812399999,1476844.60868,2548184.2964,1.9225153952260934,3.635230671649926,2.1359305997173554,4,3,3,3.2,0.06,B
CORP-0186,Energy,168108004.62,67966322.2,8824643.91,68885793.45,40967973.09,106915808.69749999,16516250.855999999,5764984.974400001,6632721.043500001,1.6590111024211278,4.170788761359559,2.490116913960336,4,3,3,3.2,0.06,B
CORP-0187,Healthcare,20248832.55,10708729.61,2293518.42,5407680.6,7113694.61,16569031.119,2321869.3438,800786.72944,536436.418,1.5053681943200536,2.3290201985051078,4.328321616300108,4,4,4,4.0,0.015,BB
CORP-0188,Manufacturing,241152587.18,116329922.15,38483537.08,13926229.32,77828963.85,138120463.0637,19673372.6589,3321417.2754,1491034.7396,1.4946867643542452,0.7078719831853507,13.194442849921645,3,5,5,4.6,0.005,A-BBB
CORP-0189,Manufacturing,38257189.04,12654535.79,3949142.8,23636853.14,11316632.06,13924057.78885,1952912.9631999999,939784.6977600001,1623373.1842,1.1182245497517747,12.103382785308147,1.2029969339196627,2,1,2,1.6,0.25,D
CORP-0190,Retail,9523042.04,5291677.89,592889.2,6866422.9,3107694.77,6546893.65575,1353167.6641,572730.3167600001,798457.7170000001,1.702766288724037,5.074332680397665,1.6947267654750462,4,2,2,2.4000000000000004,0.12,CCC-C
CORP-0191,Technology,45267704.67,21747071.04,5740754.39,12401745.95,14655169.28,17200351.3864,3090521.9163,890763.7502400002,744104.7585,1.4839181059258293,4.012832228948397,4.153342497809064,3,3,4,3.4000000000000004,0.03,BB
CORP-0192,Real Estate,20154705.5,11856140.0,1499605.58,5327592.66,9125700.93,12281506.065,245630.11975,56941.58740000001,418048.2298,1.2992032163824154,21.689492581049805,0.5875640709386877,3,1,1,1.4000000000000001,0.25,D
CORP-0193,Real Estate,92308201.17,46251544.84,18443123.97,5826952.04,23809280.82,37653546.244,6882881.44625,2393900.0916000004,484304.3512,1.9425847084447971,0.8465861406307816,14.21189264394534,4,5,5,4.8,0.0005,AAA-AA
CORP-0194,Energy,20735878.54,7310484.97,2698950.46,5746760.29,7311116.73,21105742.742999997,3371364.01,1102219.6432,567353.7986999999,0.999913589124161,1.704580185632343,5.942260398581871,2,4,4,3.6,0.03,BB
CORP-0195,Retail,25490504.46,11270244.41,1198299.7,8926927.15,8467490.99,20156091.2574,3004558.9206499998,1046949.11916,832710.6745,1.3310016418452664,2.971127338740546,3.608166693016255,3,4,3,3.4000000000000004,0.03,BB
CORP-0196,Retail,6019166.0,2976774.21,1064479.2,1013283.47,1557633.65,3978827.3895999994,519531.71304999996,174212.5938,88660.05410000001,1.9110875076434053,1.950378474590792,5.859817234760744,4,4,4,4.0,0.015,BB
CORP-0197,Healthcare,25334905.85,7815296.82,2937214.25,4241195.38,4805837.36,25070836.4628,5169747.7792,1863690.34576,380944.34140000003,1.6262091774158582,0.8203872918257358,13.570874317756697,4,5,5,4.8,0.0005,AAA-AA
CORP-0198,Real Estate,3527573.06,1074051.03,221323.75,1252033.5,725290.45,1724351.874,340346.23325,148317.59660000002,94315.255,1.4808564348255242,3.678705323235717,3.6086021635630416,3,3,3,3.0000000000000004,0.06,B
CORP-0199,Real Estate,8170961.74,2768492.61,874429.77,2573411.1,1729873.88,5754312.411,640777.8817500001,234171.16040000002,173812.08299999998,1.600401417703353,4.016073546377523,3.686612982769444,4,3,3,3.2,0.06,B
CORP-0200,Healthcare,85191707.41,31989429.1,7441736.84,15475884.74,20352543.47,67264336.0702,11458655.497599998,2704558.5022400003,1561480.7822,1.5717656688537711,1.3505846949706626,7.338326304250559,4,5,5,4.8,0.0005,AAA-AA
CORP-0201,Energy,87382025.24,37475069.28,11113971.75,53436778.65,41949627.02,63341780.768,6423943.722499999,2755904.1564,5365351.3795,0.8933349815514045,8.318375900902828,1.1973015871886195,2,1,2,1.6,0.25,D
CORP-0202,Technology,60943487.71,27194943.07,5495968.04,1170244.11,19991941.57,58479441.156500004,4737951.2089,2137996.5297600003,133135.6433,1.3602952457008406,0.24699370221494812,35.58739862189857,3,5,5,4.6,0.005,A-BBB
CORP-0203,Technology,15142620.22,5169815.96,1017253.16,8953191.7,2408364.44,13042544.1692,1547682.2725,885528.9133600002,699689.631,2.146608658613146,5.784902921668633,2.2119554212744936,5,2,3,3.0,0.06,B
CORP-0204,Real Estate,37969305.6,19061254.88,4333198.25,7058324.82,15418354.84,25240178.207,4874374.9775,1121693.4972000003,708600.9546,1.2362703464671332,1.4480471552929475,6.878871593182581,3,5,5,4.6,0.005,A-BBB
CORP-0205,Energy,39681572.17,19001180.31,2729905.8,12957100.74,13842400.21,15819818.0865,3126885.956,1061360.6532,1110998.8122,1.3726795947044792,4.143771446201091,2.8144818173190838,3,3,3,3.0000000000000004,0.06,B
CORP-0206,Technology,12504952.34,4856163.56,1696460.38,5157841.14,3783969.41,6918634.668400001,1215287.7282,186464.15424,556309.9142,1.283351696017014,4.244131673771969,2.184551627032643,3,3,3,3.0000000000000004,0.06,B
CORP-0207,Technology,179089869.45,54460864.86,11143203.17,62235169.2,37169731.91,126377806.26380001,23538471.684,8573933.79752,6555195.626,1.4651939107838456,2.643976636864815,3.5908114764171035,3,4,3,3.4000000000000004,0.03,BB
CORP-0208,Energy,95760638.85,30958875.85,6812341.69,29045724.97,24439593.17,66637272.111999996,11715426.4695,3235144.4448000006,2706136.1991,1.2667508675227264,2.4792716718949825,4.329207995294652,3,4,4,3.8000000000000003,0.015,BB
CORP-0209,Technology,31929337.83,13330767.79,4908607.11,8789134.99,7866167.78,16676786.4445,1966625.3879999998,931935.9140000001,746259.4997,1.6946965997717378,4.469145493407004,2.6353103562374653,4,3,3,3.2,0.06,B
CORP-0210,Technology,40910030.65,14162737.82,3526339.64,13521771.44,8969858.95,47738943.8526,8191817.8797,2113741.3388000005,1411862.0132,1.5789253653760076,1.6506435614868908,5.80213774654448,4,4,4,4.0,0.015,BB
CORP-0211,Manufacturing,49051572.76,20260550.13,5334120.1,25154684.36,11197268.08,45188163.3348,8586676.316149998,1587378.98112,2508011.7808,1.8094190462572188,2.929501874047418,3.4236985575127723,4,4,3,3.6000000000000005,0.03,BB
CORP-0212,Energy,5169389.38,2525012.96,977052.34,2478543.0,2338790.22,4044324.072,759178.537,214315.2668,197622.65,1.0796235328878705,3.2647695887113835,3.841556304401343,2,3,3,2.8000000000000003,0.06,B
CORP-0213,Energy,31103242.04,14437230.07,5284284.85,4524911.46,10585536.47,21531103.177,4509596.2985,730378.6296,317119.4638,1.3638638070839313,1.0033961269449096,14.220496731616885,3,5,5,4.6,0.005,A-BBB
CORP-0214,Retail,20135918.17,7437257.05,1121835.95,12649864.75,5275731.93,12279574.69025,2276819.7052999996,865391.75044,1083739.2925,1.4097109460222328,5.555936080732937,2.1008924573065615,3,2,3,2.6,0.06,B
CORP-0215,Healthcare,14627004.33,5896829.22,1426823.39,1793698.29,3505304.5,8381848.7572,1404566.6025999999,217417.57824,202205.7787,1.6822587652513497,1.2770475153543284,6.94622384993194,4,5,5,4.8,0.0005,AAA-AA
CORP-0216,Retail,30065825.13,14558153.93,5697899.39,16983540.29,12309133.44,19737443.416249998,4016717.9989999994,1294494.24412,1820589.7887,1.1827115207551118,4.2282132562525465,2.2062729473332676,2,3,3,2.8000000000000003,0.06,B
CORP-0217,Retail,240369174.58,134187656.13,28408853.85,109631817.09,71901850.07,164772626.64764997,24497395.11765,3767088.2653600005,8037666.3127,1.8662615217739418,4.475243860152786,3.0478243515711307,4,3,3,3.2,0.06,B
CORP-0218,Healthcare,75590627.7,39757951.3,8407690.8,9161804.29,20135030.45,39197445.2966,4151255.1284000003,1222030.6064,664080.9087,1.9745662366256813,2.2069961991305487,6.251128550776241,4,4,5,4.4,0.005,A-BBB
CORP-0219,Energy,22495391.19,10483302.38,1661698.51,12537390.33,9491866.82,16574828.98,2351083.9945,1061444.4836000002,1368083.2599,1.1044510609768543,5.332599923834835,1.7185240572798564,2,2,2,2.0,0.12,CCC-C
CORP-0220,Healthcare,70602970.83,28854579.85,3875081.61,32404441.22,22133671.78,51032625.051,5754176.8932,2007355.148,2364405.0066,1.3036508418848525,5.631464207903298,2.4336680378944346,3,2,3,2.6,0.06,B
CORP-0221,Energy,161393402.55,66093081.1,21288015.48,67520532.01,51345303.3,57403229.69849999,6672613.7725,1674295.6600000001,6592666.2503,1.2872273967071883,10.11905293968519,1.0121267358553698,3,1,2,1.8000000000000003,0.12,CCC-C
CORP-0222,Manufacturing,100396076.21,56605837.06,18737049.48,21800790.64,22172677.76,52639239.300249994,7515518.2511,2386205.0109200003,1760608.5592,2.5529544817594463,2.900770101490892,4.268704824719791,5,4,4,4.2,0.015,BB
CORP-0223,Technology,42271783.72,13179203.9,5149166.22,15863333.24,9923800.73,27591799.0075,3045555.2946,978967.4003200001,1812475.8272000002,1.3280399575294575,5.208683378077847,1.6803287795042874,3,2,2,2.2,0.12,CCC-C
CORP-0224,Manufacturing,20854143.64,12437302.69,4129501.19,3996948.75,5728703.47,20504708.25305,2759973.1701499997,987547.1787200001,313535.1625,2.1710501783050047,1.4481839146946391,8.80275484300744,5,5,5,5.0,0.0005,AAA-AA
CORP-0225,Retail,80054908.51,39972426.37,6915459.53,28774937.42,40240135.87,58728685.4035,3248827.8066999996,684369.89992,3083246.7125999997,0.9933472018865726,8.857021403429865,1.053703485168195,2,1,2,1.6,0.25,D
CORP-0226,Retail,59025811.27,29769154.97,3335186.49,7923437.16,26961404.7,25321333.29005,4068244.0445499993,1494694.75596,735080.0848,1.1041396136900834,1.9476307402488768,5.534422886258556,2,4,4,3.6,0.03,BB
CORP-0227,Real Estate,97483454.1,30356284.36,12009893.67,64751731.64,24773396.61,67783718.4685,10171643.3525,1054277.3012,6072606.6492,1.2253581871670522,6.365906608796428,1.6750044816158154,3,1,2,1.8000000000000003,0.12,CCC-C
CORP-0228,Manufacturing,75163161.99,36202997.09,7317900.37,26691349.72,31163157.95,30786848.7292,3360248.1070499998,905953.9246,1613368.5416,1.1617242754436574,7.943267541465157,2.082752960906003,2,1,3,2.0,0.12,CCC-C
CORP-0229,Real Estate,113754447.66,50670032.44,9809285.7,32600445.57,36378919.34,89617700.58475,16396659.135750001,4606446.140800001,1956026.7371,1.3928405065151668,1.988237073180385,8.382635484860316,3,4,5,4.2,0.015,BB
CORP-0230,Energy,23318667.74,7735587.28,2875987.41,10492926.02,6358946.99,13989074.1975,2754148.0445,1020869.4412000001,909647.6106,1.2164887193060245,3.8098627417484856,3.0277087659070245,3,3,3,3.0000000000000004,0.06,B
CORP-0231,Healthcare,148692959.85,57005401.87,15706696.64,100445738.43,48628493.97,109199573.90179999,7602693.4732,2446626.34496,9412126.3829,1.1722633628170327,13.211862188588546,0.8077551409650229,2,1,1,1.2000000000000002,0.25,D
CORP-0232,Manufacturing,48525481.26,27518525.61,4525733.93,10443145.94,14015831.01,43158953.1818,4827922.83085,1002059.3117200001,763624.0582,1.963388798735238,2.1630722581705784,6.3223817780575,4,4,5,4.4,0.005,A-BBB
CORP-0233,Manufacturing,317269101.58,147529029.65,54103154.75,148512943.51,74153172.03,143736762.61745,16032812.8224,3867123.2689200006,10940888.9753,1.9895174489678538,9.263062268306868,1.465403118393346,4,1,2,2.0,0.12,CCC-C
CORP-0234,Manufacturing,19991388.86,8476848.11,3373855.54,7684152.72,4509636.77,8689882.157499999,895099.96835,300659.06456,756290.3616,1.879718598711,8.584686617925742,1.183540097557684,4,1,2,2.0,0.12,CCC-C
CORP-0235,Technology,225981524.34,72721904.61,9163219.48,75314643.11,42537390.26,140511904.6149,26904340.19,8439208.4868,7414185.6433,1.7095995820501473,2.799349197122979,3.628765380903664,4,4,3,3.6000000000000005,0.03,BB
CORP-0236,Healthcare,48540583.71,24961337.85,8953020.05,1684363.25,16239270.63,45978379.8658,6451166.391799999,1765491.16272,148112.6075,1.5370972267613474,0.26109437390127993,43.55582215916359,4,5,5,4.8,0.0005,AAA-AA
CORP-0237,Retail,20760900.59,10605815.0,2303102.67,9325292.55,8150872.32,8291598.137549999,1134077.18165,319280.49104,948410.4665,1.3011877236717653,8.22280238143261,1.1957662021963777,3,1,2,1.8000000000000003,0.12,CCC-C
CORP-0238,Technology,24547342.7,11886144.47,3057374.69,12653609.75,10624610.15,5217480.7685,259866.45230000003,97630.12168000001,915956.4125,1.1187369985523656,48.69274059043288,0.2837105005801791,2,1,1,1.2000000000000002,0.25,D
CORP-0239,Energy,28908686.87,13097912.98,4904445.31,17133818.71,7961297.51,17440697.349499997,3170211.2805,883172.0252,1450565.8213,1.645198281253529,5.404629910753989,2.185499778051333,4,2,3,2.8,0.06,B
CORP-0240,Technology,60864822.98,26180110.15,10262963.38,30776948.03,25404070.59,50421443.4451,4438956.6585,1389183.4756800001,3530674.9709,1.030547843002195,6.933374303411212,1.2572544046354035,2,1,2,1.6,0.25,D
CORP-0241,Real Estate,67176597.14,32109159.11,5736274.72,19497076.05,29125760.08,54147062.733,8284318.201,4089097.4390000007,1774718.0715,1.102431628283879,2.3534919322203858,4.667962948051831,2,4,4,3.6,0.03,BB
CORP-0242,Real Estate,22438751.42,8302756.18,1360450.03,4088493.45,4233583.05,12301147.665000001,2015774.88375,415462.06820000004,375710.8335,1.9611653018121376,2.028249028678275,5.36522959684632,4,4,4,4.0,0.015,BB
CORP-0243,Real Estate,38866583.67,22635032.35,2810251.71,1596230.55,10014350.65,21618716.14,4713592.0205,810042.9580000001,198873.0865,2.2602596155348325,0.3386441896239204,23.701507848323153,5,5,5,5.0,0.0005,AAA-AA
CORP-0244,Manufacturing,339257633.87,161703201.8,43423673.64,172573373.02,97569203.02,291999528.1061,24691182.27195,9448998.7436,11909265.6106,1.6573180552356634,6.989271356845844,2.073274967515485,4,1,3,2.4000000000000004,0.12,CCC-C
CORP-0245,Technology,224086606.24,88146199.5,9174372.68,87530212.87,45375773.29,86879948.2369,1737598.9631,461694.9136800001,8923394.9561,1.9425828610490221,50.374231758195734,0.19472397799810304,4,1,1,1.6,0.25,D
CORP-0246,Real Estate,61609317.16,26794135.71,5990351.24,21315451.84,19115993.07,34487619.195,5490169.533,1617080.0134000003,2450419.9551999997,1.4016606729184173,3.882476071436099,2.2405014786748665,3,3,3,3.0000000000000004,0.06,B
CORP-0247,Manufacturing,41367391.28,22408940.76,2734231.5,8032631.33,23223377.03,28948933.084899995,6948483.8459,1789286.6304,683794.8599,0.9649303256392079,1.1560264811926861,10.161649718917403,2,5,5,4.4,0.005,A-BBB
CORP-0248,Real Estate,44903725.69,15648266.68,3467151.0,3649085.48,8968163.14,30966907.035,6563352.88325,1963860.1246000004,375470.68439999997,1.7448686465353482,0.5559788639907883,17.480333767570166,4,5,5,4.8,0.0005,AAA-AA
CORP-0249,Real Estate,73553086.79,28527615.22,3194512.56,52530424.7,16511752.91,39790746.136,6385737.151,2860063.4224,3953949.701,1.727715729244158,8.22621154893195,1.615027411548754,4,1,2,2.0,0.12,CCC-C
CORP-0250,Real Estate,14320568.73,7215453.02,2529486.57,8998468.99,4720093.41,8955200.919000002,1123145.097,431478.9622000001,717169.1096999999,1.5286674210119073,8.011849060317806,1.5660812517006268,4,1,2,2.0,0.12,CCC-C
CORP-0251,Retail,30787627.5,12150237.5,1979537.33,20605627.04,8659876.05,7493071.110349999,1426352.0173,554819.38232,1973493.5512,1.4030498161691354,14.44638265314423,0.7227548407405203,3,1,1,1.4000000000000001,0.25,D
CORP-0252,Manufacturing,7507521.38,4037173.41,801349.1,5033571.42,2141868.1,4189741.3404999995,424515.86204999994,87748.20612,513316.06259999995,1.8848842326005042,11.857204571091245,0.8270067760977172,4,1,1,1.6,0.25,D
CORP-0253,Real Estate,59365459.34,20132967.16,7268291.04,21697211.8,18208233.32,40979611.512,7122989.54375,1623384.1734000002,2317567.014,1.1057067869339012,3.0460822196542483,3.0734772719499883,2,3,3,2.8000000000000003,0.06,B
CORP-0254,Retail,76072389.6,40227524.73,13028883.41,17966728.69,33790792.14,36959820.73594999,6478077.4338,601643.06384,2040021.9507000002,1.1904877684823638,2.7734661824597597,3.175493985041266,2,4,3,3.2,0.06,B
CORP-0255,Technology,24564516.42,7873062.97,1304657.14,6855174.31,7178490.88,18146671.1881,3683964.7117000003,940330.2781600001,610030.3193,1.0967573967301607,1.8608143254544407,6.038986252236267,2,4,5,4.0,0.015,BB
CORP-0256,Manufacturing,192188412.38,58382569.98,7097558.85,41275428.99,38059310.04,142724440.12199998,41102212.71975,16298517.497720001,4453791.1696999995,1.5339891847393037,1.0042142809057764,9.228590015485299,4,5,5,4.8,0.0005,AAA-AA
CORP-0257,Real Estate,11689883.14,6657003.33,2094973.15,2735173.92,6251630.16,6627051.72975,1124085.8075,406194.83520000003,232121.70759999997,1.0648427945392087,2.4332429977771066,4.842656979919616,2,4,4,3.6,0.03,BB
CORP-0258,Energy,9208385.73,4368474.45,948879.68,4009399.19,3562312.08,6528550.647,813142.8525,245795.96200000003,415098.5857,1.2263031289498927,4.930743937148485,1.9589150156432347,3,2,2,2.2,0.12,CCC-C
CORP-0259,Manufacturing,49846149.94,20215009.86,6667395.41,8035221.72,16601007.47,25283146.68765,3760142.04855,1196537.27796,748178.2316,1.2176977750615998,2.136946321774884,5.025730353727121,3,4,4,3.8000000000000003,0.015,BB
CORP-0260,Technology,113475589.65,41960820.97,9801562.36,43464630.93,30063134.9,78343177.9676,4821725.272,1277222.7395200003,4202385.1679,1.3957566670799857,9.014331692102262,1.1473782338731922,3,1,2,1.8000000000000003,0.12,CCC-C
CORP-0261,Energy,214523037.49,104057774.85,21207049.84,25394397.53,114974586.37,168129587.954,19379346.571000002,6518838.3668,2446816.6859,0.9050502214039841,1.3103846116257165,7.920228222520804,2,5,5,4.4,0.005,A-BBB
CORP-0262,Real Estate,25168801.18,11393932.78,2681694.51,8871378.55,7423328.18,16217034.022250002,2100687.7432500003,800929.7640000001,584884.8865,1.534881996824233,4.223082930105062,3.591625962196922,4,3,3,3.2,0.06,B
CORP-0263,Technology,117116629.95,69974765.91,22711548.53,42256361.2,35006260.77,72758859.6553,9007225.236100001,1717939.57608,3090553.016,1.9989214606424812,4.691384981763418,2.914438027585676,4,2,3,2.8,0.06,B
CORP-0264,Manufacturing,38320345.63,22799256.62,8450911.21,24669709.64,14669480.92,27032863.2442,4260858.9084,1465615.3733200002,2258218.8792000003,1.554196548898746,5.789844294389872,1.886822817595723,4,2,2,2.4000000000000004,0.12,CCC-C
CORP-0265,Real Estate,33510611.24,16437201.78,1889130.21,4733054.92,7766114.23,24488365.65675,2666268.8475,1052095.7940000002,306185.1776,2.1165284585313136,1.7751604173142181,8.708027176231278,5,4,5,4.6,0.005,A-BBB
CORP-0266,Healthcare,96365608.49,41712928.29,10729960.97,21989563.64,20511872.13,35328695.907,7279531.9636,2087711.36384,2253230.2692,2.033599274880035,3.0207386614901734,3.230709290171469,5,3,3,3.4000000000000004,0.03,BB
CORP-0267,Energy,76463409.59,34205316.81,3757475.56,19100949.29,18886549.48,67061666.8695,10059944.3355,3783102.9220000007,1968798.6286999998,1.8110940193825178,1.8987132187795195,5.10968678505358,4,4,4,4.0,0.015,BB
CORP-0268,Healthcare,8232562.15,4155334.05,999452.84,4187544.04,2716127.69,5670457.9928,847931.841,462269.00384,397429.5812,1.5298743373880188,4.938538497459255,2.1335398297221664,4,2,3,2.8,0.06,B
CORP-0269,Manufacturing,174343901.11,57615841.02,21063478.52,77896314.56,38181467.92,128850048.93474999,17215044.82525,5365113.075200001,5700685.196799999,1.5090001552774244,4.524897573647112,3.0198202901843145,4,2,3,2.8,0.06,B
CORP-0270,Retail,158314062.3,63089043.89,13152619.65,72887252.89,34942314.17,132470360.99325,20898462.44255,7345068.989720001,8068770.7967,1.805519908700426,3.4876849476542833,2.5900428911795514,4,3,3,3.2,0.06,B
CORP-0271,Healthcare,21304679.44,6872499.12,2609729.32,8209306.61,5116010.31,10527182.077799998,2013375.2933999998,525401.2236799999,989698.8983,1.3433317572809975,4.077385193366951,2.0343311454204533,3,3,3,3.0000000000000004,0.06,B
CORP-0272,Healthcare,59162800.56,19050908.56,5509190.16,9733225.55,25503507.71,36599592.9116,3903108.2883999995,1305590.08656,897463.2765,0.7469916992057559,2.493711378422949,4.349045125970678,1,4,4,3.4000000000000004,0.03,BB
CORP-0273,Real Estate,65269159.05,23415426.5,8903636.39,14949681.08,13799743.12,37547712.34475,4396618.42325,1568808.9896000002,1459956.4124,1.6968016213333688,3.400268033483135,3.0114723877423617,4,3,3,3.2,0.06,B
CORP-0274,Real Estate,51684772.78,23029493.1,7534098.38,24528027.51,21983673.72,25765800.1175,3473582.8135,1165690.5820000002,2281746.2453,1.0475725483065441,7.061304948502274,1.5223352818723712,2,1,2,1.6,0.25,D
CORP-0275,Manufacturing,22969891.39,12298821.69,1611521.37,9514947.03,11028913.85,21999055.331749998,1819463.8560499998,433804.53064,932041.7508999999,1.1151435088959372,5.229533413571984,1.9521269881881211,2,2,2,2.0,0.12,CCC-C
CORP-0276,Manufacturing,20345628.52,9067004.27,1535455.56,5479988.14,6044308.55,10679808.20745,1164495.3921,391863.10856,483371.2242,1.5000895793117643,4.705890789415344,2.409111949159344,4,2,3,2.8,0.06,B
CORP-0277,Healthcare,38819991.98,15552957.39,3394450.62,2652293.47,10638501.23,25138165.523199998,3172158.874,1386156.2608,237331.2941,1.4619500485784125,0.8361162146508556,13.365952796193007,3,5,5,4.6,0.005,A-BBB
CORP-0278,Energy,128665814.96,41778548.87,6309900.49,21747051.98,44674828.86,91963393.9955,17815098.9405,6340230.899600001,2252684.9994,0.9351697574695532,1.2207090206252678,7.908384414707351,2,5,5,4.4,0.005,A-BBB
CORP-0279,Healthcare,68586079.86,31898607.77,7925958.12,32562177.45,20366924.08,36075996.057399996,5885007.4843999995,2336106.5368,4076275.4235,1.566196625700782,5.533073243545729,1.443721749142008,4,2,2,2.4000000000000004,0.12,CCC-C
CORP-0280,Healthcare,27491451.72,10484705.69,2531117.48,5211288.48,5557885.5,18628538.3036,2974595.596,895469.4100800001,359573.3344,1.886455863475417,1.7519317540198498,8.272570047396707,4,4,5,4.4,0.005,A-BBB
CORP-0281,Real Estate,86158459.46,41742072.27,16149079.39,55049113.38,39805025.51,57657693.871249996,11101694.789250001,4218555.423000001,4868698.4214,1.0486633719029617,4.958622482875785,2.2802182078999453,2,2,3,2.4,0.12,CCC-C
CORP-0282,Retail,2306997.33,1368410.05,314896.28,1819700.98,681142.16,1362073.0812499998,194955.43935,66741.3264,131551.8094,2.008993320865647,9.333932851871465,1.481966992618195,5,1,2,2.2,0.12,CCC-C
CORP-0283,Manufacturing,125619204.25,41880726.22,14058858.95,39200812.13,47812777.7,81954520.89469999,13893196.12205,3388927.6199200004,4464203.1239,0.8759316700397433,2.821583441680787,3.1121335065759013,2,4,3,3.2,0.06,B
CORP-0284,Technology,6992063.1,2542577.18,972721.8,3657545.32,1083363.18,4416617.4598,639698.0681,221003.96136000002,296933.9096,2.346929660282529,5.717611952250321,2.1543449482133514,5,2,3,3.0,0.06,B
CORP-0285,Manufacturing,27717070.88,12248959.72,4447556.23,11849191.84,9171844.24,11504897.6342,1878382.97575,452059.66136,809915.8152,1.3354958282632152,6.308187410647107,2.31923237020153,3,1,3,2.2,0.12,CCC-C
CORP-0286,Technology,12998312.58,7676597.32,1248216.93,6558156.67,4926432.27,10223562.3308,1235640.8792,332844.06064000004,653014.0601,1.5582467999707221,5.307494095085293,1.8922117527006677,4,2,2,2.4000000000000004,0.12,CCC-C
CORP-0287,Manufacturing,10911398.39,5799876.7,1443061.34,7655120.04,7804065.53,10486659.364149999,294246.6687,98615.671,889254.4712,0.7431865708590482,26.015995606070224,0.330891413233976,1,1,1,1.0,0.25,D
CORP-0288,Manufacturing,127143482.15,72404240.86,14793774.57,43415092.58,49082776.75,85322567.192,12225532.93635,4202888.11156,4339510.7774,1.4751455735437788,3.551182006218685,2.817260646066393,3,3,3,3.0000000000000004,0.06,B
CORP-0289,Retail,24947864.83,9982001.33,2195617.14,474677.29,6272493.43,16971222.2141,3752972.07355,843898.566,44179.1487,1.591392871335379,0.1264803682780924,84.94894501102056,4,5,5,4.8,0.0005,AAA-AA
CORP-0290,Manufacturing,56316824.31,33655584.23,7008507.78,26504746.03,22964706.12,44134633.57265,8664103.9039,3503060.6303200005,2548089.7909,1.4655351587839085,3.059144525964115,3.4002349269017667,3,3,3,3.0000000000000004,0.06,B
CORP-0291,Technology,37999342.74,12572076.65,4373923.06,23060391.92,9862250.15,18884983.6357,3744323.3282000003,1369525.5828800001,2564836.9776,1.2747675691434373,6.158760849075971,1.459867960771403,3,1,2,1.8000000000000003,0.12,CCC-C
CORP-0292,Technology,64169644.34,20270669.06,4776615.25,5429968.65,18076632.4,66598957.4159,14106094.475200001,3718672.9580000006,417494.0595,1.1213741924629723,0.3849377770400203,33.7875333893224,2,5,5,4.4,0.005,A-BBB
CORP-0293,Healthcare,43004782.61,23939936.28,6155156.31,29741684.29,12262988.27,33975404.433800004,5246919.541999999,1033607.5537599999,2626853.7687,1.9522106482452015,5.668408682833201,1.9974159218602565,4,2,2,2.4000000000000004,0.12,CCC-C
CORP-0294,Manufacturing,11039692.84,6382923.66,2519558.31,8243560.66,4220609.14,10383053.0401,1659894.9302,511924.26492,685943.7798,1.5123228539470965,4.966314740781055,2.419870227096416,4,2,3,2.8,0.06,B
CORP-0295,Technology,107851605.75,35286414.61,4163577.5,55023916.22,16673627.91,64127269.9977,7638674.0066,2171862.18704,3988244.6166,2.116300951446625,7.203333480713799,1.9152972650689644,5,1,2,2.2,0.12,CCC-C
CORP-0296,Manufacturing,24306233.96,8118968.26,2000410.6,2629456.03,6296668.08,23616334.09975,3169226.00875,1042837.7391200002,223699.3209,1.289407057327373,0.8296839741754817,14.167347473382518,3,5,5,4.6,0.005,A-BBB
CORP-0297,Healthcare,8397277.48,2602755.03,864683.4,3216082.36,1962740.45,7538481.471599999,1362871.1918,396528.284,342885.2508,1.32608212665103,2.3597845338211223,3.974715122975479,3,4,3,3.4000000000000004,0.03,BB
CORP-0298,Retail,25955259.86,8600334.24,1250046.43,5015641.23,4709318.1,19026229.50655,3999203.5093499995,637486.8416,494035.8069,1.8262376967060265,1.2541600391862042,8.094966910282064,4,5,5,4.8,0.0005,AAA-AA
CORP-0299,Energy,178617961.67,64807230.75,18370223.82,98965820.69,76171212.83,128566379.00899999,18388551.7125,5313045.53,9863394.6207,0.8508100152565209,5.381925789333693,1.8643228238996457,2,2,2,2.0,0.12,CCC-C
CORP-0300,Technology,93196594.76,55081329.69,9465144.51,14333418.47,54287930.27,63631633.183299996,8112431.0722,2397632.8230400006,1321500.1041,1.0146146558922773,1.7668462563729295,6.138804716723745,2,4,5,4.0,0.015,BB
CORP-0301,Technology,28101903.31,14061014.01,5065075.82,17039437.82,7251705.83,26598360.488700002,3990456.2152,1479233.7123200002,1667306.5546,1.9389939883978995,4.270047558746611,2.3933548417899324,4,3,3,3.2,0.06,B
CORP-0302,Manufacturing,28084890.8,14985140.25,2969004.33,9290449.76,14531377.24,19419019.6516,3496595.232,923604.7424400001,724572.8128,1.0312264283354329,2.6569989214010348,4.825733411785003,2,4,4,3.6,0.03,BB
CORP-0303,Manufacturing,28871483.87,15383934.05,3057077.61,8917899.24,19917582.19,9801850.279749999,762655.10735,346469.61612,761208.2572000001,0.7723795942322655,11.693226930567674,1.0019007283963548,1,1,2,1.4000000000000001,0.25,D
CORP-0304,Energy,317741266.93,146326883.43,40892242.12,76635156.98,65109092.88,155718100.42,5479868.247,915514.77,7117878.2494,2.247410875462346,13.984853928186059,0.7698738381008308,5,1,1,1.8,0.25,D
CORP-0305,Healthcare,58347989.03,31463960.15,4879080.82,16306904.5,33384470.56,41839067.2776,5124162.676599999,2177222.90144,1535502.775,0.9424729409277773,3.182354958102152,3.3371236835439775,2,3,3,2.8000000000000003,0.06,B
CORP-0306,Real Estate,61223499.17,29310276.34,5436077.05,19314641.87,18625690.64,40900348.976,3638674.1350000002,1099077.8316000002,1831082.4761,1.5736477592435734,5.308153781679601,1.9871710763951864,4,2,2,2.4000000000000004,0.12,CCC-C
CORP-0307,Manufacturing,111583467.25,44004483.43,9900549.15,5789690.66,28805644.03,73483261.3764,9155499.257949999,3559354.05244,509058.3798,1.527634076994459,0.6323730139536231,17.985165594458994,4,5,5,4.8,0.0005,AAA-AA
CORP-0308,Retail,50565958.91,23681708.88,4880595.57,25629754.8,47363417.77,42488264.262499996,6059293.17735,1977657.0626400001,2161578.894,0.4999999998944332,4.22982583113911,2.8031792844429946,1,3,3,2.6000000000000005,0.06,B
CORP-0309,Healthcare,30736390.05,14140355.41,3640620.66,8545002.71,10150475.59,11839437.6724,1507605.3324,619873.70528,1173797.7113,1.3930731899824214,5.667930808122685,1.2843825796272021,3,2,2,2.2,0.12,CCC-C
CORP-0310,Retail,32725009.2,17901755.39,5010558.89,16527824.42,10659834.04,21831431.48935,4860186.99285,1404647.7135600003,1712312.5126,1.6793652999498294,3.400656074409213,2.8383761475118945,4,3,3,3.2,0.06,B
CORP-0311,Manufacturing,37072971.85,22040555.2,5950955.11,19730943.62,13425252.07,13509297.123249998,2247099.1779,521575.01456000004,1898061.7686,1.6417237520069892,8.78062873862084,1.1838914913488026,4,1,2,2.0,0.12,CCC-C
CORP-0312,Technology,38369666.23,16242369.68,4811810.04,20388666.83,8725850.16,33238400.131300002,5485124.372,2378571.2132,1763657.8549000002,1.8614082733687465,3.717083779189829,3.1100841678336804,4,3,3,3.2,0.06,B
CORP-0313,Technology,82443976.15,43614281.71,8388110.41,36205085.93,32426891.49,58601880.173200004,10613407.4501,3299937.0768,3013411.4879,1.3450034741520025,3.411259399982696,3.522057141122907,3,3,3,3.0000000000000004,0.06,B
CORP-0314,Real Estate,41948191.78,13839920.82,1908910.77,18370668.74,7753449.33,28736170.238500003,2674140.42175,903123.2108000002,1617316.7722,1.7850017754613998,6.86974722441013,1.6534425832438666,4,1,2,2.0,0.12,CCC-C
CORP-0315,Healthcare,82858101.09,44167461.97,14497627.64,50726464.24,36076617.63,48852308.0982,9865996.6716,4131683.5952,4788194.3572,1.2242683730215314,5.1415448361157345,2.0604837514092376,3,2,3,2.6,0.06,B
CORP-0316,Energy,36736575.34,15114348.21,5369132.11,16050068.31,16151034.1,32971408.404,4820808.4985,1144670.0304,991789.3593,0.9358130331729039,3.329331234583161,4.860718108432321,2,3,4,3.2,0.06,B
CORP-0317,Manufacturing,43082833.9,13433962.12,2379179.81,18514394.43,13695426.3,36274368.30375,6657218.28585,2447454.88616,1230451.0329,0.9809086497730997,2.7811006992744365,5.410388636238431,2,4,4,3.6,0.03,BB
CORP-0318,Technology,5399404.97,2208215.46,490505.57,2540366.31,2412939.32,4504210.9658,434238.0861,118463.80728000002,204364.2493,0.9151558191691286,5.8501692765267554,2.1248241196166986,2,2,3,2.4,0.12,CCC-C
CORP-0319,Technology,99565639.16,48109402.49,12006700.39,73615312.13,25269741.32,70136810.2344,5071737.3525,1569329.6892000001,6854107.6039,1.9038343875694252,14.514811594830116,0.7399558987977037,4,1,1,1.6,0.25,D
CORP-0320,Retail,56315956.71,18909493.2,4916431.41,41620576.21,21147522.94,41524966.180599995,7926886.946649998,2582439.60072,3596471.5663,0.8941705964169059,5.2505575631540164,2.2040732980978546,2,2,3,2.4,0.12,CCC-C
CORP-0321,Manufacturing,108039786.4,62361682.68,18574243.3,10054120.48,38743216.17,59416366.13284999,10030699.230749998,2005961.80912,1127788.9744,1.609615536468768,1.00233495678728,8.894127765423914,4,5,5,4.8,0.0005,AAA-AA
CORP-0322,Healthcare,2199508.8,711104.99,79985.78,1308147.97,510253.67,2007809.4311999998,210614.0312,54273.77264,88645.3991,1.3936303290087066,6.211115007612086,2.375916103241956,3,1,3,2.2,0.12,CCC-C
CORP-0323,Energy,321457115.77,186124318.07,58897760.82,47936368.21,127574982.71,308731191.76299995,32885072.7905,14077633.7272,3774021.5463,1.4589405706061727,1.4576938453317971,8.713536048234829,3,5,5,4.6,0.005,A-BBB
CORP-0324,Retail,34636215.1,17738634.68,2103647.78,12648572.3,8672270.7,28275908.046049997,5832520.732849999,2279904.91288,1426776.359,2.04544291727425,2.1686287763643164,4.087901159883179,5,4,4,4.2,0.015,BB
CORP-0325,Real Estate,120623274.97,48118271.21,11571798.01,19123837.11,36325846.16,61145339.38525,5535451.2175,1743605.3230000003,1758757.9133000001,1.3246290533208602,3.4547928178900977,3.1473639297597806,3,3,3,3.0000000000000004,0.06,B
CORP-0326,Healthcare,14077580.76,5873520.1,2045754.93,3623422.03,3366607.44,11542862.446,2679486.7602,909551.4523199999,374200.35089999996,1.7446406225490905,1.3522821175386377,7.160567203519424,4,5,5,4.8,0.0005,AAA-AA
CORP-0327,Manufacturing,73498378.67,38383999.77,9034234.52,6313579.58,25335549.67,33224601.21095,3487551.93985,1033921.7427200001,762482.8274,1.515025340675784,1.8103184379446253,4.573941621403132,4,4,4,4.0,0.015,BB
CORP-0328,Energy,13888676.65,6672694.29,965718.52,7367036.07,4636415.61,10795756.5935,1963959.6799999997,841609.106,586364.0120999999,1.4391924390056998,3.7511137041265536,3.349386455294704,3,3,3,3.0000000000000004,0.06,B
CORP-0329,Manufacturing,21342928.81,10703326.76,4233274.41,10406880.38,4422884.87,15863148.270599999,2118826.0604000003,644063.3556,921115.9514000001,2.4199876493732924,4.9116256282195,2.300281584722972,5,2,3,3.0,0.06,B
CORP-0330,Retail,270026687.28,112533455.85,41275655.47,207246584.4,121860235.96,92608236.38114999,16684241.670249999,5648406.09004,17805299.422,0.9234633017364133,12.421696382493996,0.937037972505824,2,1,1,1.2000000000000002,0.25,D
CORP-0331,Manufacturing,32911003.06,14689630.21,4868056.64,16558929.77,7287778.28,15599226.2802,1915496.07045,788576.0440800001,1004814.1531,2.0156527333320575,8.644721346836214,1.9063187600815652,5,1,2,2.2,0.12,CCC-C
CORP-0332,Healthcare,49497507.52,29548044.23,6602613.34,4352614.44,16764252.11,34587367.7552,4906576.2612000005,1264965.80576,371469.7332,1.7625626264815222,0.8870980920890613,13.208549237464497,4,5,5,4.8,0.0005,AAA-AA
CORP-0333,Technology,95064648.69,34620345.37,5371475.3,54119403.52,26464309.7,64001659.2852,9731193.644900002,4327492.318240001,5585984.7156,1.3081900024016118,5.561435266306032,1.742073088335466,3,2,2,2.2,0.12,CCC-C
CORP-0334,Technology,65377053.31,27808577.85,10634649.62,13764064.63,12923838.66,33203383.8773,3316706.8389000003,655258.84424,1350376.4589,2.151727407126266,4.149918970398032,2.45613496669051,5,3,3,3.4000000000000004,0.03,BB
CORP-0335,Technology,46289184.94,17939232.73,4658914.5,18117557.57,23580798.3,36975529.154199995,6915947.9844,3114744.97152,1798824.3071,0.7607559549839328,2.6196781136681446,3.8447045423516895,1,4,3,3.0000000000000004,0.06,B
CORP-0336,Technology,57365922.62,30377175.1,10805362.83,8205305.26,23524612.28,44387926.5102,5519164.6692,1601584.0640800002,692259.9878,1.2912933373114874,1.4866933225946588,7.972676113695214,3,5,5,4.6,0.005,A-BBB
CORP-0337,Real Estate,440497613.33,233113005.45,47235339.03,302449181.11,229304911.66,259844381.47425002,36006637.04325,10823022.5972,24243885.2233,1.0166071182794654,8.399817532159638,1.4851842727190117,2,1,2,1.6,0.25,D
CORP-0338,Healthcare,37594984.29,14576840.04,2923917.25,8616166.53,8755735.06,22929601.9088,2299438.5185999996,388143.34864,939496.7659,1.6648333852166604,3.7470741053976537,2.4475214839055144,4,3,3,3.2,0.06,B
CORP-0339,Manufacturing,48695590.84,15797682.12,6250544.78,10831185.94,14977309.58,41056912.6755,898461.4362,254818.41960000002,894008.7182,1.0547743595482253,12.05525969574163,1.0049806203332838,2,1,2,1.6,0.25,D
CORP-0340,Technology,113879837.79,34554536.75,8864963.45,72149406.01,20651451.42,117214705.7354,16462642.714700002,3898608.5975200003,6811714.2103,1.6732255785438637,4.382613852487704,2.4168134784349617,4,3,3,3.2,0.06,B
CORP-0341,Manufacturing,120303218.31,51518067.94,7326313.72,30764740.96,36142239.87,70647491.37349999,19119385.0619,5188777.260840001,2844200.9188,1.4254254336561683,1.6090863205274415,6.722234331450354,3,4,5,4.2,0.015,BB
CORP-0342,Manufacturing,130519122.37,55222807.52,9161596.49,79836426.1,42210932.14,73843559.1169,13973432.52455,4318001.9664,8935752.283,1.3082584231223282,5.7134441347703895,1.563766774414062,3,2,2,2.2,0.12,CCC-C
CORP-0343,Technology,75431100.55,44995931.06,11005252.58,25347560.19,27180337.19,61657366.13400001,9189227.702200001,3644662.0828800006,2650624.4157000002,1.6554588983007388,2.7583994010651756,3.4668162142365344,4,4,3,3.6000000000000005,0.03,BB
CORP-0344,Manufacturing,12698508.29,5599288.15,631270.88,3549585.42,4020884.51,7723348.2147,1056982.3619,355789.00436,250498.22259999998,1.3925513493547221,3.358225783086268,4.2195204058904965,3,3,4,3.4000000000000004,0.03,BB
CORP-0345,Manufacturing,203959404.06,76877502.57,18355287.55,18116250.14,72216229.3,131496843.12375,19872236.16705,6848253.421840001,1307752.3642,1.0645460627781627,0.911636213846855,15.195718020518797,2,5,5,4.4,0.005,A-BBB
CORP-0346,Energy,12656159.95,7180710.69,1620558.96,7084803.13,2740154.89,10197587.428,1808602.868,420244.1548,699154.2139,2.6205491945749095,3.9172796059062756,2.586843978113653,5,3,3,3.4000000000000004,0.03,BB
CORP-0347,Energy,53899699.74,24110434.43,8048084.22,38968069.03,18473544.15,19156463.4555,1742459.642,434812.808,3469519.5009000003,1.3051331262821055,22.363828745710485,0.5022192962305018,3,1,1,1.4000000000000001,0.25,D
CORP-0348,Technology,18731631.0,8986550.37,1855566.19,6942020.42,14660995.2,18130926.7594,3729823.2608,1730257.5617600002,577384.6625999999,0.6129563680642908,1.8612196703687842,6.459858569855957,1,4,5,3.8000000000000003,0.015,BB
CORP-0349,Manufacturing,37350679.17,12277191.15,4846600.8,25263573.39,10555027.35,25403603.06955,4719203.60975,1232580.08636,2658597.4517,1.163160524638527,5.35335524362729,1.775072644688039,2,2,2,2.0,0.12,CCC-C
CORP-0350,Energy,55326491.94,22953574.04,3540152.12,10788820.33,23113302.57,33751714.252,6274757.111500001,2839306.6324000005,1001330.8099,0.9930893246641732,1.7194004705340535,6.266417700786259,2,4,5,4.0,0.015,BB
CORP-0351,Manufacturing,54918301.71,32032038.71,8882356.38,23173980.85,17499464.28,35867027.31455,6166395.16565,1853341.5378400001,2103892.9755,1.8304582470338342,3.758108299495793,2.9309452702481344,4,3,3,3.2,0.06,B
CORP-0352,Real Estate,60728323.05,28958398.94,3675104.3,14504760.26,17780494.41,37297911.9345,5631269.80725,1803037.0598000004,1475096.8377999999,1.6286610637617247,2.5757530284423225,3.8175594055564726,4,4,3,3.6000000000000005,0.03,BB
CORP-0353,Energy,199976670.27,80660701.25,25824265.2,122028716.39,48605859.88,77130157.5045,14164418.283499999,5745501.838800001,10295973.4417,1.6594851207063965,8.615159051900504,1.375724050154627,4,1,2,2.0,0.12,CCC-C
CORP-0354,Technology,62678829.53,30568474.83,12179278.4,16953943.5,22609968.94,62683765.95390001,11257421.8211,4747833.3448,1924743.645,1.3519910138363949,1.5060236499464648,5.84879022738636,3,4,4,3.8000000000000003,0.015,BB
CORP-0355,Technology,31197339.13,17879922.79,6181832.96,12906277.31,12879377.11,22946306.337500002,3035749.6169,944527.9407200001,1009003.5393,1.3882599008703147,4.251430104166309,3.0086610191734935,3,3,3,3.0000000000000004,0.06,B
CORP-0356,Energy,104436226.28,39915231.19,10645833.71,57558573.01,29531235.09,78881763.903,9569928.600499999,2765140.4876,5747450.0603,1.3516275586968685,6.014524811291982,1.6650738153609075,3,1,2,1.8000000000000003,0.12,CCC-C
CORP-0357,Technology,130838001.86,59077939.21,14499050.05,87239948.0,40256916.06,117908859.81420001,18286816.9575,5769972.863200001,9727907.85,1.4675227263297723,4.77064697496303,1.8798304054144592,3,2,2,2.2,0.12,CCC-C
CORP-0358,Manufacturing,11668368.42,6856417.25,2403235.87,7955332.26,3738232.64,5804615.0413,1320265.5439,458180.46520000004,551627.2578,1.8341333753909976,6.025554705078751,2.393401568235557,4,1,3,2.4000000000000004,0.12,CCC-C
CORP-0359,Real Estate,72377068.22,25456378.69,9693591.09,5110230.21,15575078.85,50185401.024,4418555.8755,1728999.8900000004,433602.8963,1.6344301646986528,1.156538551053568,10.190328323920838,4,5,5,4.8,0.0005,AAA-AA
CORP-0360,Manufacturing,80291373.3,41422253.46,16434774.38,42375526.88,24365384.59,50045929.14915,3834706.0956499996,1228403.57,4539822.0164,1.7000451319369059,11.050527947388147,0.8446820341848676,4,1,1,1.6,0.25,D
CORP-0361,Manufacturing,29574897.34,14324433.02,3136503.18,11110530.81,8427011.68,23938238.9327,3787940.0586,1399685.15608,1192811.7943,1.699823563078294,2.933132689039009,3.175639339501122,4,4,3,3.6000000000000005,0.03,BB
CORP-0362,Energy,157621447.34,79425847.57,31553922.85,62207398.86,42845417.03,50182151.173499994,7655005.395,3452933.9336,5438641.4658,1.8537769748952773,8.126369042225868,1.4075216105230024,4,1,2,2.0,0.12,CCC-C
CORP-0363,Manufacturing,34275604.26,13894160.8,2039355.41,15336666.5,8601810.64,22328885.3,3542859.10005,1241789.0141200002,1211288.905,1.6152600169305749,4.328895410992652,2.924867127425723,4,3,3,3.2,0.06,B
CORP-0364,Manufacturing,45153414.18,17797841.86,3133575.83,6983152.21,10828972.95,25616839.07365,4154991.35425,1433190.4262,728615.3763,1.6435392296367313,1.6806658822183036,5.702585327459826,4,4,4,4.0,0.015,BB
CORP-0365,Real Estate,33495718.27,16924143.79,2144370.89,16431821.09,8566920.31,23011583.8205,3194925.7045,634151.6488000001,1770581.9027,1.975522495551263,5.143099592850016,1.8044495426209803,4,2,2,2.4000000000000004,0.12,CCC-C
CORP-0366,Manufacturing,40450074.68,14750645.0,2677560.02,9079118.75,11953698.99,30195874.7404,6778767.699449999,742556.983,658508.9325,1.2339816329940896,1.3393464937198898,10.29411654860126,3,5,5,4.6,0.005,A-BBB
CORP-0367,Real Estate,13305990.6,5666973.81,1872261.98,1630297.04,4895015.36,6790286.3295,475013.13175000006,166762.88800000004,117285.6812,1.1577029678615756,3.4321094113626045,4.050052204923375,2,3,4,3.2,0.06,B
CORP-0368,Real Estate,9435116.81,3363169.97,1196875.87,5082507.45,3279121.63,4808258.665750001,522057.39875,163098.0742,474598.70349999995,1.0256313578706748,9.73553379794907,1.0999975240134638,2,1,2,1.6,0.25,D
CORP-0369,Technology,196172525.71,59340512.21,19800017.78,108635772.68,37720443.23,138862468.836,20112459.776499998,5607703.461360001,10802785.7204,1.5731658254430327,5.401416529217043,1.8617845708556073,4,2,2,2.4000000000000004,0.12,CCC-C
CORP-0370,Technology,17073509.22,10090737.75,2919449.56,10163673.89,13303418.92,9643307.7741,654207.3902,222091.9064,869136.0366999999,0.7585071033754983,15.53585918204444,0.7527100046201548,1,1,1,1.0,0.25,D
CORP-0371,Technology,14777372.01,6347042.26,1613354.38,4564170.43,3767099.99,13022426.5717,1838861.4335,579549.7344000001,457281.5329,1.6848616380899408,2.482063273964465,4.021289514663452,4,4,4,4.0,0.015,BB
CORP-0372,Technology,4623256.51,2731442.53,853879.76,3080584.59,1875574.97,3055067.7339000003,712055.3531000001,292101.06744,244438.0777,1.456322766985955,4.326327407817924,2.9130295893339047,3,3,3,3.0000000000000004,0.06,B
CORP-0373,Technology,21021121.0,7191263.61,1562302.48,8879891.67,3680549.67,4181692.5878000003,631620.9354,206469.84904000003,532793.5001000001,1.9538558788149707,14.058893827476512,1.185489190993229,4,1,2,2.0,0.12,CCC-C
CORP-0374,Energy,10605785.44,5050581.44,1779787.05,6356554.26,4102051.47,6536136.1065,1055815.039,274771.7888,531671.6278,1.231233073728351,6.020518770049457,1.9858404770795257,3,1,2,1.8000000000000003,0.12,CCC-C
CORP-0375,Technology,205717650.95,74118467.06,22469534.21,121467043.19,52244938.39,110878733.1561,9645536.336800002,3850626.3796000006,11047243.2157,1.4186726857005296,12.593083365056074,0.8731170436342041,3,1,1,1.4000000000000001,0.25,D
CORP-0376,Retail,109322970.3,58708866.18,18161083.42,29617269.37,30124392.48,41691910.147649996,4968922.30345,1503742.5438,2543009.8511,1.948881333257679,5.960501606039658,1.9539532264496147,4,2,2,2.4000000000000004,0.12,CCC-C
CORP-0377,Healthcare,20012140.15,10708714.26,2792627.05,5300621.29,5215483.77,10393580.9964,1364055.4508,493955.76463999995,384936.15869999997,2.0532542583293285,3.8859280147968014,3.5435887743221253,5,3,3,3.4000000000000004,0.03,BB
CORP-0378,Technology,378768517.75,126426168.2,46217449.36,154780808.8,102958015.57,283285649.1374,37992640.9954,10706597.632640002,9714858.534,1.227939053604275,4.073968135532886,3.9107765555652296,3,3,3,3.0000000000000004,0.06,B
CORP-0379,Healthcare,106298899.13,60975103.92,10707497.76,75503444.29,38770661.64,106488586.9332,22797309.8714,6109994.76608,6213077.8587,1.572712492919943,3.3119453442496587,3.6692458053583796,4,3,3,3.2,0.06,B
CORP-0380,Retail,28779348.34,10314198.83,2210789.69,9471393.46,6375575.13,19985032.79045,3555028.6271499996,1161546.8004,979956.1738,1.6177675926783408,2.664224244965656,3.6277424666498894,4,4,3,3.6000000000000005,0.03,BB
CORP-0381,Technology,3270960.68,1582795.64,527534.34,1311921.2,959583.34,2020198.9079999998,190761.5255,61239.46920000001,142793.386,1.6494613589268858,6.877284067431092,1.3359269000036178,4,1,2,2.0,0.12,CCC-C
CORP-0382,Energy,393638121.79,234486326.63,58111496.24,179539062.9,168094203.43,298182338.9025,48402519.40799999,17346793.200000003,19357129.877,1.3949697362862834,3.7092916876208246,2.5005008343469095,3,3,3,3.0000000000000004,0.06,B
CORP-0383,Energy,9923612.07,5604051.89,2055365.63,2670356.52,2784548.23,5973564.4055,1044842.6439999999,311894.2468,207650.5456,2.0125533577128953,2.555749935489808,5.0317356064775005,5,4,4,4.2,0.015,BB
CORP-0384,Real Estate,7683619.27,4510047.69,919688.0,4995398.79,6060925.84,3936602.0065,814905.95125,141053.0628,363137.5437,0.7441186064734956,6.130031057372278,2.2440696793477817,1,1,3,1.8,0.25,D
CORP-0385,Healthcare,110726132.08,44598230.66,9401264.68,29729226.24,33493523.18,59236246.02939999,13566701.7536,3871639.42336,2897098.8071999997,1.331547906152523,2.1913377901236153,4.682857802393009,3,4,4,3.8000000000000003,0.015,BB
CORP-0386,Healthcare,456798259.61,151507508.77,55545794.5,222088592.68,90227494.46,193068609.4192,19161150.209,7348406.06064,22103700.3604,1.6791722930660222,11.590566863553155,0.8668752243551157,4,1,1,1.6,0.25,D
CORP-0387,Retail,158977432.88,56676100.58,13563219.75,80682205.81,33677841.76,92401226.51759999,10113972.553299999,2995858.93628,7745697.0243,1.6828899245947404,7.9773012419017215,1.3057537006121185,4,1,2,2.0,0.12,CCC-C
CORP-0388,Technology,69993232.73,31507346.52,8029249.49,37562523.35,15436426.81,52968480.2192,4614672.6353,1385736.9416800002,2253751.4005,2.04110361211242,8.139802390892255,2.047551754943435,5,1,3,2.6,0.06,B
CORP-0389,Healthcare,72185831.26,38833732.49,7760110.38,32157483.7,19620030.11,52972471.4388,7326040.2025999995,2922431.58192,2476021.131,1.979290157674483,4.389476826592811,2.958795509003271,4,3,3,3.2,0.06,B
CORP-0390,Healthcare,93494723.43,32259989.06,5903609.7,19724132.37,23279244.24,62996577.9998,10918435.7868,2872008.7336,1766388.1310999999,1.38578334964022,1.8064979961548864,6.181221213256601,3,4,5,4.2,0.015,BB
CORP-0391,Real Estate,85065200.9,42355618.87,12570495.96,56178892.46,20968662.78,40270662.36725,8028630.100250001,1578233.9258,5466671.0038,2.019948497164014,6.997319811539289,1.4686506824114947,5,1,2,2.2,0.12,CCC-C
CORP-0392,Manufacturing,52756177.05,20948068.33,2847935.94,859959.5,17249964.06,40599946.484,5935811.5940000005,1823181.6250800001,87294.155,1.2143833028948352,0.14487648173827802,67.99781261414353,3,5,5,4.6,0.005,A-BBB
CORP-0393,Manufacturing,44198486.48,17783730.5,6469397.36,15176626.83,9498055.09,19802644.32785,2653705.30865,746397.3016400001,1398735.6449,1.8723549538814057,5.719032471514591,1.8972171891992655,4,2,2,2.4000000000000004,0.12,CCC-C
CORP-0394,Healthcare,37408438.76,18650924.29,6224950.04,15398810.15,8385418.98,33588784.5676,5293186.013,1284657.8056,1462298.0644999999,2.224208991164804,2.9091760826429884,3.619772289591238,5,4,3,3.8000000000000003,0.015,BB
CORP-0395,Retail,18737462.33,8246353.91,1296528.7,8245076.51,4152289.4,9043506.1577,978894.9247,299512.20908,752552.7153,1.9859776416354795,8.422841207933377,1.3007659195140504,4,1,2,2.0,0.12,CCC-C
CORP-0396,Real Estate,30078612.32,16351034.08,5039486.54,7966525.71,10601664.81,15140747.432500001,3852971.0125,1384451.2890000003,798917.3813,1.5423081537700492,2.067631883072725,4.822740251602034,4,4,4,4.0,0.015,BB
CORP-0397,Real Estate,7326754.35,2540739.29,713413.87,3515915.54,1858232.05,2876837.603,200276.65475,63939.70720000001,332932.5362,1.36728848800127,17.555293922743136,0.6015532667245516,3,1,1,1.4000000000000001,0.25,D
CORP-0398,Manufacturing,36094836.26,19382366.91,3011254.51,16770825.57,21813148.21,21088979.880549997,3358146.49555,1157077.87,1525911.4271,0.888563481227087,4.994072054993318,2.200747983080623,2,2,3,2.4,0.12,CCC-C
CORP-0399,Healthcare,14818825.04,4731214.78,860896.82,7919346.55,2912922.42,13860917.5518,3481589.5779999997,1619191.9766399998,680861.6065,1.6242158553608168,2.274635298784778,5.113505512371698,4,4,4,4.0,0.015,BB
CORP-0400,Healthcare,13209022.58,4731685.4,1053727.18,7000065.12,4489635.21,11213642.279199999,1685858.8953999998,493231.21264,638541.5436,1.053913108454974,4.152224803096057,2.6401710464997845,2,3,3,2.8000000000000003,0.06,B
CORP-0401,Technology,47673876.87,23686523.27,7337441.12,22698644.16,20026717.97,43196004.269600004,6068954.2914,2077208.1876000003,2207871.4847999997,1.1827461347127566,3.7401244217912577,2.74878059397092,2,3,3,2.8000000000000003,0.06,B
CORP-0402,Real Estate,160211005.12,89153851.15,25998780.63,90637186.6,87089679.47,112297035.39525,14837552.2425,4143578.3270000005,8520995.048,1.0237016796084437,6.1086347073059,1.7412933769962213,2,1,2,1.6,0.25,D
CORP-0403,Manufacturing,99763865.44,37491648.55,9735473.41,44418341.5,28492492.37,48254498.6145,6802939.287799999,1716321.86548,4251385.905,1.3158430671188066,6.529286771624921,1.6001697892913342,3,1,2,1.8000000000000003,0.12,CCC-C
CORP-0404,Healthcare,8281207.89,3297224.88,1089809.2,1740434.28,2214668.04,5712473.483,1248989.045,341233.03216,191692.86839999998,1.4888122375216106,1.3934744159425354,6.515573873065379,3,5,5,4.6,0.005,A-BBB
CORP-0405,Retail,14803465.45,6826414.17,2234840.49,2776934.08,4241468.73,7673937.962949999,302406.13899999997,85187.60516,260969.21240000002,1.6094458322223677,9.182796649508495,1.1587809007006067,4,1,2,2.0,0.12,CCC-C
CORP-0406,Real Estate,102029361.53,37084799.97,10582434.94,43532294.99,29437115.49,84300648.87775001,19108570.135750003,6664267.922600001,3494120.6196999997,1.2597973460612326,2.278155543860183,5.468778046188525,3,4,4,3.8000000000000003,0.015,BB
CORP-0407,Manufacturing,14909551.51,8101058.27,2722741.58,2942597.77,4202418.23,6979702.216349999,550015.4853000001,279367.19916,303835.2931,1.9277134798646631,5.350027133136064,1.8102422522684876,4,2,2,2.4000000000000004,0.12,CCC-C
CORP-0408,Technology,31812404.49,16927093.91,3390141.65,1709916.44,11948104.81,28333812.843700003,3872308.0669,1017319.3212,118851.2032,1.4167178961999747,0.44157551787166666,32.58114316591117,3,5,5,4.6,0.005,A-BBB
CORP-0409,Real Estate,69030024.05,23717854.33,8642189.81,44283236.81,20016569.84,52352912.1115,6729327.046000001,1929096.0178000003,3267164.0443,1.1849110271932586,6.580633770255308,2.0596844709221753,2,1,3,2.0,0.12,CCC-C
CORP-0410,Technology,15121914.56,6640772.44,1889120.63,10945325.79,4175229.08,16044213.3852,2878775.718,906670.8705600002,1040218.6836999999,1.5905169064400175,3.802076598591068,2.767471651018952,4,3,3,3.2,0.06,B
CORP-0411,Retail,44250423.77,23561064.24,8168834.3,9508490.39,10309287.81,25578535.249749996,1792896.2817499998,630496.91068,929416.4317,2.2854211342461297,5.303424680383078,1.9290559329477368,5,2,2,2.6,0.06,B
CORP-0412,Real Estate,10490435.6,4208750.8,1110620.87,2971866.73,2575633.64,7662318.38325,1326413.4610000001,452418.49500000005,211966.11190000002,1.6340642297248453,2.2405281741934915,6.257667554074714,4,4,5,4.4,0.005,A-BBB
CORP-0413,Real Estate,21826433.87,10693469.42,1770105.75,5055844.92,7892687.94,21251439.052,5338690.48975,2256812.1582000004,425994.0576,1.3548577495134058,0.947019672653238,12.532312116811086,3,5,5,4.6,0.005,A-BBB
CORP-0414,Manufacturing,54831858.04,17275541.04,4538682.63,23571691.48,19432216.72,30971985.5638,2534787.5562,319100.94136000006,1907155.9144,0.8890154576250526,9.2992769442727,1.3290929897556152,2,1,2,1.6,0.25,D
CORP-0415,Energy,8097016.89,3907674.02,825822.42,1702849.99,2767013.86,3392999.5275,541133.579,69830.91360000001,140825.4497,1.412235072794323,3.14682003868032,3.842583710208454,3,3,3,3.0000000000000004,0.06,B
CORP-0416,Manufacturing,61865593.18,21392868.1,6615738.27,16658132.66,13421112.9,21902790.9456,2560455.78185,717771.9184800001,1735010.5898000002,1.5939712495824396,6.505924756866545,1.4757580137566488,4,1,2,2.0,0.12,CCC-C
CORP-0417,Retail,39050342.35,21445471.66,5205633.85,19997890.36,15944972.18,29629315.914099995,5075334.7140999995,2069640.36832,2011739.4108,1.3449676435873217,3.9402111361134518,2.5228589184330352,3,3,3,3.0000000000000004,0.06,B
CORP-0418,Retail,69198514.56,28138526.83,9871947.46,10225486.28,33745466.13,23583740.64515,3560139.9102499997,693330.6897999999,917360.7583999999,0.8338461445931729,2.8722147268875022,3.88085044803896,2,4,3,3.2,0.06,B
CORP-0419,Energy,49819355.65,19153856.3,5811696.67,18020038.87,16515164.91,30723883.6325,3623134.0865,287638.49040000007,1474229.6761,1.159773844486546,4.973605293037227,2.4576456065413215,2,2,3,2.4,0.12,CCC-C
CORP-0420,Healthcare,155808840.12,86048032.88,26275913.85,19749615.2,41333171.77,129978052.7292,22667342.3882,8289319.093920001,1377639.446,2.0818153844766023,0.8712805789831414,16.45375533780992,5,5,5,5.0,0.0005,AAA-AA
CORP-0421,Healthcare,45137525.19,14220270.69,2348429.36,7725966.34,6857768.1,35514791.6456,8531271.110199999,2896303.2216,859921.4902,2.073600402148332,0.9056055352364578,9.920988377922502,5,5,5,5.0,0.0005,AAA-AA
CORP-0422,Healthcare,25921789.3,10860779.71,4292993.94,2876479.94,9482545.47,21566504.4778,3029119.2995999996,705128.47168,284431.24820000003,1.1453443323167107,0.9496093271664289,10.649741611618042,2,5,5,4.4,0.005,A-BBB
CORP-0423,Technology,45005600.84,18497349.75,6520363.19,16554266.21,10455780.54,34584857.9167,6432364.993600001,1551208.7645600003,1314408.1363,1.7691027158838972,2.5735893759870545,4.893734918369282,4,4,4,4.0,0.015,BB
CORP-0424,Manufacturing,68565361.38,26427840.59,8898292.65,24351685.98,25693747.46,60445206.13905001,5158173.39695,1250446.98884,2454503.6494,1.0285708860158618,4.7209901850913,2.101513843017063,2,2,3,2.4,0.12,CCC-C
CORP-0425,Technology,41818946.92,23984265.88,4774417.52,1603005.11,11633097.66,23196067.349,2370131.9733,779400.8913600001,142581.9233,2.061726513520905,0.6763358024186694,16.62294853684303,5,5,5,5.0,0.0005,AAA-AA
CORP-0426,Manufacturing,41474597.58,21785715.15,5679307.1,13734134.0,13632308.57,23015988.3298,3996043.1172999996,1078511.1702400001,1176924.05,1.5980943387639295,3.4369333855635977,3.3953279460131682,4,3,3,3.2,0.06,B
CORP-0427,Manufacturing,19737053.44,6299612.5,889070.34,2158557.05,3351113.33,10637598.230999999,2385011.2347999997,857471.4331600001,208361.57149999996,1.8798565967925651,0.9050511035353719,11.44650243147163,4,5,5,4.8,0.0005,AAA-AA
CORP-0428,Real Estate,20523868.47,10557605.9,2761265.74,14463110.98,12970626.8,15365804.32475,2578084.90675,236229.57900000006,1140814.4194,0.8139626606171415,5.610021199120462,2.259863535127754,2,2,3,2.4,0.12,CCC-C
CORP-0429,Manufacturing,9795118.7,4488022.89,645228.57,5201518.67,2534095.95,8015997.636949999,1076926.02795,270795.04240000003,441315.84010000003,1.7710548371303776,4.829968386873735,2.4402614411165793,4,2,3,2.8,0.06,B
CORP-0430,Technology,229078831.17,130634578.64,34737217.58,110464426.5,87268306.43,185582031.79880002,27830729.6449,6398721.216160001,10143055.285,1.496930374657667,3.96915308759225,2.7438211527898617,3,3,3,3.0000000000000004,0.06,B
CORP-0431,Technology,11480227.49,4521874.31,1332219.07,6145696.16,2456510.22,10830398.933899999,947439.1108,283751.14040000003,507070.5248,1.840771625204148,6.486639711137413,1.8684562885482079,4,1,2,2.0,0.12,CCC-C
CORP-0432,Healthcare,19917211.24,9405875.12,2041627.87,6138124.05,5040804.76,10566644.5562,1904381.6165999998,527430.25504,614035.0815,1.8659471191262722,3.2231586340130396,3.101421521304398,4,3,3,3.2,0.06,B
CORP-0433,Energy,19415703.09,8741465.65,2181550.44,10072066.21,5727174.33,18705633.919,3631075.05,1393706.4712000003,1188866.3863,1.5263138759738086,2.7738523911809536,3.05423308442647,4,4,3,3.6000000000000005,0.03,BB
CORP-0434,Technology,97457249.87,43550552.83,15795612.02,20005095.44,34573036.58,97966895.65390001,12480540.026500002,2137330.6500000004,1574111.4932,1.259668144255323,1.6029030312408812,7.928625183422301,3,4,5,4.2,0.015,BB
CORP-0435,Technology,29652302.06,12953063.14,1717173.89,10197630.57,7148969.06,25556821.0989,3232884.0089000002,1046288.3776800002,663081.7571,1.8118784724464874,3.154344709530664,4.875543587624966,4,3,4,3.6000000000000005,0.03,BB
CORP-0436,Healthcare,138688653.05,50162138.41,16930718.33,22438902.51,33986611.64,150751541.7452,24616808.9146,8976935.73408,1346334.1553,1.4759382000576506,0.9115276715127645,18.284323262314253,3,5,5,4.6,0.005,A-BBB
CORP-0437,Technology,20307673.46,10696315.14,1617564.86,15830698.57,9293983.04,8661112.5874,1110042.9522,520090.4144800001,1389032.6371,1.1508860188322445,14.261338751464576,0.7991482147730739,2,1,1,1.2000000000000002,0.25,D
CORP-0438,Healthcare,52640385.18,22919666.34,2544367.05,3191260.71,20248144.26,34395425.094399996,5045580.791599999,1420122.7246400001,255468.5013,1.131939107391563,0.632486296783293,19.750304894437484,2,5,5,4.4,0.005,A-BBB
CORP-0439,Healthcare,17272962.0,10148813.16,1579889.91,2778879.48,11163162.47,10601504.099,2703236.0763999997,935202.60096,258763.44439999998,0.9091342338942058,1.0279825370267837,10.446746381306092,2,5,5,4.4,0.005,A-BBB
CORP-0440,Technology,340235685.4,128691605.81,42405551.57,66222906.59,99308002.78,292367667.1916,40244033.68440001,7070513.581040001,6091776.6377,1.295883536144558,1.6455335245301297,6.606288457023019,3,4,5,4.2,0.015,BB
CORP-0441,Technology,12144677.68,6130914.47,1358229.44,8469975.5,3158512.02,6520166.3709,861203.0882,110788.18296000002,558609.6849999999,1.941076820723956,9.835050078260972,1.5416902200684188,4,1,2,2.0,0.12,CCC-C
CORP-0442,Real Estate,54288376.99,31607514.13,11434212.78,17759452.54,20117670.41,40032886.981,4708784.649,1825039.9360000002,1114880.5762,1.5711319196425784,3.771557602187553,4.22357761855498,4,3,4,3.6000000000000005,0.03,BB
CORP-0443,Manufacturing,75058388.42,37456950.28,9641878.31,15481679.47,29079385.32,67318332.58765,12602638.016099999,4027238.2196400007,1462074.3041,1.2880929176394298,1.228447524258175,8.619697357897092,3,5,5,4.6,0.005,A-BBB
CORP-0444,Manufacturing,60237105.9,33816019.29,3607327.43,28690958.32,18560421.97,47231847.5281,6656799.499949999,2757785.65552,2640469.9896,1.8219423752680985,4.310022905183716,2.5210661458638377,4,3,3,3.2,0.06,B
CORP-0445,Healthcare,33089029.19,18140871.25,5714629.92,22573210.39,15544752.26,26648090.587599996,3131986.0093999994,658117.22928,1887407.7417,1.1670093512316935,7.207315205831457,1.6594114457637013,2,1,2,1.6,0.25,D
CORP-0446,Real Estate,34976231.9,14271537.79,1899111.72,11482869.86,9278438.09,16329690.28525,3528277.82625,1275797.6406,748026.8258,1.5381401106056203,3.2545254159320187,4.716779805960269,4,3,4,3.6000000000000005,0.03,BB
CORP-0447,Real Estate,41608351.9,19973555.99,6727371.09,5129743.6,13985636.0,20335586.863,4493761.0385,2109845.1944000004,497948.66799999995,1.428147850408805,1.141525674385278,9.024546760109017,3,5,5,4.6,0.005,A-BBB
CORP-0448,Healthcare,34380427.71,11925827.82,1794011.4,5118623.34,6582846.03,33931018.930999994,4071003.6717999997,1439411.0207999998,558331.7202,1.8116522497488825,1.2573369499656564,7.291370926125647,4,5,5,4.8,0.0005,AAA-AA
CORP-0449,Manufacturing,104414500.43,48099350.38,9794659.06,59204786.59,55343310.98,83338567.55455,4723046.839199999,1615879.5818800002,5575299.1577,0.8691086515836065,12.535295245987493,0.8471378316403054,2,1,1,1.2000000000000002,0.25,D
CORP-0450,Technology,363221355.66,134074660.99,44027628.75,189422432.8,115589486.14,261845711.38180003,52467513.6531,16825517.66896,14640060.464000002,1.1599209016952552,3.610280335607406,3.583831759583093,2,3,3,2.8000000000000003,0.06,B
CORP-0451,Healthcare,22805407.0,11929988.33,4608189.52,5275536.01,14123314.56,15357913.7716,1777962.7744,345510.58864000003,478323.7903,0.844701736219065,2.9671802390690143,3.717069504916072,2,4,3,3.2,0.06,B
CORP-0452,Manufacturing,10121748.87,4639987.08,981033.33,2989576.87,3323388.96,3337040.25065,632473.5055,270980.63952,207800.3761,1.3961613087864384,4.726801745847993,3.0436590990366352,3,2,3,2.6,0.06,B
CORP-0453,Manufacturing,36459694.63,15435875.61,5384343.15,15695805.17,7777940.72,17834903.00045,918404.9268999998,249008.40276000003,1661705.6450999998,1.984571002233095,17.090288510297846,0.5526880946743917,4,1,1,1.6,0.25,D
CORP-0454,Real Estate,525420439.74,199995578.46,31446840.7,265642945.67,154101035.94,481426964.51875,93700066.03275001,33765630.2862,24233985.660099998,1.2978211161271445,2.835034775505415,3.8664736105304507,3,4,3,3.4000000000000004,0.03,BB
CORP-0455,Technology,17828795.48,10690315.94,3657733.62,8151522.23,8250442.17,8824488.6639,789274.6498,153874.81928000003,517439.44690000004,1.2957264252904883,10.327865252058423,1.525346887502635,3,1,2,1.8000000000000003,0.12,CCC-C
CORP-0456,Manufacturing,205122271.46,65949508.92,19603373.99,106797595.77,35673648.44,143512388.06405,26770543.401699997,6040591.79612,9130114.1331,1.848689769730769,3.9893697399963153,2.932114868602463,4,3,3,3.2,0.06,B
CORP-0457,Technology,213191379.18,66743442.23,10533653.76,43500506.71,34628388.39,194292987.39760002,29282605.961700004,12732281.816800002,4217353.3613,1.927419823247512,1.4855408281249356,6.943360788879601,4,5,5,4.8,0.0005,AAA-AA
CORP-0458,Manufacturing,22894602.87,8360587.43,1594791.99,13899886.61,5708555.04,10495525.04345,1073724.00335,313759.13908,1181549.9282999998,1.4645715722134824,12.945493037906015,0.9087419647977648,3,1,1,1.4000000000000001,0.25,D
CORP-0459,Technology,70349278.05,41599057.33,5804369.16,49669973.31,23450807.27,53579227.6565,6946449.5828,3030472.2520800005,4264741.5993,1.773885941368704,7.150411547358967,1.6288090195054648,4,1,2,2.0,0.12,CCC-C
CORP-0460,Technology,202935067.87,120497049.61,25893623.44,84015571.92,112696408.88,182377872.9045,33615145.955299996,10546467.902880002,6018368.6976,1.0692181836806014,2.4993368177463924,5.585424829273922,2,4,4,3.6,0.03,BB
CORP-0461,Technology,27258399.2,13533204.25,2180126.02,9791854.01,6597734.0,19906124.110600002,3091316.0187,533710.0787200001,964479.1603000001,2.0511897342329957,3.1675357520121143,3.2051662139993256,5,3,3,3.4000000000000004,0.03,BB
CORP-0462,Energy,32489244.04,18324973.3,5372870.92,2658366.35,7766522.18,37935367.9185,6798801.261999999,2660815.6288,213394.94050000003,2.3594825167936366,0.39100515628515226,31.860180218284032,5,5,5,5.0,0.0005,AAA-AA
CORP-0463,Healthcare,22260382.48,8106975.73,3229426.2,6064275.14,4745121.84,9756799.973599998,2427706.7731999997,662299.3193600001,363856.50419999997,1.70848631570649,2.497943823753715,6.672154393770488,4,4,5,4.4,0.005,A-BBB
CORP-0464,Manufacturing,14436110.07,8540585.02,884828.09,8212415.76,12818555.5,12195736.428949999,875506.54305,329098.62348,693383.6228,0.6662673512627846,9.380187761236401,1.2626582374624842,1,1,2,1.4000000000000001,0.25,D
CORP-0465,Real Estate,20805386.03,7132823.99,1870768.14,8595395.71,5586887.98,12342082.27375,2849300.8765,917522.9464000001,900086.1613,1.2767078945441823,3.0166683276208937,3.165586806028366,3,3,3,3.0000000000000004,0.06,B
CORP-0466,Manufacturing,11711241.3,3868662.83,1052663.08,6459464.15,2216833.44,9332813.102799999,1448618.6878,284726.79028,543861.4245,1.7451301302997306,4.4590506835238415,2.663580505147594,4,3,3,3.2,0.06,B
CORP-0467,Retail,41205548.12,13748785.83,5145656.84,11400119.39,10326510.14,29464045.783549998,3095516.1524,1031251.3358,1323209.2917,1.3314068009039886,3.6827846564978564,2.339400253472389,3,3,3,3.0000000000000004,0.06,B
CORP-0468,Real Estate,18439889.23,8702491.39,2191301.26,10980611.63,4332012.81,9337236.86675,779512.856,386402.84800000006,1058909.9989,2.0088794220347657,14.086504854257337,0.7361464683587473,5,1,1,1.8,0.25,D
CORP-0469,Retail,50313596.76,26882168.35,7072978.76,13158645.6,15491697.69,34256939.08315,4814606.5807,1730556.97388,1251142.078,1.735262905843601,2.7330676721849314,3.8481693369280157,4,4,3,3.6000000000000005,0.03,BB
CORP-0470,Real Estate,8403042.11,3445248.55,832013.19,5017145.78,2829982.6,2790022.3665,547074.577,172546.54560000004,441880.2234,1.2174097996220894,9.170862604350193,1.238060786677877,3,1,2,1.8000000000000003,0.12,CCC-C
CORP-0471,Technology,55443787.76,32898613.6,5943835.0,26520258.28,21745313.49,46450308.8868,6671311.528700001,2708735.7533600004,2359658.7284,1.5129059240801042,3.9752690555537358,2.827235755919492,4,3,3,3.2,0.06,B
CORP-0472,Real Estate,91653797.08,39441015.68,4607055.34,28348082.35,34522682.61,61061094.29675,13772802.82975,4639416.5256,2439314.0905,1.1424667116852423,2.0582653146508862,5.64617852345817,2,4,4,3.6,0.03,BB
CORP-0473,Technology,5423567.45,1871860.59,416671.12,211121.87,1311776.54,4578771.7066,354585.6496,119411.23376000002,18043.7361,1.4269660517026779,0.5954044396273842,19.651453980198703,3,5,5,4.6,0.005,A-BBB
CORP-0474,Real Estate,57890078.37,25459478.98,2947633.34,35799130.2,19918809.17,45386304.268750004,6780512.006250001,1577621.6324000002,3506990.456,1.2781627035387677,5.279708990560273,1.933427561700214,3,2,2,2.2,0.12,CCC-C
CORP-0475,Manufacturing,135932499.39,68470715.54,18154855.54,57339402.75,34758389.5,99148147.36874999,8663597.61835,2934428.45596,4355646.1925,1.9699047201251947,6.618428656999471,1.989049898788353,4,1,2,2.0,0.12,CCC-C
CORP-0476,Real Estate,11879906.26,6530001.16,1254988.47,3908173.36,2782981.48,7638231.584749999,1284609.9610000001,517486.46580000006,288663.91079999995,2.3464048204877024,3.042303484053398,4.4501924658328305,5,3,4,3.8000000000000003,0.015,BB
CORP-0477,Technology,212100841.47,92821794.54,24141159.2,79295839.83,100074745.04,120398101.5055,23398693.126900002,5922560.862400001,5800655.1649,0.9275246667168526,3.3889003714843615,4.03380177957939,2,3,4,3.2,0.06,B
CORP-0478,Manufacturing,60552360.37,28948996.45,4061228.35,5513725.14,39617438.32,33246826.45605,4287574.2491,1860634.28756,665422.9142,0.7307134857173673,1.285977762637552,6.443382332654873,1,5,5,4.2,0.015,BB
CORP-0479,Real Estate,19677534.15,7481465.65,2841378.28,3594980.25,5336543.3,15819632.878,316392.65725000005,98924.441,352146.8075,1.4019310308978474,11.362401015392084,0.8984680551164731,3,1,1,1.4000000000000001,0.25,D
CORP-0480,Manufacturing,37664588.82,18597830.76,6850629.49,23024085.58,20834784.0,34194475.404249996,5469317.685099999,1361742.1816,2177327.5174,0.8926337206087667,4.2096815189076064,2.511940735324489,2,3,3,2.8000000000000003,0.06,B
CORP-0481,Energy,69603604.48,41469241.71,6510627.52,45505788.83,27309622.09,44512982.460999995,7648974.143499999,3058140.6828,3373675.4049,1.518484641542691,5.949266918188008,2.2672525437362654,4,2,3,2.8,0.06,B
CORP-0482,Energy,42969683.56,13523250.01,2745669.87,6457950.55,7514693.29,29555427.808999997,5030769.395500001,1494422.5496000003,641598.2565,1.7995744454395424,1.2836904342657023,7.840996050929887,4,5,5,4.8,0.0005,AAA-AA
CORP-0483,Manufacturing,68254641.19,38629342.2,10972580.89,28582064.55,18415473.38,35282830.67005,7472519.2915,2845245.3457600004,2522408.0664999997,2.0976567586882204,3.824956943572181,2.9624545650413308,5,3,3,3.4000000000000004,0.03,BB
CORP-0484,Energy,15860247.94,7433456.35,956729.41,6095679.73,4703058.78,13947005.037,1345151.2055,399051.62840000005,568193.7519,1.5805578236893734,4.531594444606845,2.367416398019001,4,2,3,2.8,0.06,B
CORP-0485,Manufacturing,47174347.8,17720081.29,3656899.31,24525565.1,12454916.09,36754695.315299995,6763261.0814499995,2131873.95744,1848018.383,1.4227379102318785,3.6262928200816815,3.6597369072004517,3,3,3,3.0000000000000004,0.06,B
CORP-0486,Real Estate,9686904.73,5681049.11,996079.28,2633833.53,8016765.56,8920561.12375,1869975.97825,672227.9692,243376.83589999998,0.7086460328022864,1.4084852215400376,7.683459156393774,1,5,5,4.2,0.015,BB
CORP-0487,Technology,35632686.64,15856769.72,5940818.35,18571230.32,10497876.22,20244539.8792,1236346.6206,424402.88800000004,1553344.0796,1.5104740604381026,15.021054783962905,0.7959257944436691,4,1,1,1.6,0.25,D
CORP-0488,Retail,16128401.73,6443410.61,2292263.88,8831407.94,4215471.23,9405127.9357,1561087.5076999997,250332.02208000002,693405.3481999999,1.5285149057938179,5.657215176240566,2.2513346799998044,4,2,3,2.8,0.06,B
CORP-0489,Real Estate,19086084.31,6765049.0,1853283.97,8315575.04,3853449.29,12518068.715750001,1562142.4209999999,359762.17960000003,839969.5012,1.7555827236537995,5.323186239751952,1.8597608827085825,4,2,2,2.4000000000000004,0.12,CCC-C
CORP-0490,Real Estate,137082456.53,51177769.8,13106826.49,78432182.58,42066060.82,98727591.00775,14406711.7935,5681327.114600001,5249809.737399999,1.2166047593329181,5.444141848897603,2.7442350321509013,3,2,3,2.6,0.06,B
CORP-0491,Manufacturing,118605108.93,65215578.07,24730904.02,25250218.96,49182965.98,74956472.4007,12546500.999499999,3882252.1730000004,2486430.5688,1.3259789597992033,2.012530741519589,5.045988879373851,3,4,4,3.8000000000000003,0.015,BB
CORP-0492,Energy,73231639.63,35467767.6,13468116.33,40885133.3,39027071.76,38929691.7135,4891070.867,1360214.1252000001,4099441.599,0.908799097665123,8.359137377430274,1.1931066094936214,2,1,2,1.6,0.25,D
CORP-0493,Retail,13358817.82,7667609.9,2996494.57,1776448.23,13141105.25,10498783.24985,1220111.8545,257826.81036,136440.7169,0.5834828771347068,1.4559716172317545,8.94243215824088,1,5,5,4.2,0.015,BB
CORP-0494,Technology,29022778.65,10726544.31,1476119.08,16128061.44,10151933.08,24937724.9212,3783242.918,883845.3478400002,1253070.9131999998,1.0566011640809594,4.263025607810046,3.019177029924535,2,3,3,2.8000000000000003,0.06,B
CORP-0495,Manufacturing,133966148.11,45058384.87,6676181.18,73288679.18,51680183.63,68990185.0602,6598062.8361,1044183.7524400001,6350802.2654,0.8718696743144679,11.107605520064988,1.0389337536215082,2,1,2,1.6,0.25,D
CORP-0496,Manufacturing,45888124.39,13850240.93,4196913.99,19641911.86,8472728.15,41040454.641799994,3927930.347,1225111.8196400001,1850868.0258,1.6346849190481816,5.000575398441503,2.1222098454600684,4,2,3,2.8,0.06,B
CORP-0497,Manufacturing,404972426.48,183192764.45,48075340.01,121197193.69,141708201.75,349662582.08054996,64326958.13034999,17504973.066,10629863.490699999,1.2927463773281562,1.8840809081071432,6.051531911640187,3,4,5,4.2,0.015,BB
CORP-0498,Technology,59015922.56,35379578.12,3733952.59,14774467.62,27539064.64,44406056.594900005,4110237.8408,997443.6180800002,1425786.8986,1.2847051482137775,3.5945529656075466,2.882785530457532,3,3,3,3.0000000000000004,0.06,B
CORP-0499,Real Estate,48256887.25,24538124.36,2910037.78,23471664.6,22181660.5,30514647.57775,5593811.6935,1759534.1708000002,2733150.818,1.1062347816566753,4.196005494299001,2.046653136248554,2,3,3,2.8000000000000003,0.06,B
CORP-0500,Real Estate,29235185.82,11475347.71,4204844.12,2736753.67,22950695.42,20636502.406,3572788.68025,1247323.5888000003,225465.3901,0.5,0.7659993117220971,15.846284339540414,1,5,5,4.2,0.015,BB
CORP-0501,Energy,45514472.25,25627268.37,9242762.35,9993066.98,12184173.58,24282447.845,1547026.5795,754107.1344000001,642277.3994,2.103324300309254,6.459531537738521,2.408657973867981,5,1,3,2.6,0.06,B
CORP-0502,Manufacturing,34192954.21,18276704.36,3786590.94,16944386.34,16616820.41,23012379.86895,2672238.2254999997,531907.2177200001,1734916.2902,1.0998917909109183,6.340896623028268,1.5402692571362886,2,1,2,1.6,0.25,D
CORP-0503,Retail,80850204.77,24628957.23,9046589.98,18784990.13,18448215.28,24050207.16875,5043459.9985,2081690.5550000002,2164964.8239,1.335031972263498,3.7246235987966467,2.3295805746232103,3,3,3,3.0000000000000004,0.06,B
CORP-0504,Healthcare,103667821.03,56504990.14,15714180.28,31591296.57,61549384.83,95039927.8562,9593494.112,3816753.6430399995,3029337.6171,0.9180431339170543,3.2929917088794687,3.166861975980049,2,3,3,2.8000000000000003,0.06,B
CORP-0505,Energy,18146904.25,7080160.36,2419798.4,7897623.52,3748551.89,7522729.33,953730.022,245750.0756,581926.6756,1.8887721359514114,8.280774787227994,1.6389178602555887,4,1,2,2.0,0.12,CCC-C
CORP-0506,Technology,10519771.52,3628290.65,828082.31,3826159.81,2329752.71,10536838.8944,1823958.8913,613322.3678400001,337243.9043,1.557371576144663,2.097722612198217,5.4084265661847875,4,4,4,4.0,0.015,BB
CORP-0507,Real Estate,6348915.87,2335761.4,313037.57,909755.71,1997309.54,3611462.60625,683178.6665,193605.55240000004,66614.2713,1.1694538844489772,1.331651227724629,10.255740296599178,2,5,5,4.4,0.005,A-BBB
CORP-0508,Healthcare,66186781.58,29160171.22,6710283.75,19517592.39,21710962.82,47138663.16,6477939.1334,2169170.86896,1944788.1916999999,1.3431081551637976,3.01293235210687,3.3309226994727026,3,3,3,3.0000000000000004,0.06,B
CORP-0509,Real Estate,13211964.7,5647591.43,1339551.87,5233156.31,2601052.06,6905910.392999999,829568.96675,365616.3312000001,364911.3593,2.171271969850538,6.308283602389228,2.2733437740643114,5,1,3,2.6,0.06,B
CORP-0510,Healthcare,4625566.5,1788550.17,474472.42,2660827.66,1216028.9,3227945.5239999997,713758.45,262983.22848,227495.6298,1.470812223295022,3.7279105557349275,3.137460049793009,3,3,3,3.0000000000000004,0.06,B
CORP-0511,Energy,58736893.96,20655738.99,2719840.59,41927254.35,14471830.51,54105509.1785,12820028.9585,4624039.1952,3141815.9805,1.4273065854196492,3.2704492701009995,4.080451890902845,3,3,4,3.4000000000000004,0.03,BB
CORP-0512,Manufacturing,481780665.41,254702616.73,101224056.3,228267801.03,226715212.01,121666940.1339,24204774.21425,6912284.55516,20978351.9709,1.1234474055440336,9.430693259498064,1.1537976981140134,2,1,2,1.6,0.25,D
CORP-0513,Real Estate,39583744.06,23632798.9,4094170.81,1771380.48,31842943.31,32376717.323750004,4994623.6675,1005295.2118000002,149690.2844,0.742167539913885,0.3546574472720271,33.36638504977014,1,5,5,4.2,0.015,BB
CORP-0514,Real Estate,92109696.17,49125552.7,7838754.24,69481213.91,34210363.45,61933973.85175,6787140.674249999,2058692.7702000004,6437533.937299999,1.435984530588201,10.237184883113962,1.054307556333696,3,1,2,1.8000000000000003,0.12,CCC-C
CORP-0515,Technology,43220667.73,16803378.32,4335958.46,20574925.76,10307593.98,21970018.861700002,2383258.8689,992695.6020800002,1858641.2327999999,1.6301940445659657,8.633105714402069,1.2822586881437446,4,1,2,2.0,0.12,CCC-C
CORP-0516,Technology,36074988.61,13471940.73,3518365.1,11344205.67,6944894.37,19202469.1222,3382048.4152,669059.0452,853085.5701,1.9398337846857705,3.354241062610321,3.9644890662065135,4,3,3,3.2,0.06,B
CORP-0517,Manufacturing,99839702.52,36471419.65,8459407.97,33127303.81,60724834.29,94643808.33039999,16176511.304049999,3811070.40696,3292958.5443,0.6006013861779449,2.047864535643489,4.912455193841111,1,4,4,3.4000000000000004,0.03,BB
CORP-0518,Healthcare,29791255.11,10159071.88,3368419.53,13888316.7,9675661.62,17107470.5544,3765010.9143999997,1242835.44592,1239789.411,1.049961468164696,3.68878524279478,3.0368148662950625,2,3,3,2.8000000000000003,0.06,B
CORP-0519,Real Estate,52033188.54,24216202.49,6175042.53,9563732.99,19102417.3,22958638.688,4190468.2372500002,1010856.6676000002,718925.5597,1.267703563883509,2.282258795087828,5.828792954584391,3,4,4,3.8000000000000003,0.015,BB
CORP-0520,Technology,54937009.56,26458768.68,7485414.17,9363353.9,17655567.48,51365623.063300006,3844510.6518000006,986494.2214400001,1157440.6770000001,1.4986076607264056,2.435512539317865,3.3215617251025646,3,4,3,3.4000000000000004,0.03,BB
CORP-0521,Manufacturing,20417635.0,10446699.25,3312898.17,7393964.41,7244658.03,14793359.171349999,2997095.8271999997,857505.4210000001,718297.4123,1.4419865239657144,2.4670430431007344,4.172499825111788,3,4,4,3.8000000000000003,0.015,BB
CORP-0522,Manufacturing,107396950.9,54134937.87,5819913.48,80197234.43,37300367.29,54919195.23549999,5497244.9615,1158547.7171600002,7033385.0129,1.4513245258180942,14.588623026927486,0.7815930666979626,3,1,1,1.4000000000000001,0.25,D
CORP-0523,Real Estate,33432540.27,12961795.64,3515151.55,15503414.08,7793107.39,21850735.0665,2858107.53475,691862.8112000001,1724414.7924000002,1.6632384222797167,5.424363461312554,1.6574362197230708,4,2,2,2.4000000000000004,0.12,CCC-C
CORP-0524,Healthcare,18704128.64,7464692.45,2726541.18,3095477.54,6555550.63,10458572.4272,1699622.7138,639524.2323200001,364112.4562,1.1386827547085852,1.8212733419402012,4.667851057713966,2,4,4,3.6,0.03,BB
CORP-0525,Healthcare,68101503.15,34354100.23,3614622.41,1636664.94,18335323.91,65306237.65539999,16312412.416199999,3513863.56432,143731.5182,1.8736565767056579,0.10033248904218567,113.4922431801044,4,5,5,4.8,0.0005,AAA-AA
CORP-0526,Manufacturing,16216373.8,6564944.21,1454493.79,2629644.12,3923161.73,13706872.9445,4187393.8715999997,804692.4392,250370.9436,1.6733809773373782,0.6279906310784219,16.724759716087117,4,5,5,4.8,0.0005,AAA-AA
CORP-0527,Manufacturing,40963056.49,14901825.67,5630926.56,16708407.0,10860857.85,31002685.93365,5590905.11625,1507296.8432,1256137.33,1.3720670941292175,2.9884976855423484,4.450870922090979,3,4,4,3.8000000000000003,0.015,BB
CORP-0528,Retail,39463273.14,16270740.9,3350899.22,10267613.08,7601859.78,27712192.909799997,3902989.9335,1477501.97812,901415.4024,2.140363196754466,2.630704473990927,4.329846065541336,5,4,4,4.2,0.015,BB
CORP-0529,Technology,117964650.54,45018288.93,10697184.92,66274796.95,21209366.47,123690210.98070002,21859187.4683,6650575.932000001,5766839.2685,2.122566413932118,3.0318966359619326,3.790497090442707,5,3,3,3.4000000000000004,0.03,BB
CORP-0530,Real Estate,64019496.83,20901969.84,8245041.56,11974311.68,11158678.69,39688975.45325,7714853.0370000005,2182018.9914000006,1110885.7004,1.8731581418086338,1.5521114430270901,6.9447766176323,4,4,5,4.4,0.005,A-BBB
CORP-0531,Healthcare,38840459.86,21325030.97,3407679.34,13035851.13,42650061.95,20577973.3212,2756761.5094,891946.61344,1238293.8439000002,0.49999999988276683,4.728682943936348,2.226257945947299,1,2,3,2.2,0.12,CCC-C
CORP-0532,Real Estate,90220415.85,50156544.04,5997546.83,58878963.79,23530240.59,62222174.9385,14918423.996250002,2690439.3832000005,5793538.5237,2.1315780367037886,3.9467281399697596,2.5750107529659547,5,3,3,3.4000000000000004,0.03,BB
CORP-0533,Real Estate,159923726.32,58520103.95,20940060.2,29865563.23,32190986.42,150862015.0185,24364749.1655,8760990.066800002,2794360.6669,1.8179034089381596,1.2257693698028727,8.719257128869373,4,5,5,4.8,0.0005,AAA-AA
CORP-0534,Manufacturing,69567656.12,22222111.87,8011951.38,17821873.34,9651031.25,34681922.894999996,6065422.807349999,2126990.94424,1280303.0702,2.3025634561073463,2.9382738691198393,4.737489855743688,5,4,4,4.2,0.015,BB
CORP-0535,Healthcare,40239216.78,20990716.26,5071847.19,12140471.34,10521736.98,27525435.038,5045307.9942,1449291.57136,921740.9302000001,1.9949858374049567,2.406289438416144,5.473672513496026,4,4,4,4.0,0.015,BB
CORP-0536,Real Estate,10725812.39,3898388.63,991212.68,3975354.98,1829081.23,7342345.60575,1256123.57275,503044.78100000013,325199.47939999995,2.131337070251385,3.1647801746900224,3.8626247959178013,5,3,3,3.4000000000000004,0.03,BB
CORP-0537,Healthcare,13727152.13,5738370.29,2012686.96,4871457.71,3099372.53,10183705.908599999,1954732.0491999998,449198.03312000004,417807.3513,1.8514619441374478,2.492135795283916,4.67854872136138,4,4,4,4.0,0.015,BB
CORP-0538,Retail,29349183.83,9369450.34,3012914.0,2353058.02,4594044.97,14259275.23895,1698812.1321499997,696908.32232,248863.2106,2.0394772800841783,1.3851196229814966,6.8262887393207965,5,5,5,5.0,0.0005,AAA-AA
CORP-0539,Manufacturing,21649389.16,7964396.24,1429965.14,3629904.13,3466323.41,18517810.68965,2260745.29065,751380.1608000001,263371.0139,2.297649497165644,1.6056227762643465,8.583880424701512,5,4,5,4.6,0.005,A-BBB
CORP-0540,Technology,33033365.92,17767679.1,1866814.62,8971296.95,11198433.07,37996543.6396,3609378.6274,1057821.5065600001,759319.5785,1.5866218951291193,2.4855516353690033,4.753438116965399,4,4,4,4.0,0.015,BB
CORP-0541,Real Estate,42145982.56,22814418.35,5564665.89,11257008.28,26190121.15,27411762.9115,4714139.61225,1501029.7092000004,1174051.2784,0.8711077821799234,2.3879242461864996,4.01527573708232,2,4,4,3.6,0.03,BB
CORP-0542,Energy,67638827.97,24493740.84,8760766.86,39222462.37,17787554.57,35598882.699499995,6726295.8625,2094695.1132000003,3353592.6211,1.377015639986312,5.831212776213202,2.0056985515115224,3,2,3,2.6,0.06,B
CORP-0543,Retail,37113866.65,14874278.49,5484896.19,24792809.86,8982170.26,14645775.91225,2532088.3286999995,1057457.38952,2402577.8558,1.6559782390497684,9.791447470052866,1.0539047975437514,4,1,2,2.0,0.12,CCC-C
CORP-0544,Energy,64779622.47,22042660.97,8527597.06,37344168.19,14407391.39,46891113.0135,10959607.651,2563075.9852000005,3282808.9157,1.5299550330325271,3.4074365961990036,3.33848479531836,4,3,3,3.2,0.06,B
CORP-0545,Energy,42477046.89,13688304.36,4980749.22,6919367.92,13669505.87,36855598.3325,5518027.518,1429160.6376,649394.7775999999,1.0013752135723688,1.2539567621634322,8.497184930241115,2,5,5,4.4,0.005,A-BBB
CORP-0546,Manufacturing,5523561.63,3301164.97,904562.34,3697019.48,3894844.66,4128050.42995,757237.52715,305094.2038,320061.74439999997,0.8475729478772075,4.882245461228526,2.3659107669038875,2,2,3,2.4,0.12,CCC-C
CORP-0547,Technology,15567011.82,7731795.18,1804459.35,6637281.17,6424238.28,11325974.0503,1080667.315,294327.53168,663767.8251,1.2035349317709305,6.1418357693181465,1.628080292739697,3,1,2,1.8000000000000003,0.12,CCC-C
CORP-0548,Energy,34480773.76,15951804.25,5303256.35,10744564.63,8749844.12,19992773.925,2611956.245,1023998.2368000001,717996.4389,1.8230958210487527,4.113608200967394,3.637840111020083,4,3,3,3.2,0.06,B
CORP-0549,Manufacturing,11879268.04,6291848.97,2025638.69,3797587.38,2950960.56,5768675.589199999,1065917.92235,486010.47412,321087.2314,2.13213590696041,3.5627390255598326,3.319714451746959,5,3,3,3.4000000000000004,0.03,BB
CORP-0550,Healthcare,72560316.81,40054974.5,10472093.86,38825034.48,21458477.52,65952484.5346,12692892.3706,3653730.27776,3666969.7643999998,1.866627045775613,3.0588012051475952,3.4614117885089373,4,3,3,3.2,0.06,B
CORP-0551,Manufacturing,184056039.62,99761029.48,12589663.52,111284496.66,51878595.1,151036360.48139998,20435469.1763,7653266.84172,10906484.809799999,1.9229709148388254,5.44565410756813,1.8736989536663318,4,2,2,2.4000000000000004,0.12,CCC-C
CORP-0552,Real Estate,134727105.76,41086625.37,15523529.74,67512377.0,27994385.53,51251792.003000006,7504289.303499999,1708761.3230000003,7588005.63,1.4676737707269831,8.996505101224207,0.9889672819734057,3,1,1,1.4000000000000001,0.25,D
CORP-0553,Manufacturing,32170393.44,11454023.11,2710946.91,1250342.62,14261072.56,30031162.3064,2225498.70485,846532.2250800001,105197.1186,0.8031670171938315,0.5618258133671995,21.155510098258524,2,5,5,4.4,0.005,A-BBB
CORP-0554,Manufacturing,176834732.0,87793420.68,18348836.74,116579724.14,66615552.6,135078727.96949998,17850456.67905,5996930.87524,13079338.804200001,1.3179117676492862,6.530909894132993,1.3647828033415503,3,1,2,1.8000000000000003,0.12,CCC-C
CORP-0555,Real Estate,46208182.8,19071401.83,5509160.01,4138087.86,13656627.68,38673345.742,7522706.65925,2691948.388800001,331521.42579999997,1.3964942353909144,0.5500796518380473,22.691464484073176,3,5,5,4.6,0.005,A-BBB
CORP-0556,Manufacturing,28428821.47,16907893.6,5108743.53,12454913.45,12994287.13,12618549.3419,2255695.04365,605325.3141600001,1369164.8535,1.301179005115612,5.52154134711684,1.647497040172891,3,2,2,2.2,0.12,CCC-C
CORP-0557,Technology,21565326.68,10774499.52,1758467.01,11317084.32,7079739.57,10338848.9932,1809642.7167000002,338608.27,1157307.7596,1.5218779467053192,6.253767230162112,1.5636659321505515,4,1,2,2.0,0.12,CCC-C
CORP-0558,Technology,29430152.84,17274460.03,6064745.99,15136909.9,10303465.78,20627228.7676,3145418.9767,1133169.15712,1154917.787,1.6765679043192787,4.812366814128149,2.723500332322789,4,2,3,2.8,0.06,B
CORP-0559,Healthcare,27012848.51,9736347.54,1820513.25,3260520.61,5288027.05,22867010.3168,3438127.2116,532661.3023999999,308463.4683,1.8412060770377487,0.9483420505789408,11.145978583941117,4,5,5,4.8,0.0005,AAA-AA
CORP-0560,Energy,47224161.81,26407142.49,4119650.96,26928190.76,19015015.97,46533807.838,5443708.329,1603781.5844,2402841.8428,1.388752054253468,4.946663034194315,2.265529187995377,3,2,3,2.6,0.06,B
CORP-0561,Healthcare,46761650.02,18536584.23,4113637.95,17897042.65,25100445.04,41372034.8482,7651402.9196,3024557.86688,1778675.5495,0.7384962378340365,2.3390537445302413,4.301741777330256,1,4,4,3.4000000000000004,0.03,BB
CORP-0562,Retail,39946276.43,23842711.74,7609831.2,11936818.95,18244428.66,24164633.668349996,4133327.9000999997,1386119.0285600002,1034336.4184999999,1.306848911759783,2.8879438647273075,3.9961156024015607,3,4,3,3.4000000000000004,0.03,BB
CORP-0563,Technology,61647187.73,21410475.27,8342323.06,13355612.39,14109191.94,33363507.577400003,5825299.8622,2772070.3701600004,1140453.1916999999,1.517484159337335,2.292690969723931,5.107881590051585,4,4,4,4.0,0.015,BB
CORP-0564,Technology,130991929.81,59588483.74,20426001.41,63449482.31,29957161.36,124685991.9669,15423439.986499999,6200357.552480001,7013478.5493,1.9891231690451463,4.113834680560029,2.1991141596974555,4,3,3,3.2,0.06,B
CORP-0565,Manufacturing,102929426.88,55360938.11,21153664.31,57353549.81,43492768.0,52174328.86865,2208688.2427,591239.62568,5076889.5743,1.272876863344269,25.967245490422155,0.4350475247444264,3,1,1,1.4000000000000001,0.25,D
CORP-0566,Manufacturing,9021327.3,3877301.01,551281.41,1465291.9,2274053.57,8479634.919,1737117.9596499999,559673.4727200001,150040.517,1.705017446005021,0.8435189400121289,11.577659117570223,4,5,5,4.8,0.0005,AAA-AA
CORP-0567,Manufacturing,3097416.28,1364180.24,165547.42,1269429.41,844152.58,1921970.8524999998,242280.04289999997,76611.45708000001,109957.6323,1.616035148527296,5.23951289922774,2.2033945059764624,4,2,3,2.8,0.06,B
CORP-0568,Manufacturing,101373260.51,60409009.05,16148018.51,55728836.39,39806663.7,94644833.9776,10113861.648599999,1956282.3752400002,6408813.3317,1.517560213166018,5.510144228412914,1.5781176834365995,4,2,2,2.4000000000000004,0.12,CCC-C
CORP-0569,Real Estate,10151391.03,4340658.11,812090.45,1161606.62,2318463.42,7362137.478250001,1359594.9775,332785.4588000001,92725.2286,1.8722133256689468,0.8543769572729244,14.662622007275376,4,5,5,4.8,0.0005,AAA-AA
CORP-0570,Retail,31808197.52,15306792.66,5333139.0,16817216.84,12387508.73,19782908.890499998,2579678.8178,709770.58012,1358626.7452,1.235663521506152,6.519112660056669,1.8987399055067562,3,1,2,1.8000000000000003,0.12,CCC-C
CORP-0571,Manufacturing,12358899.56,3909884.93,1179207.07,7280362.26,3078830.35,7183743.9185500005,1458277.1661999999,229098.78300000002,821718.1678,1.2699254215159987,4.992440688741822,1.7746682784247914,3,2,2,2.2,0.12,CCC-C
CORP-0572,Healthcare,6569968.28,3630978.54,1420505.79,1842457.55,2428358.88,4519542.4096,817360.5876,264660.93296,153524.2565,1.4952396739645009,2.254155115809991,5.323983364153273,3,4,4,3.8000000000000003,0.015,BB
CORP-0573,Manufacturing,68439638.72,33840007.75,5970653.36,48245363.45,27203860.09,50613089.88985,9321841.26125,2797244.54912,5500748.8835,1.2439413979503378,5.175518666097797,1.6946494847659228,3,2,2,2.2,0.12,CCC-C
CORP-0574,Energy,85084476.35,35838094.57,8806682.57,48217995.11,21041563.6,58973463.3265,4818262.5445,897008.6516000001,4984661.0333,1.7032049162924374,10.007340750877175,0.9666178928339608,4,1,1,1.6,0.25,D
CORP-0575,Real Estate,22375778.15,6821275.26,1707857.31,5445883.72,5615498.2,11813498.6465,2487889.72475,876575.6788000001,477496.47160000005,1.2147230783548286,2.188957036890869,5.21027876167033,3,4,4,3.8000000000000003,0.015,BB
CORP-0576,Real Estate,2984544.53,1425121.94,244769.02,555855.63,896009.13,1773795.7889999999,289239.6255,109121.38260000003,34908.0689,1.5905216724744757,1.9217824288048664,8.285752681667248,4,4,5,4.4,0.005,A-BBB
CORP-0577,Technology,23063354.99,7006586.09,1941020.67,3796339.52,4799258.74,17119951.921800002,2251892.4428000003,761506.1636000001,340570.4756,1.4599308913276052,1.6858440695682766,6.612118795185428,3,4,5,4.2,0.015,BB
CORP-0578,Real Estate,58926649.84,17699272.43,4123679.07,34138811.19,11159900.96,17091451.774,2686253.6175,789958.8144000001,3124535.9457,1.5859703857085123,12.708707386226534,0.8597288250745951,4,1,1,1.6,0.25,D
CORP-0579,Manufacturing,9075494.54,4400068.1,1029688.39,5663711.17,3343254.0,6756833.4268,413438.73535,151862.40524,608895.7651,1.3161034429331422,13.699033703761062,0.6789975543385496,3,1,1,1.4000000000000001,0.25,D
CORP-0580,Retail,47839390.15,17064555.41,3563437.43,15737255.28,12507327.14,23262615.4467,3964708.9776,1484456.9334000002,1791319.9584,1.3643646815173973,3.9693342863027494,2.2132891218056114,3,3,3,3.0000000000000004,0.06,B
CORP-0581,Manufacturing,39219716.52,14023647.55,1473588.14,8524709.37,9115713.57,18644797.865399998,1837098.4966,633049.96612,679634.0911,1.5384037072152104,4.640311548769464,2.703069961700454,4,2,3,2.8,0.06,B
CORP-0582,Real Estate,71078218.64,35253479.35,9047050.03,28334841.65,22300616.61,25478813.84325,2098600.35825,533109.5916000002,2890656.1295,1.580829802445539,13.501780621836982,0.7259944677726151,4,1,1,1.6,0.25,D
CORP-0583,Manufacturing,44883480.54,14188079.17,2845764.77,24721274.65,9469329.93,16535969.78605,1221711.1952999998,417981.68144,2508740.4694999997,1.4983192342945433,20.234957938589993,0.48698189794956787,3,1,1,1.4000000000000001,0.25,D
CORP-0584,Retail,15050639.79,5930278.2,595375.98,7162631.48,2717637.17,6408155.33505,1317737.2957,547702.2871600001,759963.7244000001,2.1821449402680932,5.435553431911566,1.7339476259085502,5,2,2,2.6,0.06,B
CORP-0585,Energy,131770390.72,45438327.25,8741566.81,108290493.24,41168897.2,73721111.0225,8738666.825,2379273.9776,10556195.0372,1.103705232356819,12.39210687495229,0.8278235476139806,2,1,1,1.2000000000000002,0.25,D
CORP-0586,Retail,33986380.44,16111342.58,2957857.22,17844321.1,10927993.36,32575086.513899993,7384328.619149999,3602335.0398000004,1086050.613,1.4743184818333381,2.416512322288013,6.799249068836905,3,4,5,4.2,0.015,BB
CORP-0587,Technology,38752098.24,19319065.96,4212221.84,4047836.02,22191834.66,24502560.2822,3018958.6609000005,839118.1271200001,354868.3706,0.8705483911531631,1.3408053818111159,8.507263286935498,2,5,5,4.4,0.005,A-BBB
CORP-0588,Technology,15661750.77,8086800.23,1128558.23,6366431.83,4904561.13,11908420.3329,769666.2428,248288.60056000005,462612.8648999999,1.6488325898386755,8.271678652345853,1.6637372221941424,4,1,2,2.0,0.12,CCC-C
CORP-0589,Technology,25564564.44,9626831.8,2428899.22,13349774.85,9134471.15,20474342.9709,1928146.2290999999,513274.74744000006,1160908.6154999998,1.0539013854129913,6.923631957225189,1.660894064662922,2,1,2,1.6,0.25,D
CORP-0590,Technology,16439495.93,5372015.06,1653141.51,4584069.25,3868444.08,12360098.5326,2617752.4464000002,884438.2092,479952.3375,1.3886758988642274,1.7511469643755384,5.454192514272316,3,4,4,3.8000000000000003,0.015,BB
CORP-0591,Technology,33499931.1,10840748.46,3133579.82,13022015.33,8023205.22,23915778.031600002,3400945.3933,614286.4582400001,1231586.5599,1.351174270474413,3.8289398458598884,2.7614343189780697,3,3,3,3.0000000000000004,0.06,B
CORP-0592,Energy,220566210.06,94368252.6,32191510.24,13758811.06,58528157.69,105165982.233,12891838.726499999,3562229.7692000004,1475238.4718,1.6123564507160895,1.0672497036220197,8.738816789918804,4,5,5,4.8,0.0005,AAA-AA
CORP-0593,Technology,10100534.05,5896220.32,1389164.17,2919906.38,4610443.17,10020424.841699999,1583236.2546,368308.73352000007,277759.9114,1.278883634954338,1.84426447506895,5.700017135734154,3,4,4,3.8000000000000003,0.015,BB
CORP-0594,Retail,7932181.12,2897774.18,741040.6,1786577.79,2296398.56,7416261.423549999,1298506.8117,429581.19820000004,125998.5937,1.26187772039014,1.3758709418405126,10.305724640004454,3,5,5,4.6,0.005,A-BBB
CORP-0595,Real Estate,173410179.78,65379536.11,22433064.5,42462259.48,31518195.96,62286838.72975,12822987.800250001,5123499.022000001,2547735.5643999996,2.0743425858819364,3.3114169756265492,5.033092122835699,5,3,4,3.8000000000000003,0.015,BB
CORP-0596,Manufacturing,32303182.83,10668663.67,2435766.35,11892847.52,6610786.38,16054269.199499998,3570870.2104499997,1327222.8073200001,1096902.6756,1.6138267154232262,3.330518002361466,3.2554120706258214,4,3,3,3.2,0.06,B
CORP-0597,Energy,20397588.91,9824928.73,3050441.95,9894700.39,7702324.71,12900092.881,1702961.485,221840.11280000003,858771.9617,1.2755796593779283,5.810290178112866,1.9830194288468235,3,2,2,2.2,0.12,CCC-C
CORP-0598,Technology,112662218.97,56777461.67,13080431.97,8400640.8,40564992.02,62240707.1832,5209398.7946,2518044.0303200004,632953.1140000001,1.3996665312298513,1.6125931477367417,8.230307552606494,3,4,5,4.2,0.015,BB
CORP-0599,Technology,21733914.1,10712197.73,2413681.59,16290775.99,4963620.48,17823672.8306,2305077.5384000004,792076.2668000002,1050601.7797,2.1581419798638595,7.067344034469117,2.194054477099988,5,1,3,2.6,0.06,B
CORP-0600,Technology,247274524.73,138063028.89,45293190.22,132688958.41,98200217.16,147240718.38840002,24002302.1966,6189715.342720001,10479621.5823,1.4059340486493075,5.528176310887202,2.2903787134012266,3,2,3,2.6,0.06,B
CORP-0601,Technology,78446378.38,34981417.04,5332954.62,52916426.85,28572834.54,88019990.422,8961495.9889,2980326.81128,4608101.4955,1.2242893504677819,5.904865316632849,1.9447262604027424,3,2,2,2.2,0.12,CCC-C
CORP-0602,Retail,24448724.18,8320808.19,1677273.5,5512909.36,6786947.58,20431268.84295,2086899.94345,697223.2254400001,551225.7008,1.2260015407397622,2.641674018585781,3.7859264189265103,3,4,3,3.4000000000000004,0.03,BB
CORP-0603,Technology,344397893.22,133220523.16,22281356.71,201496203.2,104050130.67,264045895.0584,44145673.208,11771536.584080001,18704784.986,1.2803494075612005,4.564347727819569,2.3601272744402984,3,2,3,2.6,0.06,B
CORP-0604,Technology,21731754.22,10838255.88,2251463.22,10517017.8,8586791.36,19882631.850899998,2934027.9332000003,985344.3818400002,1200212.684,1.2622009113308654,3.584498184558729,2.444590006682516,3,3,3,3.0000000000000004,0.06,B
CORP-0605,Technology,83645264.42,40479004.21,6845503.44,26077566.72,40964811.62,77729359.1802,11786868.3478,3198982.2009600005,1941890.5016,0.9881408606365271,2.2124253831058813,6.069790412017739,2,4,5,4.0,0.015,BB
CORP-0606,Manufacturing,53719820.08,24673563.8,6756156.92,13162517.33,23491473.75,30825548.499249995,3454780.5362,993771.21528,1358580.8499,1.050319961300853,3.809943118551254,2.5429333384570327,2,3,3,2.8000000000000003,0.06,B
CORP-0607,Retail,146383623.13,73907528.76,25088002.34,25976728.23,63262269.61,75034638.455,10390794.053499999,2754575.2816399997,2356335.5368999997,1.1682718501189735,2.4999752758308293,4.4097259879932675,2,4,4,3.6,0.03,BB
CORP-0608,Manufacturing,189805647.12,93235808.99,31325732.43,89431106.38,53687829.01,129267115.38604999,13416419.6808,2755548.7573200003,8980675.0014,1.7366284073925529,6.665795235071788,1.4939210781715753,4,1,2,2.0,0.12,CCC-C
CORP-0609,Manufacturing,41119957.64,23207999.93,4858601.5,11556523.63,17222940.52,33385015.340499997,6493716.68535,2153750.99752,964418.2089,1.3475050850375927,1.77964703265725,6.7332995431065426,3,4,5,4.2,0.015,BB
CORP-0610,Energy,18747709.25,8920252.17,3538022.87,14982143.35,6294566.24,13191643.1615,2661578.463,976330.7400000001,1589233.9404999998,1.4171353243237932,5.629044402888979,1.6747556134892403,3,2,2,2.2,0.12,CCC-C
CORP-0611,Technology,63083647.57,33660198.39,9362796.56,24855951.73,16762753.07,27819045.8,1604897.6307,579674.0840800001,2347107.0419,2.008035210531202,15.487562106474483,0.6837769228457616,5,1,1,1.8,0.25,D
CORP-0612,Healthcare,20222059.69,7575429.19,1665231.53,962708.45,3753923.91,12154853.2906,1258324.5891999998,485202.43952,76832.1535,2.018002860905084,0.7650716343483818,16.377578030531186,5,5,5,5.0,0.0005,AAA-AA
CORP-0613,Energy,298233485.93,150147072.67,52650840.33,96096349.23,108241408.79,199048368.98749998,14963169.9815,5176467.0064,8631339.446899999,1.3871500227911988,6.422191911794798,1.7335860874842686,3,1,2,1.8000000000000003,0.12,CCC-C
CORP-0614,Technology,45650966.24,26051099.85,8309316.22,12604520.89,20880057.62,32605237.574,3831076.3945999998,1062671.4789600002,1089114.5767,1.2476545957922505,3.2900729695096644,3.5176063901450116,3,3,3,3.0000000000000004,0.06,B
CORP-0615,Real Estate,27637343.7,11489388.19,3731553.38,8205328.19,9954176.67,25585106.1395,3731027.45175,1444553.5000000002,798687.5756999999,1.1542278754833473,2.1992141028475616,4.671447966972551,2,4,4,3.6,0.03,BB
CORP-0616,Real Estate,47902598.33,25567113.98,4061126.53,34828445.85,14386903.2,19408785.29575,1504525.1545000002,318054.5068000001,2518213.2654999997,1.77711030821421,23.149128311898888,0.5974574016872521,4,1,1,1.6,0.25,D
CORP-0617,Technology,10353898.88,5357488.21,1288461.41,5088385.59,3777888.43,8490375.6028,882209.5373000001,218740.58024000004,455714.4077,1.4181171067563791,5.7677744060362235,1.9358824790125242,3,2,2,2.2,0.12,CCC-C
CORP-0618,Retail,15072552.94,4790929.41,1717780.26,6240843.91,3560964.86,13320326.6119,1329396.9881499999,322862.66375999997,598681.7173,1.3454020464554655,4.694492289082746,2.2205404804166378,3,2,3,2.6,0.06,B
CORP-0619,Healthcare,132277680.08,62759475.07,15765895.74,51478105.72,53433502.98,155959690.73340002,25010221.0422,10164265.99232,4658529.1716,1.1745341699474707,2.0582827170195923,5.368694736242274,2,4,4,3.6,0.03,BB
CORP-0620,Healthcare,20647518.92,7000681.79,2135458.73,5153763.07,5872397.82,13957171.182999998,2141968.2145999996,846983.66864,567965.9121000001,1.1921334358781572,2.4060875576356002,3.7712971306328495,2,4,3,3.2,0.06,B
CORP-0621,Technology,13979311.12,8250530.03,2280282.48,7408258.27,5067820.68,11427250.3254,1301713.7679,467294.9590400001,752755.6581,1.6280232768614853,5.691157651310265,1.7292646742577837,4,2,2,2.4000000000000004,0.12,CCC-C
CORP-0622,Retail,68111236.16,37013161.26,13054802.41,17027494.97,38008033.17,50111576.3309,7959775.084799998,3229713.6774,1530563.8591,0.9738246937022444,2.1391929782684107,5.2005507888318325,2,4,4,3.6,0.03,BB
CORP-0623,Manufacturing,130346149.04,43394467.2,8043956.53,74277724.3,22863892.55,91326436.13735,11202648.2253,2796823.77592,6926422.778999999,1.8979474778891052,6.630371926903105,1.6173786358038889,4,1,2,2.0,0.12,CCC-C
CORP-0624,Manufacturing,81731767.12,27504831.91,7498988.43,14229405.05,21380210.89,53247662.0085,7263899.32605,2527020.5732400003,1343753.6315,1.2864621425630849,1.9589210162880573,5.4056779128042125,3,4,4,3.8000000000000003,0.015,BB
CORP-0625,Energy,107827974.43,51578665.82,7064750.51,46129760.85,35814896.09,81314780.9445,19001036.646,5890056.218400001,4430740.1955,1.4401456223797744,2.4277496912101895,4.288456512367404,3,4,4,3.8000000000000003,0.015,BB
CORP-0626,Manufacturing,18684500.94,7538574.91,2314819.18,3331915.4,7810304.65,4579849.6498,993932.9481,385398.06428,208628.312,0.9652088167905204,3.3522536971626526,4.764132626927452,2,3,4,3.2,0.06,B
CORP-0627,Manufacturing,9608794.52,2983259.33,953420.9,5044605.49,1995419.61,7513170.28955,638776.7869,198520.36824,431198.27469999995,1.4950536293466616,7.897289935161231,1.4813992178990507,3,1,2,1.8000000000000003,0.12,CCC-C
CORP-0628,Healthcare,178720493.03,82656879.11,9327927.69,117071406.87,60392045.63,138637319.25899997,26547191.795999996,7677569.161920001,7929646.0661,1.3686716230214901,4.409935625945934,3.34784069486932,3,3,3,3.0000000000000004,0.06,B
CORP-0629,Technology,28841335.06,12008191.66,3635327.39,10397169.26,8113819.76,19828693.8304,3778750.7667,1372716.9237600002,1135102.7878,1.4799677605853054,2.751483202232968,3.328994349510662,3,4,3,3.4000000000000004,0.03,BB
CORP-0630,Retail,30989747.55,10236624.76,2297170.73,13696180.56,4900993.6,30169907.996899996,2793336.30695,1089662.4320399999,1220155.1568,2.0886835600030165,4.903162045301536,2.2893287721504634,5,2,3,3.0,0.06,B
CORP-0631,Healthcare,150307558.35,81252676.35,11150228.63,97327717.54,51717746.25,93959119.2026,17940449.195,4781710.703199999,8477233.076200001,1.5710792182867017,5.4250435138003805,2.116309535639425,4,2,3,2.8,0.06,B
CORP-0632,Real Estate,69457805.38,39905108.78,9017447.79,36841542.87,33756773.98,38724339.43225,8786420.799,2768723.732800001,3811329.8160999995,1.182136326286473,4.193009157288825,2.3053425504882803,2,3,3,2.8000000000000003,0.06,B
CORP-0633,Manufacturing,62826516.03,33108203.09,5240031.29,13601818.83,27238967.34,62863546.0732,5901174.54985,1388692.4211600001,1310329.4749,1.2154720359527404,2.3049341643937207,4.503580712248237,3,4,4,3.8000000000000003,0.015,BB
CORP-0634,Manufacturing,347057956.26,189745848.71,42629793.7,106792257.29,109171530.5,183609540.9597,19118317.55615,2297163.71044,7803361.7487,1.7380524743124308,5.585860626927758,2.450010414977239,4,2,3,2.8,0.06,B
CORP-0635,Technology,20925556.51,7636722.63,1644199.43,13693037.51,3781534.25,13138717.883200001,2639346.0275000003,886917.3185600002,1217809.7253,2.019477314002908,5.188041797979063,2.167289333191861,5,2,3,3.0,0.06,B
CORP-0636,Manufacturing,100718507.38,38179554.47,12275394.57,31403937.11,23673320.17,64806996.666099995,10600789.28505,3908642.7621600004,2668470.9033,1.6127672078031121,2.962414992465524,3.9726081599542242,4,4,3,3.6000000000000005,0.03,BB
CORP-0637,Manufacturing,42161292.76,15285925.03,5078972.8,19272910.14,8609435.84,34083301.14955,6052301.76765,2063625.1589600001,1230228.5241999999,1.7754850972906489,3.1843934555634896,4.919656509822617,4,3,4,3.6000000000000005,0.03,BB
CORP-0638,Retail,52095664.01,27585645.44,7782147.71,15394744.81,15818408.81,35292530.76965,5894892.3824,966969.03968,1226127.6343,1.7438950890282372,2.611539585686602,4.80773144450448,4,4,4,4.0,0.015,BB
CORP-0639,Retail,183636428.07,107312560.36,11461630.97,66436096.56,51901346.06,80044790.3227,13570377.201149998,3961627.97856,5796343.1568,2.0676257651572745,4.895670590082786,2.341196308439721,5,2,3,3.0,0.06,B
CORP-0640,Manufacturing,66176485.66,34084275.84,12928393.63,45739917.46,47328496.16,38324645.85745,3206868.1511,457081.9058,4037724.8838,0.7201639309386416,14.263111330071547,0.7942265120554571,1,1,1,1.0,0.25,D
CORP-0641,Technology,68223257.18,38507937.29,11778422.16,16674501.51,21794220.43,42125234.242000006,8524710.3214,3662011.7206400004,1129973.0853,1.7668875752487743,1.9560197216486264,7.54417112433855,4,4,5,4.4,0.005,A-BBB
CORP-0642,Retail,116395838.08,57221326.35,6309145.34,42495346.89,30219960.42,73511818.19205,15325707.07115,3572661.9090400003,4558687.6467,1.893494417422536,2.7728147675480312,3.3618682083305624,4,4,3,3.6000000000000005,0.03,BB
CORP-0643,Retail,27647538.83,11509614.3,3978296.68,8632590.94,11933114.35,19700553.188399997,2729126.7538499995,1147413.00324,763711.9782,0.9645105177425876,3.163133016017647,3.5735026184639715,2,3,3,2.8000000000000003,0.06,B
CORP-0644,Retail,17206371.9,7359655.38,1178132.5,10676210.36,6423535.97,12239427.915399998,1809307.535,715887.93612,966872.8008,1.1457327263943071,5.900716242802803,1.8712984101972474,2,2,2,2.0,0.12,CCC-C
CORP-0645,Technology,14008723.57,4519164.21,1237195.12,4221558.61,3896883.04,5670253.0521,416449.6063,103259.83304000001,405310.2583,1.1596868994046072,10.137021493445461,1.0274835086748655,2,1,2,1.6,0.25,D
CORP-0646,Real Estate,5574111.06,1724837.09,413944.19,3718344.41,1427273.51,4375180.26475,768774.9055,176339.43900000004,290695.91229999997,1.2084839226084985,4.836714080282893,2.6446017056704245,3,2,3,2.6,0.06,B
CORP-0647,Manufacturing,311281165.22,158330886.5,35775122.63,198168903.5,121111673.14,221065345.78685,39482905.67829999,13741220.5526,19191734.755,1.3073131796055377,5.019106372632414,2.0572869614099663,3,2,3,2.6,0.06,B
CORP-0648,Energy,13214055.53,5702243.78,2092233.74,2001484.08,3570505.29,12095755.934999999,1776751.022,448548.0396,169113.15240000002,1.597041123554812,1.1264853967817219,10.506285269861719,4,5,5,4.8,0.0005,AAA-AA
CORP-0649,Healthcare,31920097.22,14864056.77,3436694.6,8677046.17,8050858.16,26669537.6276,5499729.8536,1805004.5816,664238.4451,1.8462698602554934,1.5777222519975593,8.279752390381477,4,4,5,4.4,0.005,A-BBB
CORP-0650,Manufacturing,30194993.79,14110071.51,1729940.42,8353526.25,7301358.84,25723747.31335,3428876.1809,964795.89364,823671.9974999999,1.932526782918671,2.4362286094003527,4.162914596231615,4,4,4,4.0,0.015,BB
CORP-0651,Technology,54157482.23,20753837.37,7969299.6,19409163.3,17816428.92,44025226.390599996,7846629.144900001,1392834.1627200001,2181106.819,1.1648707753495193,2.4735670491850876,3.5975446395135955,2,4,3,3.2,0.06,B
CORP-0652,Manufacturing,90037536.41,39865717.7,14995911.07,20400726.56,34304339.35,80387286.35705,7959690.497450001,1126794.1501200001,2057871.0768,1.1621188005767555,2.5630050020833925,3.8679247632108034,2,4,3,3.2,0.06,B
CORP-0653,Manufacturing,94156936.78,41544683.16,12684830.09,13752101.76,20502439.92,71108811.63075,10582583.471099999,3578339.1067600003,1428082.3828,2.026328735609337,1.2995032637876796,7.410345228369131,5,5,5,5.0,0.0005,AAA-AA
CORP-0654,Healthcare,22229317.0,9259136.65,2225597.92,13876945.04,5264769.1,16307247.642599998,2303925.2419999996,633753.1136,1140553.6212,1.758697575170011,6.023175052309272,2.0200060735206753,4,1,3,2.4000000000000004,0.12,CCC-C
CORP-0655,Manufacturing,33695615.61,18404633.36,2353176.7,11326674.14,12004488.89,35296042.72475,5692030.312949999,1569593.3809200001,747964.9042,1.5331459363781375,1.9899180990358682,7.610023252411847,4,4,5,4.4,0.005,A-BBB
CORP-0656,Technology,52829481.28,22999272.47,7755916.68,34057428.29,13614396.77,47007923.717300005,6182653.8774,2322632.0572,3826422.3187,1.6893346696549965,5.508545191975427,1.6157792743328219,4,2,2,2.4000000000000004,0.12,CCC-C
CORP-0657,Retail,31056195.33,14940929.28,1832405.98,4620003.29,10040417.49,22868939.1161,3280008.9262499996,1357514.9506800002,558178.2787,1.488078488258161,1.408533755205966,5.8762747520185785,3,5,4,4.2,0.015,BB
CORP-0658,Manufacturing,198707723.32,112996346.29,13625132.82,124806949.82,66086154.95,90383631.1828,17290601.820949998,5155995.601720001,14120920.5946,1.7098338733051075,7.218195821777517,1.2244670384707157,4,1,2,2.0,0.12,CCC-C
CORP-0659,Energy,65070050.77,36430774.97,9516270.45,25915421.61,26678007.25,29996493.37,3844404.225,1125457.426,2201857.4283,1.3655733214481378,6.741076144249633,1.7459823581621134,3,1,2,1.8000000000000003,0.12,CCC-C
CORP-0660,Manufacturing,83043721.0,47096308.22,6972065.51,19568408.64,29297458.44,59532672.1556,4147709.4277999997,1493222.8580800002,1422241.4292000001,1.607521973841223,4.717883202917458,2.9163188068097936,4,2,3,2.8,0.06,B
CORP-0661,Manufacturing,77275017.21,29441897.39,3012467.86,39055777.88,32867272.61,53497652.0573,12704579.358499998,2686321.7463200004,2890704.0064000003,0.8957815800341823,3.074149625730799,4.394977600740906,2,3,4,3.2,0.06,B
CORP-0662,Real Estate,128761685.88,39979827.01,9072783.24,32272642.14,32639623.45,67575549.4385,14803958.332999999,5001550.5524,2089460.3142,1.2248862818912207,2.1800008763912806,7.0850631775067,3,4,5,4.2,0.015,BB
CORP-0663,Energy,47727655.07,18056328.37,2548924.66,31318082.85,14689549.34,33598696.9715,2868887.411,1044707.8680000001,2768184.0655,1.2291955288806702,10.916455881091391,1.036378847329941,3,1,2,1.8000000000000003,0.12,CCC-C
CORP-0664,Retail,10887958.94,4176753.92,618805.41,4881127.09,3093332.73,9796647.2205,1807338.2876499998,676700.7422000001,556864.2127,1.3502439874937087,2.7007268773942195,3.2455637234919044,3,4,3,3.4000000000000004,0.03,BB
CORP-0665,Technology,59393060.55,34020826.05,4187051.64,16225565.64,30123061.59,50755126.877000004,6336841.6202,1045957.7055200002,1425822.5592,1.1293946980905136,2.5605130461644547,4.444340973083967,2,4,4,3.6,0.03,BB
CORP-0666,Technology,20762169.32,10272557.06,1659306.89,6420926.33,7984374.63,10803313.5028,1762823.7718,456732.79288,607001.2699,1.286582548544569,3.642409657003696,2.904151703159394,3,3,3,3.0000000000000004,0.06,B
CORP-0667,Retail,23473514.91,7617418.21,2396784.49,10298469.48,8518368.81,14695525.4355,2420517.7276,604497.5294400001,1139360.4043999999,0.8942343751373685,4.254655672450363,2.1244530863565263,2,3,3,2.8000000000000003,0.06,B
CORP-0668,Technology,71582702.59,24382040.51,8355193.56,22296650.23,14179890.32,41625062.4153,5755897.3927,1887882.2944800004,1871548.9468999999,1.7194801905914885,3.873705298895364,3.0754725395955926,4,3,3,3.2,0.06,B
CORP-0669,Technology,137382981.82,47631069.64,11229505.42,87899270.6,32468469.82,90320877.31940001,10008611.467400001,3587682.5275200005,10594760.308,1.4669945921091763,8.782364155737792,0.9446755921266663,3,1,1,1.4000000000000001,0.25,D
CORP-0670,Retail,40680994.54,19898153.47,5013661.02,23214156.14,24327840.75,23489526.729549997,2712404.8833,1192744.33068,2782945.9142,0.8179169567278591,8.55851435857795,0.9746523888444745,2,1,1,1.2000000000000002,0.25,D
CORP-0671,Technology,54234782.96,28235940.91,3100207.78,37774376.4,24214659.9,34768211.1777,3622513.9769,1015762.9227200001,3325404.142,1.166068035917366,10.427668917464267,1.0893454816957404,2,1,2,1.6,0.25,D
CORP-0672,Real Estate,218482165.04,121889708.33,14723652.5,78104256.65,74566672.63,92954114.83075,10077052.3705,2823531.6274,6352764.8295,1.6346405710607073,7.750704648379698,1.5862467194922314,4,1,2,2.0,0.12,CCC-C
CORP-0673,Technology,50665369.08,29496920.13,5228928.4,22021033.7,22994326.46,35707272.4645,5236153.195,2157157.7300000004,2212201.571,1.282791221622066,4.205574756870726,2.3669421736433622,3,3,3,3.0000000000000004,0.06,B
CORP-0674,Manufacturing,537093694.11,193628381.99,50957089.55,20486189.27,158552791.78,308495083.6166,35233840.6606,12110792.578680001,1736965.1080999998,1.2212234159753501,0.5814350319438363,20.28471412367112,3,5,5,4.6,0.005,A-BBB
CORP-0675,Manufacturing,70105348.39,27546616.9,8866301.34,10672526.22,18737118.42,12533579.21585,2307464.5593499998,972393.53192,775376.8766000001,1.4701629291405203,4.625217829133806,2.9759264545883153,3,2,3,2.6,0.06,B
CORP-0676,Real Estate,6846425.44,2547533.44,717133.0,2861123.89,1555803.55,6423389.35575,1441166.46325,494461.6746000001,312487.88670000003,1.637439019855688,1.9852834235039225,4.611911451894368,4,4,4,4.0,0.015,BB
CORP-0677,Technology,84591269.44,34481809.76,7504564.4,42003891.41,37259142.89,78344718.2518,9479502.3505,2155929.5721600004,4546783.0823,0.9254590171813799,4.431022838217292,2.08488115199566,2,3,3,2.8000000000000003,0.06,B
CORP-0678,Manufacturing,58302666.33,33489024.27,4537669.75,17918196.06,19469781.2,35282312.05989999,5714684.0216,1219226.30544,1654434.9518,1.7200513927706593,3.1354657566846984,3.4541605974792247,4,3,3,3.2,0.06,B
CORP-0679,Real Estate,144639175.48,68346894.89,22843717.35,56660034.1,57926856.31,90098194.43125,15765765.472250002,3088182.6946000005,4026093.673,1.1798826873020065,3.5938650869651556,3.9158963384233214,2,3,3,2.8000000000000003,0.06,B
CORP-0680,Real Estate,78075069.5,40712835.96,8514512.15,19711362.15,27272273.69,34227608.927,5941916.79275,2216121.9302000003,1410488.0345,1.4928288129833593,3.317340655804995,4.212667280695035,3,3,4,3.4000000000000004,0.03,BB
CORP-0681,Healthcare,34675502.51,15501189.99,4973032.94,10650946.84,10432667.07,37130385.9546,5710570.312,2370387.75776,975716.6151999999,1.4858319436431513,1.8651283949027753,5.852693520884096,3,4,4,3.8000000000000003,0.015,BB
CORP-0682,Retail,11707049.78,3613467.24,917436.4,1899877.53,2802933.12,11115416.2203,2080073.64005,973368.31956,156743.5759,1.2891735497420644,0.9133703218095353,13.27055114129242,3,5,5,4.6,0.005,A-BBB
CORP-0683,Technology,32312888.8,10316169.12,3317665.71,21635172.16,9459722.71,24445290.360400002,4256229.341,1649069.36376,1836471.4248000002,1.0905361009255206,5.083178190514711,2.3176126148891876,2,2,3,2.4,0.12,CCC-C
CORP-0684,Energy,17012850.8,7849336.52,2921419.98,7585750.78,5664424.3,14528978.1495,1280248.206,528777.1868,799002.9334,1.3857253807770014,5.925218832136368,1.6023072663227347,3,2,2,2.2,0.12,CCC-C
CORP-0685,Real Estate,22286162.99,11491563.77,4324377.2,8197577.33,5344584.94,14422923.8635,2790227.168,763402.5094000002,827936.3699,2.1501321241982168,2.9379605445802897,3.370098560034281,5,4,3,3.8000000000000003,0.015,BB
CORP-0686,Manufacturing,71741389.93,26156850.38,6814697.43,11589165.94,27379911.35,31908192.139599998,6201821.1428499995,1410832.03868,1282597.7981999998,0.9553299879475321,1.868671422967591,4.835359261924235,2,4,4,3.6,0.03,BB
CORP-0687,Manufacturing,211535735.5,109273622.46,27695673.83,70990181.19,50196314.54,126757606.31925,14176024.9757,5500387.65768,5334248.4757,2.176925207784388,5.007763552313759,2.657548676309031,5,2,3,3.0,0.06,B
CORP-0688,Retail,59095865.95,32100858.55,5768637.91,8171704.97,22993047.35,39312957.661249995,5971516.073949999,2110420.12916,693386.5390999999,1.3961115315147645,1.3684472868871698,8.612102683304023,3,5,5,4.6,0.005,A-BBB
CORP-0689,Healthcare,12044478.99,5101670.86,1942409.9,5628871.85,3369333.08,8028187.594,1478522.804,485836.01456000004,570681.6255,1.5141485685351121,3.807091669314557,2.590801487089407,4,3,3,3.2,0.06,B
CORP-0690,Technology,62121497.85,32547053.59,7725881.26,27871657.76,30551557.94,42752331.858600006,5965417.0849,2093800.0647200004,2695779.4928,1.0653156756823643,4.672206044159144,2.2128727890514353,2,2,3,2.4,0.12,CCC-C
CORP-0691,Retail,131778295.2,55506201.98,7675251.73,42702930.64,46585450.1,82926061.17495,16887801.336,5840727.80284,4824820.759199999,1.1914922333228675,2.528625828216576,3.5001924794404498,2,4,3,3.2,0.06,B
CORP-0692,Manufacturing,21643529.42,10897629.37,2504400.27,4880258.99,8390303.47,14165544.798849998,3799108.8015,1605903.60976,470008.2297,1.2988361397135495,1.284579948874623,8.083068681424836,3,5,5,4.6,0.005,A-BBB
CORP-0693,Manufacturing,34829762.84,18431879.66,2545737.03,29887810.0,17039386.71,23570246.7674,2609242.77775,1105272.2322,3518441.9099999997,1.0817220111086967,11.454591445021775,0.7415904097589606,2,1,1,1.2000000000000002,0.25,D
CORP-0694,Retail,40414055.66,24150549.97,6055979.96,9169805.09,17050261.53,19125652.142449997,1548178.88995,562821.28196,899560.3327,1.4164328170278804,5.922962229704701,1.7210395275025003,3,2,2,2.2,0.12,CCC-C
CORP-0695,Technology,18166716.01,7332431.72,1967897.49,6799287.47,5483447.94,10854668.4155,1793092.7651000002,695117.92896,720265.6041,1.3371936417071189,3.7919329118595857,2.489488259460258,3,3,3,3.0000000000000004,0.06,B
CORP-0696,Energy,76154934.42,32237315.43,6490233.25,44040798.27,14389651.47,35154692.2155,6541519.2245,2362306.1552000004,3749953.9981,2.240312456296066,6.73250307131311,1.7444265257158915,5,1,2,2.2,0.12,CCC-C
CORP-0697,Retail,35287941.09,12339699.6,1499214.08,9937938.78,11938444.59,28280754.7659,3915659.45015,1108548.3374,896544.2734,1.0336103256144527,2.5379987474700587,4.367502605644328,2,4,4,3.6,0.03,BB
CORP-0698,Manufacturing,60583458.03,21884072.88,8382717.33,41905181.44,14200513.11,19165998.653,4267559.39095,1623913.7782,4344065.6832,1.5410762069286945,9.819472349668109,0.982388320566635,4,1,1,1.6,0.25,D
CORP-0699,Technology,16395341.9,8329137.01,2765322.91,2755523.01,5208515.05,15378067.377400002,1277451.5936,266272.51560000004,314666.0503,1.5991385126169502,2.157046907925983,4.059705813137732,4,4,4,4.0,0.015,BB
CORP-0700,Manufacturing,25713885.6,14788407.3,5200555.26,2920997.99,13796806.27,23130163.3574,4270890.5483,1726769.4122000001,294841.3097,1.0718717803667472,0.6839318303679509,14.485387249994298,2,5,5,4.4,0.005,A-BBB
CORP-0701,Manufacturing,82012428.25,34312481.56,7207697.66,36895662.42,19333905.59,50645613.9331,6062632.4294,1360686.09364,3274579.4526000004,1.7747309978459453,6.085749523767756,1.851423218510181,4,1,2,2.0,0.12,CCC-C
CORP-0702,Technology,27430520.76,9709124.28,3187013.34,7444222.53,7241998.49,6973635.2322,1645560.9989,564204.06224,823777.8559000001,1.3406691942019446,4.523820469114304,1.9975785791209197,3,2,2,2.2,0.12,CCC-C
CORP-0703,Retail,223956826.24,86342041.58,21206630.17,148229924.49,171639096.51,131200403.45019998,32751001.4251,8265949.37728,8893795.4647,0.5030441393343594,4.525966170194669,3.6824549828125304,1,2,3,2.2,0.12,CCC-C
CORP-0704,Technology,26705065.23,11657175.21,1868937.16,3993071.74,6608601.33,19129331.8034,2136118.3571,778126.2216,274190.1922,1.763939845649609,1.8693120288620173,7.790644661505147,4,4,5,4.4,0.005,A-BBB
CORP-0705,Technology,49857760.82,19304680.63,2651054.13,17285722.76,18329137.12,27126167.9689,3323556.236,1054517.8061600002,1732453.1528,1.0532236462422186,5.200971950696971,1.918410452039324,2,2,2,2.0,0.12,CCC-C
CORP-0706,Real Estate,101198129.54,37450768.76,7621802.97,63148154.14,34648084.46,54661273.962,10548499.54125,2029737.2512000003,5696697.6241999995,1.0808900215893782,5.986458443028659,1.8516867555755778,2,2,2,2.0,0.12,CCC-C
CORP-0707,Retail,9641953.27,5021484.39,709363.17,1982769.28,2828748.98,8584823.267649999,1121551.0838,396643.23860000004,196458.1384,1.7751608309903835,1.7678813819893526,5.708855295760046,4,4,4,4.0,0.015,BB
CORP-0708,Healthcare,6846110.15,2069945.2,826903.14,2860951.87,1520748.92,6004081.7776,886979.629,242825.16912,260249.66609999997,1.3611354068888637,3.225498959007096,3.4081873851825857,3,3,3,3.0000000000000004,0.06,B
CORP-0709,Retail,8661025.45,3999394.43,458957.3,907172.12,2142025.31,4288464.98045,648713.6131,253317.30984,89414.68359999999,1.8671088578313764,1.3984169619393487,7.2551127732224066,4,5,5,4.8,0.0005,AAA-AA
CORP-0710,Energy,140762425.74,75748490.09,17599637.48,22473283.25,38178404.03,57488520.645,3105319.603,994031.6092000001,1748060.9175,1.9840664379390507,7.237027463546399,1.7764367202037168,4,1,2,2.0,0.12,CCC-C
CORP-0711,Healthcare,22934247.01,8711997.69,2052791.09,9821095.78,7014329.28,15836573.314800002,2364528.875,831447.98784,967940.5933999999,1.2420286163126917,4.153510614244454,2.442845037311977,3,3,3,3.0000000000000004,0.06,B
CORP-0712,Manufacturing,514239303.28,247342652.81,47041994.9,84005698.24,136104095.37,325180621.05754995,37562787.86615,9142575.353400001,8813560.1472,1.81730499833673,2.236407439707168,4.2619313011761095,4,4,4,4.0,0.015,BB
CORP-0713,Manufacturing,22651857.18,11341106.05,3078038.22,9215087.19,9468156.28,17008492.72895,2131910.1095999996,581698.96912,998070.0556999999,1.1978156796964068,4.322455786716534,2.136032533412474,2,3,3,2.8000000000000003,0.06,B
CORP-0714,Manufacturing,47896419.17,23780926.98,3448070.5,8848117.73,9936681.53,27712969.141,6157311.8269,1744421.29884,1063573.0819,2.3932463678344336,1.4370098476001225,5.789270085606516,5,5,4,4.6,0.005,A-BBB
CORP-0715,Retail,186158673.73,80747235.09,27064350.7,111581894.81,66033774.48,135216619.16944999,11787462.1627,4579855.7361200005,10450925.0343,1.2228171981060443,9.466150836359622,1.1278869692408544,3,1,2,1.8000000000000003,0.12,CCC-C
CORP-0716,Real Estate,296065978.61,119602778.93,23888779.18,101731701.67,62604998.55,272365564.30275,51929289.129,23585772.501000002,9573834.7601,1.9104349764416697,1.9590428325965232,5.4240845419038335,4,4,4,4.0,0.015,BB
CORP-0717,Healthcare,312934223.12,172357042.05,47812322.09,120526834.39,93798933.49,283303793.42319995,38544006.19539999,9851318.37984,8093667.761700001,1.8375160104392358,3.1269929176273377,4.7622422034412955,4,3,4,3.6000000000000005,0.03,BB
CORP-0718,Real Estate,133333788.56,70338078.43,22134814.46,54299228.14,43246777.68,81673116.35925,11108523.2135,4511702.837200001,4454102.0942,1.6264351288888907,4.888069016591788,2.4939983364919254,4,2,3,2.8,0.06,B
CORP-0719,Technology,110891469.18,43954778.2,16118772.55,28602844.01,35683872.6,77032601.44579999,14599110.3804,2137686.51096,2491415.5103,1.2317827353749717,1.9592182855470892,5.859765390415374,3,4,4,3.8000000000000003,0.015,BB
CORP-0720,Healthcare,72025224.02,23833561.37,8359293.49,37882696.26,16557511.78,49333349.5356,8238795.900599999,1849320.0694400002,4006276.7078,1.4394410033752065,4.598086506456744,2.056472006678799,3,2,3,2.6,0.06,B
CORP-0721,Real Estate,86734395.02,27888773.71,7878375.22,56644328.31,43674151.29,69647662.087,12434242.37525,3025222.8602000005,4578843.319300001,0.6385647548092285,4.555511031596819,2.7155859041603785,1,2,3,2.2,0.12,CCC-C
CORP-0722,Technology,22949673.86,7533983.04,1631242.59,5861001.98,4739045.55,14087174.2739,2795025.4422999998,591984.4476000001,597500.4394,1.589768015629223,2.0969404754960075,4.677863408948649,4,4,4,4.0,0.015,BB
CORP-0723,Technology,17571715.91,8344119.22,2094051.85,6189809.46,5088354.97,12936833.7644,1726220.9874,333700.8365600001,556932.2838,1.6398461328259102,3.5857572727828835,3.0995168310621826,4,3,3,3.2,0.06,B
CORP-0724,Healthcare,39690623.85,12522338.35,4140140.99,8420005.69,8061246.44,30229379.545399997,3609030.0968,1274131.67056,735424.1607,1.5533997680388492,2.33303836880322,4.907413013688333,4,4,4,4.0,0.015,BB
CORP-0725,Manufacturing,33592566.91,13473241.65,4894339.11,1299415.63,26946483.3,19624846.10785,1878931.3119,569080.54264,121798.6589,0.5,0.6915716512734112,15.426535307278332,1,5,5,4.2,0.015,BB
CORP-0726,Healthcare,25311564.67,13312868.29,1745777.37,6647523.77,13396658.74,12503317.5416,1359479.136,476296.81936,559273.8230999999,0.9937454217782067,4.889757844727968,2.4307934322127585,2,2,3,2.4,0.12,CCC-C
CORP-0727,Technology,79908073.24,31028660.43,6685338.33,48045383.39,25840773.53,62870182.51150001,18701032.6139,7017334.615200001,4014885.6217,1.2007636069399041,2.569129971694135,4.657924129350795,3,4,4,3.8000000000000003,0.015,BB
CORP-0728,Healthcare,103523087.0,54762928.64,18227018.23,38974554.23,33874041.3,76662081.358,16270298.5644,5552228.9664,2511060.8169,1.616663572999777,2.395441858410498,6.479452211948535,4,4,5,4.4,0.005,A-BBB
CORP-0729,Retail,43505889.87,22781429.02,5228236.1,4342376.96,14099726.19,31521701.566249996,2598847.08335,968385.1441599999,374663.26879999996,1.6157355620251233,1.6708859046845235,6.936487506965348,4,4,5,4.4,0.005,A-BBB
CORP-0730,Technology,174516540.15,65225232.24,13023413.14,81875173.15,45551194.02,110099822.79660001,9234854.083,2903783.6682400005,6779303.4545,1.431910483210644,8.865887042083326,1.362212820974999,3,1,2,1.8000000000000003,0.12,CCC-C
CORP-0731,Technology,12715227.97,6594710.44,1473237.27,7362343.22,3759601.59,12081875.806,2103373.6633,473344.32600000006,605628.4565999999,1.7540982154973503,3.5002545427183676,3.4730429859725325,4,3,3,3.2,0.06,B
CORP-0732,Healthcare,32813170.77,17205027.99,4832091.02,7848481.6,15791629.03,19266795.596399996,3417221.2919999994,1382693.6241600001,755440.648,1.0895030498319653,2.2967437368993195,4.523480833400957,2,4,4,3.6,0.03,BB
CORP-0733,Energy,19446500.31,8152676.46,3260594.01,1565246.53,4674447.85,18883462.844,3350760.8005,914325.552,156336.0059,1.744094002460633,0.4671316823828291,21.43307155130538,4,5,5,4.8,0.0005,AAA-AA
CORP-0734,Manufacturing,6159236.5,2236579.81,554443.05,1662446.44,1323500.79,2316764.1797999996,317981.00095,77953.77636,155410.3432,1.6898968454714711,5.228131350719933,2.046073603613276,4,2,3,2.8,0.06,B
CORP-0735,Manufacturing,36664491.63,16732986.23,2719919.18,19676480.85,10134926.92,27153964.513299998,3902765.6514,1193335.2667200002,2064677.2955,1.6510218931109966,5.041676238731284,1.890254549660688,4,2,2,2.4000000000000004,0.12,CCC-C
CORP-0736,Real Estate,35259744.6,20324396.47,3025367.15,7775149.58,14240910.02,24459394.14175,4069895.84525,1005163.0402000002,766889.6674,1.427183827540257,1.9104050510468036,5.3070161435976075,3,4,4,3.8000000000000003,0.015,BB
CORP-0737,Manufacturing,180899058.03,88981536.73,10028657.36,53972661.07,39860966.35,96806678.22765,14936752.560700001,4280956.476640001,4618664.9821,2.232297530087351,3.6134133474237995,3.2339978367317315,5,3,3,3.4000000000000004,0.03,BB
CORP-0738,Healthcare,74836155.21,26333103.02,7047927.85,33255637.95,15514900.18,62247670.71259999,2429836.6628,844427.3198399999,2762118.6985,1.6972782753668996,13.686367672005645,0.8797003054646242,4,1,1,1.6,0.25,D
CORP-0739,Manufacturing,14300616.06,7219338.21,1901368.85,4108875.14,6488326.64,12608561.7065,1746412.1108499998,607519.73424,389078.97419999994,1.1126656548844773,2.3527523168630347,4.488580022708408,2,4,4,3.6,0.03,BB
CORP-0740,Manufacturing,254317124.11,108888650.82,17593158.7,86546729.32,68084249.37,75733415.25985,8136016.4371,2019144.4484400002,8534070.6396,1.5993221901919015,10.63748211291086,0.9533570532387042,4,1,1,1.6,0.25,D
CORP-0741,Manufacturing,135033532.65,64472926.74,19896269.24,72185461.97,35798536.8,101539596.83765,16120484.3655,4529591.253640001,8010252.1291,1.8009933506556057,4.477871776885723,2.012481518145576,4,3,3,3.2,0.06,B
CORP-0742,Retail,71277958.74,37080163.42,11952127.41,12166963.5,29318024.18,17290849.428299997,5174510.609449999,2100575.19812,1312421.095,1.2647565604129332,2.3513264187302982,3.942721302761443,3,4,3,3.4000000000000004,0.03,BB
CORP-0743,Healthcare,31753575.82,14431498.68,2564902.49,1131755.37,7455407.52,18113986.6276,3049925.8893999998,1097094.97328,92665.7611,1.9357088987135609,0.37107635104623676,32.913190947718874,4,5,5,4.8,0.0005,AAA-AA
CORP-0744,Manufacturing,15257179.9,8302883.95,1687394.52,4182054.42,5023485.13,14342829.0513,1926579.2258499998,936327.52388,369985.96259999997,1.652813482101419,2.170714997798698,5.207168435016729,4,4,4,4.0,0.015,BB
CORP-0745,Retail,27447707.97,14180767.02,5631771.11,7979265.27,25187475.62,15105382.008499999,2962015.49175,1227489.59256,798447.3081,0.5630086648596029,2.6938634494736347,3.7097194288230075,1,4,3,3.0000000000000004,0.06,B
CORP-0746,Real Estate,118301690.61,57319771.97,12167803.38,55546906.22,35385441.27,51821890.59775,9023973.535500001,3713757.1580000008,5889081.1466,1.6198687910272311,6.155481950548767,1.5323228379540839,4,1,2,2.0,0.12,CCC-C
CORP-0747,Manufacturing,262191656.05,90518482.25,29711832.01,108212850.51,67672900.29,166477123.54275,28468374.6531,5949050.939840001,11263284.9853,1.3375883383466554,3.8011601234219534,2.5275374537938795,3,3,3,3.0000000000000004,0.06,B
CORP-0748,Manufacturing,186369818.33,102649650.68,24206597.14,41721336.75,59858493.88,188856058.51729998,34058779.33715,12980101.47952,3714944.2825,1.7148719258754594,1.2249803886685973,9.168045802891527,4,5,5,4.8,0.0005,AAA-AA
CORP-0749,Real Estate,24425801.7,14185813.78,4794853.98,3952306.14,7554944.9,8209249.41475,2075521.3620000002,655348.8908000002,281363.3342,1.8776859352078132,1.9042473916970457,7.37665896624849,4,4,5,4.4,0.005,A-BBB
CORP-0750,Energy,12998994.51,4433821.02,1466295.52,6031497.61,2809657.1,6516101.0625,608965.9929999999,168026.78280000002,452458.5483,1.5780648179452217,9.90449003611274,1.3459044928823591,4,1,2,2.0,0.12,CCC-C
CORP-0751,Technology,45850022.48,20470766.77,6147920.03,3046680.55,9450513.98,45874440.6575,7967546.4322999995,2656708.46168,286660.6565,2.166100892853237,0.382386293683702,27.7943493522279,5,5,5,5.0,0.0005,AAA-AA
CORP-0752,Real Estate,6794069.34,2565893.22,914570.31,1627789.24,1796193.38,6168633.5645,639569.7497500001,253024.61640000003,154857.0972,1.4285172457321942,2.5451316930425225,4.130064177323351,3,4,4,3.8000000000000003,0.015,BB
CORP-0753,Energy,55017821.29,28959014.93,11055554.22,7117047.89,16548697.63,36444723.173499994,6478983.704499999,2332865.1608,523244.0067,1.7499271288576923,1.098482140811194,12.382337153485448,4,5,5,4.8,0.0005,AAA-AA
CORP-0754,Retail,34359785.55,17746447.53,4862437.82,7060604.25,9740214.74,15273354.68505,1589431.9521499998,396916.28172,640174.7075,1.8219770306624679,4.442218643238694,2.482809666687745,4,3,3,3.2,0.06,B
CORP-0755,Technology,24989430.12,8553020.7,1464625.01,2668984.55,5853976.74,27724361.2464,3580092.7708,1358275.4276,265479.5265,1.461061613305966,0.7455070918186274,13.485381784421708,3,5,5,4.6,0.005,A-BBB
CORP-0756,Healthcare,8083188.21,4551709.41,999503.9,1104386.19,2512660.77,8501534.981,1149794.3887999998,309286.63584,80323.7757,1.8115097208287294,0.9605075487910575,14.31449628431747,4,5,5,4.8,0.0005,AAA-AA
CORP-0757,Energy,66559051.67,23581334.15,7722691.54,11044271.29,18683748.2,52942466.631,10524477.198,3550270.8268,1177042.7486999999,1.2621308046744069,1.0493890653398703,8.941457062306272,3,5,5,4.6,0.005,A-BBB
CORP-0758,Manufacturing,23377840.87,12604810.65,3721759.99,12168745.68,9470375.53,12444698.15855,2438199.13995,721053.4952,1026275.9003999999,1.3309726325076363,4.990874404233258,2.375773550757346,3,2,3,2.6,0.06,B
CORP-0759,Real Estate,12361324.5,5403062.1,828502.85,3085362.78,5541576.45,7570080.712,664003.05075,200854.74740000005,335885.54339999997,0.9750045224044503,4.646609343910457,1.9768729669893859,2,2,2,2.0,0.12,CCC-C
CORP-0760,Healthcare,2252920.17,897747.43,103574.79,516681.17,562299.81,1626275.6135999998,248408.2446,94717.92688,42366.9351,1.5965636374659276,2.0799678804219526,5.863257373082907,4,4,4,4.0,0.015,BB
CORP-0761,Technology,38743946.99,13462428.18,4104539.24,9709183.12,8258648.33,30538557.7588,3497306.3944,828107.95704,724311.0536,1.6301006704810252,2.776188879403491,4.8284592331119995,4,4,4,4.0,0.015,BB
CORP-0762,Retail,234332498.07,82082989.63,14391094.04,127242616.79,41630456.21,205652832.21594998,17907169.8736,8516929.45012,10577417.273699999,1.9717052634720573,7.1056798862219965,1.6929624132466545,4,1,2,2.0,0.12,CCC-C
CORP-0763,Retail,209714830.23,104556928.66,26128888.67,33086281.2,57560947.56,164749064.7404,22924691.9027,3996074.44376,2930543.846,1.8164560017190932,1.443259579689409,7.82267493932592,4,5,5,4.8,0.0005,AAA-AA
CORP-0764,Healthcare,25213843.41,11727692.71,3800054.27,12778075.0,8461039.53,13853829.4066,1864391.018,507462.22608000005,1075566.37,1.3860817773534266,6.853752714228105,1.7334039720858878,3,1,2,1.8000000000000003,0.12,CCC-C
CORP-0765,Technology,21808011.05,7341135.38,1973297.44,11337334.95,7136127.81,21339626.308000002,5790205.093400001,2024353.8515200003,983626.9384999999,1.0287281247559383,1.9580195808474776,5.886586536791968,2,4,4,3.6,0.03,BB
CORP-0766,Manufacturing,63641367.93,21244084.18,2655314.54,35456588.3,12697133.61,45840436.118149996,7868418.776699999,2885704.2954800003,3368711.9189999998,1.6731401615927393,4.506189783008782,2.3357351313779704,4,2,3,2.8,0.06,B
CORP-0767,Healthcare,14674393.01,4720652.04,734883.12,2009427.42,2427942.68,12930610.963399999,1048919.8491999998,327223.06912,175688.88259999998,1.9443012715604966,1.9157111208569169,5.9703256898054855,4,4,4,4.0,0.015,BB
CORP-0768,Real Estate,53854250.99,28172785.32,4671004.28,5751732.12,15633534.19,45631451.8425,5556144.88775,1752456.6786000002,511951.98360000004,1.8020739890037623,1.0352019675874948,10.852863287450694,4,5,5,4.8,0.0005,AAA-AA
CORP-0769,Retail,85675741.32,44000030.01,7803813.47,22942854.06,22753249.85,39842268.039349996,8011051.5561999995,2826651.5298,1476638.8917999999,1.9337910100785007,2.8639004379198907,5.425193390670248,4,4,4,4.0,0.015,BB
CORP-0770,Healthcare,135832521.31,43130805.04,11628971.54,62362816.28,30475875.06,101231195.63139999,25755457.290999997,7765642.32656,5979064.3384,1.4152441875773984,2.421343778733531,4.307606647680291,3,4,4,3.8000000000000003,0.015,BB
CORP-0771,Technology,36029403.38,16864679.98,4236234.48,6164227.82,12840940.34,22744471.404200003,1608053.1103,693801.7486400001,546532.4646000001,1.3133524129433032,3.833348401564918,2.9422828733091144,3,3,3,3.0000000000000004,0.06,B
CORP-0772,Healthcare,32486210.01,10571105.21,1701398.36,2211659.22,8770958.44,14854073.546,831884.2738,322062.2736,252470.6166,1.205239459554434,2.6586140520450843,3.294974619236542,3,4,3,3.4000000000000004,0.03,BB
CORP-0773,Technology,16551998.59,9453239.19,1136907.55,6072718.16,6397519.12,13094306.2068,3189095.4732000004,1243192.1684,460958.9148,1.4776414126606001,1.9042133454557624,6.918394179628089,3,4,5,4.2,0.015,BB
CORP-0774,Manufacturing,17419827.83,9966497.13,1509223.29,3052038.14,6786561.08,18942842.406349998,3210446.3599,779199.2880000001,191898.6342,1.4685636823296668,0.9506585059701997,16.729907293420435,3,5,5,4.6,0.005,A-BBB
CORP-0775,Healthcare,31753741.16,16177575.24,6395228.35,15438083.22,10221691.5,12894095.0936,1374321.8111999999,431054.55919999996,1532554.3865999999,1.5826710520465228,11.233237436958174,0.8967523914429936,4,1,1,1.6,0.25,D
CORP-0776,Technology,57504025.2,33229084.88,7993724.4,33553555.03,22943810.28,41525090.1065,7338789.5672,2172008.1510400004,3194228.1509,1.4482810167309315,4.572083001257363,2.297515775487808,3,2,3,2.6,0.06,B
CORP-0777,Retail,99292900.03,53959327.4,19436346.76,18522890.11,37302110.63,74184447.48575,1483688.9472999999,355420.48948000005,1386873.7033,1.4465489080557155,12.484348652531073,1.0698082628357815,3,1,2,1.8000000000000003,0.12,CCC-C
CORP-0778,Healthcare,17837633.93,9785040.53,3470027.24,4086914.25,8227408.06,13826640.414199999,2076329.6595999997,724251.05712,274042.9875,1.1893223793739969,1.9683359196377974,7.576656781265019,2,4,5,4.0,0.015,BB
CORP-0779,Healthcare,177182098.89,83437239.48,21147657.89,47462064.56,44460792.34,129472616.39299998,21543085.7032,5967183.53648,5366106.1568,1.8766476054214196,2.203122858716103,4.014658874368394,4,4,4,4.0,0.015,BB
CORP-0780,Energy,30367283.89,11898441.13,3712388.74,13886661.25,7773673.7,13942628.777999999,2735732.0889999997,1018875.0148000001,1544358.5875,1.5306072249983944,5.076031131058609,1.7714357993946144,4,2,2,2.4000000000000004,0.12,CCC-C
CORP-0781,Energy,38982863.33,14241988.94,2247750.49,10229144.28,9957883.95,28051045.007,2785614.7045,652905.3932,613748.6584,1.4302224259201173,3.6721317788405576,4.538689684083226,3,3,4,3.4000000000000004,0.03,BB
CORP-0782,Manufacturing,18864422.92,7511058.75,2302282.3,12563235.83,6253856.6,10217356.583649999,1576378.3053499998,721229.72028,1044339.7649,1.2010282982823752,7.969683284375455,1.5094496621996816,3,1,2,1.8000000000000003,0.12,CCC-C
CORP-0783,Retail,3526300.07,1722769.06,313053.62,645152.32,1781128.16,1027643.5512,106596.2002,26467.13132,74168.5696,0.9672347553025046,6.052301290191767,1.4372152621371304,2,1,2,1.6,0.25,D
CORP-0784,Retail,96402760.63,33914198.2,11857035.48,43249627.4,16762771.0,80624457.89439999,13123177.5234,4429652.28664,3583623.5420000004,2.023185677356089,3.2956673277399005,3.6619855209668666,5,3,3,3.4000000000000004,0.03,BB
CORP-0785,Technology,83207154.78,31418361.9,3930978.72,52271044.86,18246805.38,75088318.1048,7901745.2423,3029124.1198400003,4319721.8258,1.7218554835049158,6.615126564721442,1.8292254827859478,4,1,2,2.0,0.12,CCC-C
CORP-0786,Real Estate,30058993.02,13238529.37,4394418.65,12142386.24,15566813.03,18877271.60275,2446399.2240000004,671166.6036000001,1041314.1672,0.8504328628144382,4.9633707045355075,2.3493382699076757,2,2,3,2.4,0.12,CCC-C
CORP-0787,Manufacturing,42584066.58,15752486.25,2047525.05,8603833.93,8725897.17,30075230.082699995,3013815.6584499995,1169955.6742,629684.8779,1.805256920074386,2.854797673466511,4.786228420318873,4,4,4,4.0,0.015,BB
CORP-0788,Manufacturing,66714922.91,31795871.99,11585041.25,3392635.11,17012306.11,56534966.753350005,10320843.3023,2287772.9530800004,218581.9333,1.8689924684173227,0.32871685100033937,47.21727521796057,4,5,5,4.8,0.0005,AAA-AA
CORP-0789,Manufacturing,8347345.51,4816024.43,921119.36,4753916.98,3107612.87,5888757.78255,1136074.2048499999,495520.82352000003,502908.36939999997,1.5497504455888031,4.184512736672582,2.2590083481915504,4,3,3,3.2,0.06,B
CORP-0790,Real Estate,23463282.79,12304774.54,3646126.3,7326759.75,5751925.67,17834974.3585,2466023.5647500004,791918.9320000001,456867.0425,2.1392443584897713,2.9710826184837247,5.3976832105371235,5,4,4,4.2,0.015,BB
CORP-0791,Technology,88124811.46,44056059.35,10848834.73,24563702.68,27766053.14,59383630.296900004,9021080.0953,2456323.6224800004,2301841.7804,1.5866878568539684,2.7229225791707288,3.9190704470280195,4,4,3,3.6000000000000005,0.03,BB
CORP-0792,Manufacturing,11361154.3,5394462.87,1132248.9,9242231.16,5780170.23,10078494.5723,781793.1486999999,231461.94656,954710.3947999999,0.9332705881224539,11.821836985100713,0.8188798958911262,2,1,1,1.2000000000000002,0.25,D
CORP-0793,Manufacturing,53412637.44,23842566.66,7000953.65,28247820.41,14484561.06,38541021.76215,5203661.05735,2001918.87272,1927394.1423,1.6460675999249093,5.42845125742786,2.6998427271032184,4,2,3,2.8,0.06,B
CORP-0794,Energy,10256458.84,3650983.01,1402915.39,4116990.97,2284779.02,7312740.587,1078554.4175,294708.0696,313451.1191,1.5979589177074989,3.8171379238729974,3.4409014732402654,4,3,3,3.2,0.06,B
CORP-0795,Technology,63492349.89,36089885.75,4055814.72,22279363.21,28672775.93,31546103.052100003,8865705.903600002,2305539.09768,2410575.5863,1.2586812605137252,2.512982435042568,3.677837755425044,3,4,3,3.4000000000000004,0.03,BB
CORP-0796,Real Estate,38430367.21,14394509.11,5407381.65,16960293.69,8323298.96,25536139.5935,2410653.682,728685.3366,1661996.4307000001,1.7294235349681588,7.0355579553546175,1.4504565939318415,4,1,2,2.0,0.12,CCC-C
CORP-0797,Real Estate,7919734.05,2592862.82,733065.84,1986858.04,3112927.5,3888961.5475000003,868050.6849999999,196043.19400000005,160420.3412,0.8329338926139461,2.288873304673448,5.411101101684977,2,4,4,3.6,0.03,BB
CORP-0798,Manufacturing,127641913.99,67012586.09,22931324.34,17388747.47,35339964.89,71659036.51734999,14320552.436999999,6668272.33816,1878571.3340999999,1.896226730801373,1.2142511642967562,7.623108144498967,4,5,5,4.8,0.0005,AAA-AA
CORP-0799,Energy,19104002.45,6737688.61,1449697.83,10625935.15,5865228.19,10342642.205999998,1696522.429,466015.0840000001,1148642.7145,1.1487513173805433,6.263362610692606,1.4769800979745822,2,1,2,1.6,0.25,D
CORP-0800,Real Estate,17711904.87,7289667.43,1760840.25,6716341.11,6590890.96,8054198.009000001,1916343.585,740723.0272000001,631576.4433,1.1060215491715553,3.5047687494933224,3.03422270626033,2,3,3,2.8000000000000003,0.06,B
CORP-0801,Healthcare,48669796.34,15013925.41,5414850.66,9170280.81,10322608.56,56041178.8384,9448838.292200001,3181968.1688,701504.4443000001,1.4544700908430068,0.9705193936454655,13.469391917578761,3,5,5,4.6,0.005,A-BBB
CORP-0802,Technology,125603081.94,42845771.39,9616921.52,54088665.46,25607248.79,121873136.3031,20652373.0322,4982122.21416,4532536.5638,1.6731891716040925,2.6190048657201785,4.556471358034763,4,4,4,4.0,0.015,BB
CORP-0803,Manufacturing,14420742.52,5075540.25,1321659.87,1431884.94,3241976.7,14257807.931799999,2100801.9842,671255.8654000001,135020.7382,1.5655696260864551,0.6815896742144747,15.559106047014636,4,5,5,4.8,0.0005,AAA-AA
CORP-0804,Energy,42358507.73,13398971.86,1421074.55,24243105.14,11138554.46,19997783.876,4223100.883,1616266.1124000002,2113297.5942,1.2029363332663545,5.740593419775996,1.998346515223606,3,2,2,2.2,0.12,CCC-C
CORP-0805,Manufacturing,61148537.32,30390644.92,4485033.2,37048714.13,23421301.98,41574852.3873,8515505.183,2596710.42808,3856191.6139,1.297564283401123,4.350735902781494,2.208268166007382,3,3,3,3.0000000000000004,0.06,B
CORP-0806,Healthcare,79646257.57,43893238.82,12839033.62,31739415.64,41931552.44,40525653.89439999,4811049.0243999995,1998745.68048,2128235.3792,1.0467830611043316,6.5971923127427115,2.2605812643752143,2,1,3,2.0,0.12,CCC-C
CORP-0807,Real Estate,47509562.06,19573684.06,6167532.21,8203416.31,13880784.94,24332843.8415,2044874.7775,821469.6138000002,554436.4793,1.4101280399204859,4.0116961685200305,3.6882038860100668,3,3,3,3.0000000000000004,0.06,B
CORP-0808,Real Estate,27590226.65,15515996.96,4263490.0,4239783.72,8039341.31,13179584.125,1843177.6020000002,725314.6942,393083.3516,1.9300084872251806,2.3002578348388587,4.689024845487759,4,4,4,4.0,0.015,BB
CORP-0809,Manufacturing,17407466.47,6336386.94,906059.05,8808355.84,4229065.49,15231716.444299998,1675459.43875,474536.11788000003,727806.5552000001,1.4982948254130726,5.257277876312898,2.302066980270034,3,2,3,2.6,0.06,B
CORP-0810,Technology,43407547.22,17259584.22,4032212.17,23708394.03,9361050.7,28470411.132799998,4180133.1299,976531.7889600002,1910760.7308999998,1.8437657024974772,5.671683961550566,2.187680049260322,4,2,3,2.8,0.06,B
CORP-0811,Real Estate,13631052.06,4705726.76,971866.36,10248642.86,2260021.11,10708538.09525,2268838.385,614657.7948000001,650575.1258,2.0821605334474067,4.517132171139639,3.4874348788082723,5,2,3,3.0,0.06,B
CORP-0812,Healthcare,2144998.73,1042829.22,259349.96,824055.17,824506.11,1856656.6885999998,236045.89099999997,79240.43584,74406.5651,1.2647925920160858,3.4910803425084835,3.1723798925909557,3,3,3,3.0000000000000004,0.06,B
CORP-0813,Technology,61623866.96,26249356.43,9478608.76,17173967.64,18415810.33,70698736.4447,10453432.516800001,3801525.9755200003,1532066.8692,1.4253706983090981,1.64290223449563,6.823091554912661,3,4,5,4.2,0.015,BB
CORP-0814,Real Estate,98339353.04,47594772.18,15837561.74,33459085.53,20095094.56,38419822.782000005,5874434.5745,859278.7328000001,3339289.8359000003,2.368477144404142,5.695711664785688,1.7591867921571809,5,2,2,2.6,0.06,B
CORP-0815,Real Estate,3749254.45,1981490.24,248076.34,1040174.04,953676.95,3056321.558,588102.1159999999,187810.96420000002,94690.7812,2.0777373721782832,1.7686963057959821,6.21076422168117,5,4,5,4.6,0.005,A-BBB
CORP-0816,Manufacturing,14508848.97,6727911.49,2469767.59,2211054.63,8095790.99,12469711.86945,469553.64949999994,156195.68116,194596.9889,0.8310381898829134,4.708843456662347,2.412954342994975,2,2,3,2.4,0.12,CCC-C
CORP-0817,Manufacturing,73968823.7,36118170.83,8723627.05,33153751.48,21825523.33,37387226.394049995,4473941.89875,1332324.05612,3569167.4344,1.6548593261154119,7.410411719755015,1.2534973438426258,4,1,2,2.0,0.12,CCC-C
CORP-0818,Manufacturing,311682459.57,180955073.36,58477196.04,109865844.73,120618703.43,260626150.8279,41847225.396,17714010.31936,7724996.0919,1.5002239968946083,2.625403325796162,5.417119296652935,4,4,4,4.0,0.015,BB
CORP-0819,Technology,40661559.0,15846594.02,2250402.86,20339209.09,8656591.49,32089223.393500004,6738863.5951000005,2383821.8185600005,1994174.8027,1.8305812441658835,3.018195694714634,3.3792742672186815,4,3,3,3.2,0.06,B
CORP-0820,Retail,19230287.32,7841133.92,2361873.88,5555873.61,6523359.83,11680021.18745,1464731.6239499997,622240.4829200001,360758.3883,1.202008493221506,3.7931000595298516,4.060145713734467,3,3,4,3.4000000000000004,0.03,BB
CORP-0821,Healthcare,33168246.94,17091962.78,2920978.93,8684509.28,14681840.94,19804764.5148,1112480.459,336773.59696,672394.4084,1.16415665105278,7.806437596042304,1.6545058154888728,2,1,2,1.6,0.25,D
CORP-0822,Technology,157490613.74,76129648.44,17625099.92,88334813.81,61915582.13,94041122.8302,17020086.437900003,6722903.496400001,6343335.6143,1.2295717139532933,5.190033207663254,2.683144558760384,3,2,3,2.6,0.06,B
CORP-0823,Retail,20874436.22,7380362.98,775372.53,6143004.43,5805693.08,20332113.09675,2403903.96855,1083692.6744000001,624922.5429,1.2712285817217193,2.5554283824845845,3.846723079302761,3,4,3,3.4000000000000004,0.03,BB
CORP-0824,Manufacturing,17908893.54,7393582.7,1075642.01,3907164.32,4048772.02,11965183.0509,1083048.4901,460225.72756,347811.2596,1.8261296668415528,3.6075617626679333,3.113897150269255,4,3,3,3.2,0.06,B
CORP-0825,Manufacturing,24575399.44,10821811.65,1381124.49,11678892.19,10531976.59,19626300.076649997,2331265.51625,542319.20012,1048734.7557,1.02751953135513,5.009679124317978,2.222931493000771,2,2,3,2.4,0.12,CCC-C
CORP-0826,Real Estate,15350696.29,6536586.7,1123791.24,5582627.19,5225279.58,7635598.987249999,1074891.7680000002,322151.4172,409759.2857,1.2509544417525693,5.193664475063688,2.6232273569194193,3,2,3,2.6,0.06,B
CORP-0827,Retail,45022382.64,15914621.78,2068987.2,29011041.94,20289039.19,23341569.540799998,2795450.9453499997,817353.02124,2480577.4682,0.784395043597922,10.377947067272798,1.1269355547998603,1,1,2,1.4000000000000001,0.25,D
CORP-0828,Retail,202181922.9,116725492.93,35901610.97,96359566.2,61342548.82,165425159.2049,6570968.0742999995,2359899.85588,7568853.176000001,1.9028471293638693,14.664439867981724,0.8681590092321799,4,1,1,1.6,0.25,D
CORP-0829,Healthcare,55012955.67,29085109.17,3161899.54,15184473.14,14481644.5,27411837.523199998,5341287.27,2002492.84384,1453941.0142,2.008412039806667,2.8428489935910153,3.6736615982588043,5,4,3,3.8000000000000003,0.015,BB
CORP-0830,Manufacturing,30942663.89,13751128.68,3923501.6,3743567.38,10043400.29,18524113.528500002,3959413.52935,1001290.4904800002,281267.8214,1.3691706277695321,0.9454853230787857,14.077022780786539,3,5,5,4.6,0.005,A-BBB
CORP-0831,Retail,29745509.31,14992281.29,2132087.54,9632495.81,10857518.38,19319066.1839,3527199.7529999996,1147846.31864,1059063.2042999999,1.3808202542504007,2.730918713012283,3.330490322653919,3,4,3,3.4000000000000004,0.03,BB
CORP-0832,Manufacturing,8341963.61,4748118.9,1821133.58,4312846.94,2824094.83,5727585.74855,533328.2524499999,84482.29400000001,279758.3982,1.6812887618224917,8.086665051378155,1.906388712122673,4,1,2,2.0,0.12,CCC-C
CORP-0833,Technology,96312606.53,32828367.94,12472423.46,29102577.99,15708910.42,66976270.27910001,9371682.966100002,4080014.6660000007,2267154.9197,2.0897928030835384,3.105373719455957,4.133675596963663,5,3,4,3.8000000000000003,0.015,BB
CORP-0834,Technology,36842506.44,13820063.15,2316946.45,16025746.5,8308100.95,29475449.3852,4411706.4719,1230910.4880800003,1845493.035,1.6634442977007882,3.6325504885863706,2.3905300037612984,4,3,3,3.2,0.06,B
CORP-0835,Manufacturing,33248495.85,15387748.8,4375143.06,15150183.6,12602752.04,26057075.9817,4688702.94685,1521339.29204,1264630.048,1.2209832226453932,3.231209946916836,3.707568829528555,3,3,3,3.0000000000000004,0.06,B
CORP-0836,Manufacturing,970291954.16,523669586.63,56766618.88,388454711.03,614296092.56,767194779.6054,140716583.6411,41543478.77532,27299361.8209,0.852470971201647,2.7605467740800207,5.154574109251499,2,4,4,3.6,0.03,BB
CORP-0837,Real Estate,53690836.82,16691217.75,6334927.41,17957658.8,15836828.83,25084380.95675,2841842.3772500004,1169935.9390000002,1675199.474,1.0539494951401833,6.3190199934231766,1.6964202898561802,2,1,2,1.6,0.25,D
CORP-0838,Manufacturing,18778233.23,11176906.66,2871304.77,7143067.3,7308569.92,11652759.3674,1795687.6318499998,166998.02272,591939.679,1.5292877789147565,3.977900818217968,3.0335652357070657,4,3,3,3.2,0.06,B
CORP-0839,Manufacturing,26000918.02,11348672.19,1282024.83,5890023.62,9167910.56,22556456.7511,3899199.7922499995,1242562.5714800002,456252.6886,1.237868990510745,1.5105724081404952,8.546140964592663,3,4,5,4.2,0.015,BB
CORP-0840,Energy,125579013.64,51207271.79,10382274.25,42879193.98,32451008.22,104493044.21149999,23280121.946000002,7252561.134400001,3154276.5993999997,1.5779870826460258,1.8418801275810117,7.380494770315419,4,4,5,4.4,0.005,A-BBB
CORP-0841,Technology,44601159.33,17297102.59,2128492.17,6288523.87,13525720.59,21325579.584400002,3950037.455,1120661.52744,827101.8961,1.2788303939080556,1.5920162635521136,4.775756740040679,3,4,4,3.8000000000000003,0.015,BB
CORP-0842,Energy,9451859.21,3329956.28,725541.97,6082787.4,3092623.9,6992027.8095,1324659.4904999998,606824.0236000001,524498.812,1.0767414298259803,4.591963024176137,2.525571955918939,2,2,3,2.4,0.12,CCC-C
CORP-0843,Technology,99854924.4,53669243.17,16153256.25,25113976.68,52147204.59,36742918.0118,5665439.4433,1410771.7187200002,1534878.0904,1.0291873474708149,4.432838252238318,3.6911331777649825,2,3,3,2.8000000000000003,0.06,B
CORP-0844,Real Estate,20416540.0,11976837.45,2886022.26,11897002.05,5636313.16,12806783.286500001,2824189.72175,1078116.6174,1337290.2015,2.1249418032691425,4.212536416508188,2.1118749831429167,5,3,3,3.4000000000000004,0.03,BB
CORP-0845,Technology,259248540.72,109945601.94,23651129.84,187045899.32,59250858.1,278275723.6532,47442710.4788,16533795.183360003,18548605.5396,1.8555950996429535,3.942563513599889,2.5577507903498766,4,3,3,3.2,0.06,B
CORP-0846,Manufacturing,117276865.1,68692133.53,9324758.86,76077770.17,31334690.51,59776242.86635,6392806.425999999,2690869.9312,5972333.4651,2.1922071803478618,11.9005277338895,1.070403463463164,5,1,2,2.2,0.12,CCC-C
CORP-0847,Technology,25461500.99,13930987.44,2416771.57,4181248.78,8118383.96,14669725.415800001,3229811.4211999997,861148.06232,317788.3434,1.7159803611949391,1.2945798483945246,10.16340431698792,4,5,5,4.8,0.0005,AAA-AA
CORP-0848,Real Estate,143381054.61,63706401.78,8284570.74,42418849.87,47971563.95,105876100.21650001,19575978.8745,5116426.545600001,4246215.6060999995,1.3280034365025115,2.1668826954679394,4.610217824638408,3,4,4,3.8000000000000003,0.015,BB
CORP-0849,Manufacturing,42620908.92,21404555.19,7325700.87,13271110.75,10547563.98,17489581.477599997,2236004.4995,911586.82124,1145246.7625,2.029336369097806,5.935189644281841,1.9524215852127327,5,2,2,2.6,0.06,B
CORP-0850,Manufacturing,93434729.95,40223207.78,5654254.69,34186550.01,27054037.98,52541143.283149995,6621516.05725,2344186.88908,2089151.4503,1.4867727993039508,5.162949045871243,3.169476323173773,3,2,3,2.6,0.06,B
CORP-0851,Technology,64665139.84,30238520.15,8424814.88,39730830.18,19037852.61,54095770.6198,8916539.723000001,1751253.0963200002,4640902.6254,1.5883367084224946,4.4558574754638585,1.9212942918041689,4,3,2,2.8,0.06,B
CORP-0852,Healthcare,17083836.58,5422647.21,1099832.83,4944953.99,3656858.87,10809870.383399999,1871828.9371999998,518226.324,412854.91969999997,1.4828702454136546,2.641776655828911,4.53386613040765,3,4,4,3.8000000000000003,0.015,BB
CORP-0853,Retail,20924895.24,10648240.65,1786705.73,7283782.05,21296481.31,12680671.3257,2027190.6140499997,711362.70268,818941.6614999999,0.49999999976521947,3.593042508937124,2.475378539585997,1,3,3,2.6000000000000005,0.06,B
CORP-0854,Real Estate,111547472.16,35231978.32,10282119.29,54027799.18,16448983.11,82026298.13475,13580719.622250002,5256025.559600001,5898567.3354,2.141894005507311,3.9782721890144495,2.3023759584375503,5,3,3,3.4000000000000004,0.03,BB
CORP-0855,Retail,28494586.16,15533125.07,3682914.72,13646297.05,9156514.16,20284410.26185,4766793.179049999,1266353.65304,1023265.6314999999,1.6964015779996346,2.8627835396709296,4.658412275669204,4,4,4,4.0,0.015,BB
CORP-0856,Technology,26598131.76,14562053.67,3204287.3,12148884.95,8923213.98,20655070.417799998,4204900.5271,365235.64168000006,1281681.2185,1.6319292244519277,2.8892205348740414,3.2807694038156803,4,4,3,3.6000000000000005,0.03,BB
CORP-0857,Technology,15323182.27,5686788.23,1580105.96,3441285.75,3854692.88,10209525.9812,1628743.844,589373.7522400001,276088.7225,1.4752895774150496,2.1128465121615525,5.8993494165630045,3,4,4,3.8000000000000003,0.015,BB
CORP-0858,Manufacturing,60830329.66,24155653.0,5975632.41,9156240.9,15431262.63,44393987.127749994,8748524.5582,1945447.4152400002,567682.277,1.5653711286747765,1.046604011806522,15.410952415905701,4,5,5,4.8,0.0005,AAA-AA
CORP-0859,Manufacturing,313253999.45,139207920.15,26595013.66,81942029.6,110387120.62,202780792.2303,19948318.07715,3164060.50336,6852896.1280000005,1.2610884256073098,4.107716213622106,2.910932502777021,3,3,3,3.0000000000000004,0.06,B
CORP-0860,Technology,13693982.84,6559402.34,1756072.61,6632076.06,3755458.11,11110210.666100001,1887584.2713,176326.65960000004,636444.2818,1.7466317418196418,3.513525812244884,2.9658279998392154,4,3,3,3.2,0.06,B
CORP-0861,Healthcare,40801094.16,15757631.39,4740676.67,15670056.61,16125937.12,26870653.1844,6461460.1532,2488427.6411200003,1301538.4483,0.977160661903908,2.425157199528577,4.9644788916067855,2,4,4,3.6,0.03,BB
CORP-0862,Manufacturing,163483161.53,78103413.64,8435789.41,59326956.24,49607504.91,104222310.73099999,14497084.25425,4788233.20504,5066182.4072,1.5744273730698302,4.092337134800577,2.861540128055182,4,3,3,3.2,0.06,B
CORP-0863,Manufacturing,36776095.33,14318262.34,3432968.32,9985977.83,8302225.65,18486499.0664,1989485.6709499997,600720.20232,1070032.3849,1.7246293877835035,5.0193766036181575,1.8592761294191367,4,2,2,2.4000000000000004,0.12,CCC-C
CORP-0864,Manufacturing,62606007.4,19824017.97,2325456.14,43419855.19,13955344.29,41454801.264299996,4866609.4246,2098102.14196,3977146.2656999994,1.4205323464649542,8.921992993832415,1.2236435623630377,3,1,2,1.8000000000000003,0.12,CCC-C
CORP-0865,Manufacturing,13764542.67,4139799.97,645484.34,9070115.96,2511485.55,7330484.1548999995,700195.73795,259762.79528000002,701578.2388,1.648347118700325,12.953686331417924,0.9980294416594723,4,1,1,1.6,0.25,D
CORP-0866,Manufacturing,61117396.0,20189845.58,5413959.99,20147473.74,18296749.63,29455788.313649997,3262579.2175,1465889.90128,2025434.7022,1.1034662433646691,6.175320933797372,1.610804443093737,2,1,2,1.6,0.25,D
CORP-0867,Technology,33027652.89,17758150.21,6390388.88,4175668.46,15945622.58,25598951.960400004,3365611.8405,702003.2292000001,388191.5738,1.1136692920521891,1.2406862876319265,8.66997654677068,2,5,5,4.4,0.005,A-BBB
CORP-0868,Technology,106721158.51,62797866.6,22911280.64,86825440.9,39379434.69,81825101.4308,6523232.0153,2069403.7072800002,5209526.457,1.5946868484617143,13.310187449465868,1.252173699307119,4,1,2,2.0,0.12,CCC-C
CORP-0869,Real Estate,130565562.29,55893793.25,6762210.14,108846247.7,31553102.94,96794182.77525,14594715.61025,2782671.2404000005,10495531.401,1.7714198618210446,7.457921799007601,1.3905647129843692,4,1,2,2.0,0.12,CCC-C
CORP-0870,Real Estate,530623687.76,240799781.34,54356102.07,328764745.79,321043372.23,293528043.26699996,57271389.15375001,17275880.948200002,31521119.1037,0.7500537378092565,5.74047095151477,1.8169211875167022,1,2,2,1.8,0.25,D
CORP-0871,Manufacturing,71102508.34,24463134.45,6724963.24,20363538.68,14315903.73,52341743.588099994,5475584.477,1643281.6633200003,1838864.5403999998,1.7088082534905393,3.7189707812081667,2.977698659526558,4,3,3,3.2,0.06,B
CORP-0872,Retail,55162631.51,25667691.29,3699252.6,19341067.77,20010371.16,40416469.09755,9132674.953149999,3380268.68004,1999392.7231,1.2827194000933264,2.117787818926915,4.567724413335892,3,4,4,3.8000000000000003,0.015,BB
CORP-0873,Energy,48369707.69,16609986.9,5475144.42,25153925.0,11673518.03,36548709.674499996,6415746.041999999,2076424.8324000002,2010153.18,1.422877564185336,3.920654719705628,3.1916702198784668,3,3,3,3.0000000000000004,0.06,B
CORP-0874,Manufacturing,27975332.77,13522277.12,4371354.33,8683103.66,14024453.09,14830166.88985,2988709.1372999996,1105441.53012,825307.2698,0.9641928304243056,2.90530234328668,3.621328984566276,2,4,3,3.2,0.06,B
CORP-0875,Technology,55866967.57,32401589.79,12021064.47,23163587.02,27947990.72,42189848.6282,4940780.2808,1859093.1413600002,1540276.8406,1.1593531039357665,4.6882447110660435,3.207722242240146,2,2,3,2.4,0.12,CCC-C
CORP-0876,Technology,29638910.2,10631760.49,1090242.42,4615511.88,5635855.58,23541401.9477,4537046.3866,2234015.7548800004,443580.0264,1.8864501297245804,1.0172943996410848,10.228247704076516,4,5,5,4.8,0.0005,AAA-AA
CORP-0877,Healthcare,47131917.16,24950181.3,4116911.48,26202595.8,16488952.17,35506808.6674,3387466.8986,998544.84688,3125862.124,1.5131453498539684,7.735159216117868,1.0836904393803648,4,1,2,2.0,0.12,CCC-C
CORP-0878,Energy,148723217.48,45665572.03,15898743.55,73432619.31,33904489.72,48379483.8895,9410408.3185,2302898.0300000003,5513112.1193,1.3468886394435906,7.803340389134679,1.7069140106105511,3,1,2,1.8000000000000003,0.12,CCC-C
CORP-0879,Technology,14555179.02,6006182.58,1808906.12,4644506.93,4132491.62,11021314.1766,1747891.8912000002,593735.6079200001,365072.0279,1.4534046605035826,2.657204918326701,4.787800098666502,3,4,4,3.8000000000000003,0.015,BB
CORP-0880,Retail,124507755.01,41489040.93,15281117.27,16359641.19,24467426.16,124534835.1086,22125177.736199997,5660009.823720001,1298133.7357,1.6956847303304583,0.7394128709408402,17.043835413667384,4,5,5,4.8,0.0005,AAA-AA
CORP-0881,Retail,148651480.55,60314243.04,7066048.58,36857086.18,35982771.9,87114773.84785,7946633.169999999,3485050.5004,3389008.0954,1.6761977984247511,4.6380756971571655,2.344825667659572,4,2,3,2.8,0.06,B
CORP-0882,Energy,35389703.46,12459337.07,3477266.29,5784404.5,8475801.78,19684704.8125,2071746.4375,616018.3852,428360.925,1.469989199063124,2.792042691759184,4.836450564439322,3,4,4,3.8000000000000003,0.015,BB
CORP-0883,Technology,4771375.09,1965765.97,532160.31,2439330.91,1014754.58,3797773.3248,683072.8723,187676.92944000004,234953.2073,1.937183639023339,3.5711137258114767,2.9072719634246935,4,3,3,3.2,0.06,B
CORP-0884,Technology,21686012.23,9222125.07,1020910.69,7075531.53,4884121.42,17020328.1612,1745989.5089,492883.65672,726675.4759,1.8881850545804,4.052447906435413,2.4027087287314357,4,3,3,3.2,0.06,B
CORP-0885,Healthcare,145690424.24,56845101.73,14441874.58,77238062.35,34134051.28,142227976.3696,24628241.1382,9296505.76688,7570504.760499999,1.6653488114757409,3.13615827929339,3.253183495333198,4,3,3,3.2,0.06,B
CORP-0886,Technology,38924402.97,19344906.1,5471824.57,3519580.32,12711484.91,19425923.7718,1585992.8266,487502.8558400001,223401.02959999998,1.5218447126331838,2.219165346129063,7.099308492175365,4,4,5,4.4,0.005,A-BBB
CORP-0887,Energy,14660945.8,8439655.77,1328300.14,7688564.12,4787293.46,11792306.598000001,2268942.5105,609589.196,806741.9236,1.7629284355590769,3.3886112514616755,2.8124762630099664,4,3,3,3.2,0.06,B
CORP-0888,Retail,24039889.68,10101047.49,1838379.28,9899337.76,6213326.07,17766871.63195,1570126.5709499998,711625.56416,1030130.1528,1.6257069685705388,6.304802391829111,1.5242021279371678,4,1,2,2.0,0.12,CCC-C
CORP-0889,Technology,92306029.88,33018138.91,9644737.18,42678422.42,17158340.83,64810770.9431,11511364.8832,2895182.0861600004,4372507.6826,1.924320028208695,3.7075032242515444,2.632668875347764,4,3,3,3.2,0.06,B
CORP-0890,Retail,68801325.47,26228223.02,6307632.81,13307115.69,14102525.43,48059697.558249995,8712336.3061,2812736.7055200003,1272062.2407,1.8598245505876034,1.527387743363733,6.84898586511436,4,4,5,4.4,0.005,A-BBB
CORP-0891,Healthcare,31360757.27,17442860.94,6234149.97,10491412.36,15963105.93,29652787.916399997,3414856.8348,1270956.75664,978878.5607999999,1.0926984395448411,3.072284686457275,3.488539816429495,2,3,3,2.8000000000000003,0.06,B
CORP-0892,Real Estate,27595839.82,13011215.42,2637562.42,8755638.95,12210055.88,20840623.394,3732583.334,707299.1248000001,923595.9384999999,1.0656147316501878,2.345731673354784,4.041359623194142,2,4,4,3.6,0.03,BB
CORP-0893,Healthcare,26916279.6,11749045.13,2114803.42,13881403.83,9634311.91,14457066.707999999,2356821.5612,844733.96288,1649842.3549,1.2195001822397922,5.889883247220524,1.4285131874571442,3,2,2,2.2,0.12,CCC-C
CORP-0894,Manufacturing,15832729.07,5460566.02,2159434.25,2172759.27,2888492.27,12744815.19455,1568350.28135,369489.81796,164487.4181,1.890455472813157,1.3853788250222638,9.534773537490404,4,5,5,4.8,0.0005,AAA-AA
CORP-0895,Energy,200309792.67,87118372.97,32524837.05,31447562.69,100196362.82,134007839.64050001,13343464.228500001,5148210.3612,3338846.8807,0.8694764013191353,2.3567764825892716,3.996428918508087,2,4,3,3.2,0.06,B
CORP-0896,Retail,28851701.62,11066000.94,1202850.22,4317803.53,6674697.64,18919005.0602,981304.49095,238445.13448,383018.2859,1.6579029548370674,4.400064984742849,2.5620303966537072,4,3,3,3.2,0.06,B
CORP-0897,Retail,134511266.71,78413200.12,25971909.16,17846685.97,47667099.4,88210432.77479999,14773704.01675,5546366.45388,1571488.2190999999,1.6450172363540125,1.2080034871259056,9.40109116771552,4,5,5,4.8,0.0005,AAA-AA
CORP-0898,Real Estate,182327677.48,103055438.18,13716723.36,25971753.68,52443934.99,108797174.47850001,7807270.16725,3189009.4506000006,1738861.8804000001,1.9650592237148223,3.3266113665371186,4.489873666937854,4,3,4,3.6000000000000005,0.03,BB
CORP-0899,Technology,108072288.39,35141948.43,3803959.83,36342621.67,22353002.62,102116507.2018,15804286.9075,6146523.015360001,3115586.0401,1.5721354767147608,2.299542009247721,5.072653011050447,4,4,4,4.0,0.015,BB
CORP-0900,Technology,25864441.99,11768218.86,2143094.51,10146127.63,12223974.55,18435225.8363,2522447.5094,857897.8480800001,761375.8189000001,0.9627162435478074,4.022334495441454,3.3130123741574997,2,3,3,2.8000000000000003,0.06,B
CORP-0901,Retail,59633621.39,21916399.67,3962567.55,8015035.91,19633811.68,27655275.191599995,5087385.29845,1533825.93476,665586.0873,1.1162580158760085,1.5754725541314873,7.643467006780987,2,4,5,4.0,0.015,BB
CORP-0902,Technology,38872763.4,16452241.2,5689113.09,13192049.73,16016562.03,25515209.829200003,3441943.7598,942701.7017600001,969974.5319000001,1.0272017908202737,3.8327325054162262,3.548488796976835,2,3,3,2.8000000000000003,0.06,B
CORP-0903,Technology,16131720.99,9083036.47,2844808.6,6436972.63,7069487.87,12268535.7795,1638188.2699,717006.7850400001,535983.3689,1.2848224138759292,3.929324088245933,3.0564162340746837,3,3,3,3.0000000000000004,0.06,B
CORP-0904,Manufacturing,55083417.81,25242216.15,9957620.82,29044742.62,17691000.57,48103184.8076,8975743.3053,2369958.69648,2437096.2786,1.4268393723758723,3.2359150247589694,3.6829662349064654,3,3,3,3.0000000000000004,0.06,B
CORP-0905,Manufacturing,12249065.53,4902867.17,1536822.69,837389.27,4742461.06,9416062.611149998,1570155.7601,372181.42376,76580.3581,1.0338233900016462,0.5333160513621071,20.50337448213108,2,5,5,4.4,0.005,A-BBB
CORP-0906,Real Estate,130603867.6,47326467.2,10671014.04,52895726.01,22663058.48,63756502.38475,10571325.25975,3945530.5986000006,3479414.8503,2.08826479628799,5.003698657480427,3.038248014271286,5,2,3,3.0,0.06,B
CORP-0907,Healthcare,25024920.41,13515895.9,4185579.64,10066965.43,13935530.23,30510775.961999997,5292502.3134,1356516.27104,687747.1729,0.9698874514945528,1.9021182861860284,7.695418493809704,2,4,5,4.0,0.015,BB
CORP-0908,Retail,48698542.32,23733497.8,9489547.65,16953572.36,11642963.17,33437822.901,2448363.9978,597388.38124,1617857.6108,2.038441370419623,6.924449295625074,1.5133371326722198,5,1,2,2.2,0.12,CCC-C
CORP-0909,Retail,52866893.63,23283618.16,7288763.55,11351632.09,11794756.33,44901856.881,8434339.38515,1724920.7374000002,885863.5227000001,1.974065212418,1.34588277417273,9.521037009677517,4,5,5,4.8,0.0005,AAA-AA
CORP-0910,Manufacturing,30740606.51,11227862.24,3688402.22,4301503.19,6038689.46,19755871.60245,3568373.4853,1004023.29852,456466.68570000003,1.8593210189682448,1.205452065967911,7.817379881355052,4,5,5,4.8,0.0005,AAA-AA
CORP-0911,Manufacturing,71606313.22,28662139.13,10934878.5,7490788.21,23445639.99,54211062.713999994,5375885.7609,1684710.1215200003,699482.6563,1.222493356642213,1.3934053927414438,7.685516878054436,3,5,5,4.6,0.005,A-BBB
CORP-0912,Retail,24768824.49,14562905.36,1952818.3,12203620.03,8896200.46,19298739.305999998,2659288.6246499997,902688.44372,1209396.2209,1.6369803519467903,4.5890543496782605,2.1988564034630675,4,2,3,2.8,0.06,B
CORP-0913,Energy,95181608.92,43405381.79,13517967.58,11173479.21,43885864.13,84434948.611,12499296.851999998,4951027.721600001,1242048.2463,0.9890515465623121,0.8939286219298124,10.063455175138955,2,5,5,4.4,0.005,A-BBB
CORP-0914,Manufacturing,10365777.57,4355801.16,1547362.59,1405363.55,2336348.44,8754733.67665,1254335.8727499999,454260.04000000004,119953.8765,1.8643628173886597,1.1204044949451122,10.456818148348876,4,5,5,4.8,0.0005,AAA-AA
CORP-0915,Manufacturing,45189692.63,20625778.33,7968018.27,17042488.27,14027266.69,36768905.16995,6129119.04555,1867727.8129600002,1386963.6981000002,1.4704060873601312,2.7805771340619607,4.419091180213493,3,4,4,3.8000000000000003,0.015,BB
CORP-0916,Manufacturing,276834108.66,147745409.21,24125464.13,12814659.2,110565377.93,170358316.60175002,37746009.26085,11480235.29464,1320877.906,1.3362719141930581,0.3394970607738209,28.576455923285007,3,5,5,4.6,0.005,A-BBB
CORP-0917,Retail,14645866.09,5888116.81,1478969.54,6653783.92,5826922.12,8083769.492399999,1649803.064,595269.73072,649693.4476,1.0105020607345958,4.033077683749531,2.5393561688123145,2,3,3,2.8000000000000003,0.06,B
CORP-0918,Real Estate,20221461.11,7150547.99,2174956.83,5026322.97,14048295.44,13579806.408750001,1145986.83475,483383.6758000001,438245.3291,0.5089975520902058,4.38602156463386,2.6149436369429178,1,3,3,2.6000000000000005,0.06,B
CORP-0919,Healthcare,66579537.91,31657294.31,5515977.05,32597511.6,29188430.14,61747732.849999994,11182730.5014,3691476.7748800004,3614147.0480000004,1.0845836572285075,2.9149867821565603,3.094154817964119,2,4,3,3.2,0.06,B
CORP-0920,Technology,47658987.35,23808582.39,6669780.53,10294145.9,12240165.76,32763877.7466,7091632.1021,2003169.9979200005,893700.027,1.9451192783519953,1.4515905156658735,7.935136945117268,4,5,5,4.8,0.0005,AAA-AA
CORP-0921,Real Estate,56549679.86,29056096.43,5150879.83,17319056.1,21702009.6,44397247.2305,7518248.7585,1808670.5162000002,1567229.173,1.3388666287383817,2.3036024287463728,4.797159782387487,3,4,4,3.8000000000000003,0.015,BB
CORP-0922,Manufacturing,64953821.06,36672685.56,7335897.9,26990713.77,25604617.19,59146104.830800004,12098277.85085,2472689.3276400003,2437756.4531,1.4322684572032065,2.2309550253967503,4.962873889828121,3,4,4,3.8000000000000003,0.015,BB
CORP-0923,Real Estate,75129321.14,30904614.26,7183950.93,46474692.64,17537301.63,35909580.980000004,8999426.573,3359500.1010000003,3531197.8792000003,1.7622217438019856,5.164183769156244,2.548547796205303,4,2,3,2.8,0.06,B
CORP-0924,Healthcare,120806402.39,38972926.89,10084518.8,28652086.62,17537459.37,71838603.287,14452883.689199999,5293199.28768,2612032.5486,2.222267551288987,1.982447740959158,5.533194330578488,5,4,4,4.2,0.015,BB
CORP-0925,Manufacturing,59997812.24,35248989.19,8276806.74,12374111.15,17364018.16,38672031.77585,6282868.263549999,2300717.76436,1372924.9845,2.030001861619799,1.9695003350282367,4.576264788303879,5,4,4,4.2,0.015,BB
CORP-0926,Technology,31287910.83,13469557.57,3339893.39,4648840.07,12123094.02,24529268.5911,4961153.0787,1536505.0500800002,449424.4021,1.1110659991400447,0.9370483023309901,11.03890455328705,2,5,5,4.4,0.005,A-BBB
CORP-0927,Retail,78027641.59,37997686.55,7203473.25,26256133.95,52557635.1,43659954.1434,6865282.9328999985,2969610.94528,2375286.1385000004,0.7229717714220364,3.8244795162300784,2.8902972242474516,1,3,3,2.6000000000000005,0.06,B
CORP-0928,Manufacturing,266232870.0,133087574.54,19655641.09,136825782.77,54458255.83,237963690.76,35978956.4343,10119819.80112,11982311.4231,2.443845703679049,3.8029391713974006,3.0026724530743096,5,3,3,3.4000000000000004,0.03,BB
CORP-0929,Energy,34877980.39,16181782.44,1848040.35,16408551.16,6721135.15,26231427.932499997,3473809.3334999997,1377092.8404,1558205.3348,2.4075966453375064,4.723503677004557,2.22936557584426,5,2,3,3.0,0.06,B
CORP-0930,Retail,15028676.42,5434027.63,862888.9,7522681.4,3449340.9,9773914.358599998,2230120.5685499995,706726.4758400001,761645.162,1.5753814388134266,3.3732173524999896,2.928030899183995,4,3,3,3.2,0.06,B
CORP-0931,Technology,120490403.57,63443368.33,17420476.27,64415273.24,63967601.9,56228589.917500004,6133333.9977,1664169.4014400002,6386038.8772,0.9918047018423556,10.502489064537448,0.9604285403895317,2,1,1,1.2000000000000002,0.25,D
CORP-0932,Healthcare,35307954.49,19106037.78,6416469.21,8077965.06,10134266.65,17817333.964,4037735.4737999993,1483473.79904,686804.9617999999,1.885290612518075,2.000617700791987,5.879013254676809,4,4,4,4.0,0.015,BB
CORP-0933,Real Estate,4534976.47,2112812.32,318557.76,95656.88,1450304.0,3009212.81875,526591.79975,185766.26000000004,9075.1364,1.456806517805922,0.18165280971981182,58.025772455607395,3,5,5,4.6,0.005,A-BBB
CORP-0934,Manufacturing,92936003.25,41502277.46,5501816.12,21707725.23,28527675.32,28982699.524649996,2319621.40785,808522.1834000001,2109971.2669,1.454807550719138,9.358305263323274,1.099361609439365,3,1,2,1.8000000000000003,0.12,CCC-C
CORP-0935,Technology,23316499.8,7791941.83,2530722.25,11797367.47,4194214.06,21271642.9744,3581771.6662,1169456.59376,883529.3341000001,1.8577835366848205,3.2937240476069074,4.053936330080701,4,3,4,3.6000000000000005,0.03,BB
CORP-0936,Retail,36377707.65,11829502.99,2265911.71,6085475.15,7240706.18,22500966.55625,1012513.6728,320934.99144,563049.2045,1.6337498989635844,6.010264664546464,1.7982685433311894,4,1,2,2.0,0.12,CCC-C
CORP-0937,Technology,55504814.94,22305689.65,8597724.32,27768317.42,21747347.48,73168829.3427,13263708.8675,6778680.497680001,1666099.0426,1.025674035443333,2.0935560104188182,7.960936612028517,2,4,5,4.0,0.015,BB
CORP-0938,Real Estate,48182174.15,18947825.33,5955214.17,15805616.74,13829487.42,47109013.49925,9151471.118250001,3795485.9982000007,1536906.6522,1.3701032261396713,1.7271121261018025,5.954474271518155,3,4,4,3.8000000000000003,0.015,BB
CORP-0939,Technology,80958870.91,47449746.12,9396322.06,28704239.45,26891918.56,56264494.0767,6773243.7045,2559108.6029600003,2867701.2235,1.7644611712672091,4.237886705734434,2.3619070386395853,4,3,3,3.2,0.06,B
CORP-0940,Manufacturing,25764641.6,13786320.21,2576150.73,12904557.93,8090084.52,16753244.885549998,2616477.9692499996,860674.55328,1306111.4978999998,1.7041008874404198,4.932033856833516,2.0032577413619292,4,2,3,2.8,0.06,B
CORP-0941,Retail,66526159.1,33128516.33,8517656.79,16769323.84,20643307.25,53506232.94659999,13253915.085949998,5309154.90784,1409869.1152,1.6048066295191143,1.2652354969269843,9.400812418016432,4,5,5,4.8,0.0005,AAA-AA
CORP-0942,Manufacturing,30720886.47,13987048.4,1730804.93,19278388.76,7466253.06,29259488.556099996,3649028.7906,1318903.4418000001,1824423.8628,1.8733691836585031,5.283156112569369,2.0000992450294537,4,2,3,2.8,0.06,B
CORP-0943,Energy,83370949.63,29197361.88,3950489.31,30385329.18,21542888.96,33476359.285,3249035.3504999997,1046502.5240000001,3383689.2254,1.3553132049379508,9.352107903450158,0.9602050111785658,3,1,1,1.4000000000000001,0.25,D
CORP-0944,Healthcare,73689249.93,43737296.46,6681194.13,50003350.66,27832128.28,30666622.3408,6871873.948,2032115.1992000001,5560699.8498,1.5714679100350855,7.276523265470119,1.2357929997331467,4,1,2,2.0,0.12,CCC-C
CORP-0945,Retail,15627790.0,6446654.18,2142977.95,5672370.79,12893308.37,8499211.0427,2108903.7893,661197.4661600001,508031.1937,0.49999999961220193,2.6897247844022356,4.151130512165635,1,4,4,3.4000000000000004,0.03,BB
CORP-0946,Technology,117974860.86,39176818.18,9957070.72,27851286.73,29676261.97,98397904.83250001,14777868.0413,980747.1200800003,2564819.2719,1.3201399225955142,1.884662026495531,5.761758032312608,3,4,4,3.8000000000000003,0.015,BB
CORP-0947,Technology,23301692.49,10442412.75,1077345.15,12079980.58,5783472.18,19070827.3301,3825095.9474,1288476.1780800002,1288495.0274,1.8055611620491967,3.158085639187959,2.9686540235382206,4,3,3,3.2,0.06,B
CORP-0948,Real Estate,89348748.99,50231813.39,15172768.29,33464147.02,37379249.51,70211549.266,15241087.504,4281555.464400001,2258427.3405999998,1.3438422132194383,2.195653493309935,6.748540114622806,3,4,5,4.2,0.015,BB
CORP-0949,Real Estate,57499528.94,32555503.07,7393584.38,6547275.03,24785138.13,24957491.315,2817096.5110000004,1260407.2876000002,557525.7709,1.3135090431711063,2.32412166371818,5.0528543397239405,3,4,4,3.8000000000000003,0.015,BB
CORP-0950,Manufacturing,250303234.0,75914411.47,19225758.14,162713862.99,70069312.18,70386264.3289,8849996.40515,2845694.44884,17903985.0897,1.0834188192826069,18.385754698760486,0.49430315992841856,2,1,1,1.2000000000000002,0.25,D
CORP-0951,Energy,31849556.58,18023304.91,2960055.19,12944778.79,9479232.88,26303351.651499998,5564309.006499999,1251318.0956000001,1354386.4237000002,1.9013463576812133,2.3263946655152394,4.108361475818002,4,4,4,4.0,0.015,BB
CORP-0952,Energy,28083231.26,10712215.6,2844464.62,17657137.62,6230258.88,15142664.591999998,3547179.9905,1120942.8856,1686944.5085999998,1.7193853106790966,4.97779578913082,2.102724762087056,4,2,3,2.8,0.06,B
CORP-0953,Technology,39058863.79,12174324.01,4793591.04,14932339.74,6652033.25,14086001.4932,2509337.2577000004,592982.27352,1006626.5622,1.830165838392344,5.950710568768517,2.4928184412457783,4,2,3,2.8,0.06,B
CORP-0954,Real Estate,29409262.01,16302644.46,1989467.25,5525186.23,20138794.51,18895006.19125,2003046.0435000001,716835.2828,493130.30689999997,0.8095144151704242,2.758392023952494,4.061900101196153,2,4,4,3.6,0.03,BB
CORP-0955,Manufacturing,88626538.47,49556417.62,9176620.53,35923937.19,34514366.86,70942029.1065,17689611.73125,6072415.423,2915273.0957,1.435819982473235,2.0307928594349938,6.0679089576005785,3,4,5,4.2,0.015,BB
CORP-0956,Manufacturing,7910403.83,3788049.73,654951.06,3423248.27,2729229.77,5122907.7147,632430.4111499999,250839.08348,325090.7681,1.3879555952520626,5.412845760809048,1.9453964037374951,3,2,2,2.2,0.12,CCC-C
CORP-0957,Manufacturing,13884970.87,6558290.06,1144846.55,3006782.62,4725771.44,8213506.224,1094393.1173999999,280962.95096,234107.4886,1.3877713180305646,2.747442918083542,4.674746305402893,3,4,4,3.8000000000000003,0.015,BB
CORP-0958,Technology,13690285.87,7446640.45,1590691.07,3582651.2,5940256.78,9569456.0689,1599217.7565,516100.5886400001,267316.466,1.2535889820574388,2.2402522642325353,5.982488772315282,3,4,4,3.8000000000000003,0.015,BB
CORP-0959,Technology,103007008.95,55200721.23,19068147.17,33555110.66,40542312.13,68041685.32980001,15493637.5139,3266031.77264,2013306.6397999998,1.3615582913228386,2.165734846313287,7.695617352873343,3,4,5,4.2,0.015,BB
CORP-0960,Healthcare,220324798.54,124931132.3,46706454.16,139089462.99,67902598.03,109846705.33039999,21167328.1762,7961446.635199999,15067154.0297,1.8398579130183539,6.570950373717389,1.404865718799681,4,1,2,2.0,0.12,CCC-C
CORP-0961,Technology,35874983.84,16711436.87,2684935.09,2456572.12,22740997.18,21450661.5232,3662556.1973,1324049.57048,206360.5136,0.7348594583485191,0.6707261234137405,17.748338252342865,1,5,5,4.2,0.015,BB
CORP-0962,Energy,33638381.41,19856539.01,5219985.89,10278386.01,8981129.04,25855051.442999996,4477175.1565,1610280.5212,949282.8203,2.210917905929565,2.2957301536612333,4.716376469433089,5,4,4,4.2,0.015,BB
CORP-0963,Retail,42714635.15,25579405.08,7445389.55,24477481.69,15104136.13,29720426.466149997,4522727.692349999,1447858.65812,2202151.6007,1.693536449873085,5.412106002181519,2.0537767204185013,4,2,3,2.8,0.06,B
CORP-0964,Manufacturing,127277245.77,42633216.82,10937476.84,15523809.71,28746651.28,88593361.77409999,15761377.05945,5566632.01528,1148583.2513,1.483067241632466,0.9849272466134193,13.722450716228725,3,5,5,4.6,0.005,A-BBB
CORP-0965,Retail,15754661.79,8741680.92,2012535.29,13405485.43,4692931.21,7621807.5234,179280.12515,80379.73300000001,953318.0429,1.8627336580968124,74.773962918555,0.18805909159615677,4,1,1,1.6,0.25,D
CORP-0966,Manufacturing,50544716.75,22742427.36,3584039.44,26668813.25,24739765.03,32231808.463699996,4356761.5308,1294796.6711600001,1998034.7675,0.9192661018575566,6.121246954065674,2.1805233831097484,2,1,3,2.0,0.12,CCC-C
CORP-0967,Healthcare,105603030.82,43959363.24,10834479.97,15228453.25,35620017.61,36191401.7468,5865399.216,1941984.49488,1205369.7375,1.234119638044727,2.596319992756653,4.8660581342992275,3,4,4,3.8000000000000003,0.015,BB
CORP-0968,Retail,65731851.62,31809068.92,7009587.92,23380313.19,21913564.42,44220100.29605,4088117.1358999996,952980.56112,2232798.7157,1.4515698272695703,5.719090821709741,1.8309385020486912,3,2,2,2.2,0.12,CCC-C
CORP-0969,Manufacturing,48137960.17,15249608.38,5164569.75,10086607.78,7452560.07,43642800.7287,7389431.689649999,1851341.7328800003,787403.3234,2.0462241480463503,1.3650045366990533,9.384557405399947,5,5,5,5.0,0.0005,AAA-AA
CORP-0970,Manufacturing,108368291.74,48975785.4,16117015.51,23058990.84,33060442.95,45711905.662,6389447.387999999,2094620.99356,2679393.8452000003,1.4814013676123476,3.6089178671862947,2.384661515680636,3,3,3,3.0000000000000004,0.06,B
CORP-0971,Energy,2667807.97,1497353.03,209928.3,998773.86,891269.96,1548375.1895,368163.033,150326.36920000002,105278.0258,1.6800218757513157,2.7128575399366617,3.4970548716349503,4,4,3,3.6000000000000005,0.03,BB
CORP-0972,Real Estate,78442412.87,28556054.78,3613931.95,3920618.75,22588806.0,52635765.101500005,12035219.6055,3604518.5954000005,400394.7325,1.2641684018181396,0.3257621280303276,30.05838645866801,3,5,5,4.6,0.005,A-BBB
CORP-0973,Healthcare,20705798.03,8860362.32,3300008.13,1309724.68,5228164.15,20447688.146199998,2590920.8719999995,780195.39776,115524.42039999999,1.6947368265015168,0.5055054726503435,22.427473455646957,4,5,5,4.8,0.0005,AAA-AA
CORP-0974,Retail,6384393.81,3714722.93,968251.88,2440438.19,1711147.48,3650825.1727499994,520089.67464999994,149499.3514,275072.06570000004,2.170895830673812,4.692341165285236,1.8907396988003202,5,2,2,2.6,0.06,B
CORP-0975,Technology,66399667.01,28456848.94,10168778.4,17634505.83,14991407.06,39973292.7594,5848197.527900001,1621234.1964,1529439.2049,1.8982106766968143,3.015374522811695,3.823752856055744,4,3,3,3.2,0.06,B
CORP-0976,Retail,157298926.77,64100931.22,7528355.42,64156656.76,43682814.63,51437279.79389999,6553985.22275,2251934.35712,5744014.6928,1.4674176049081202,9.788953526672795,1.1410112218141224,3,1,2,1.8000000000000003,0.12,CCC-C
CORP-0977,Manufacturing,34710454.62,15000504.59,3869450.43,12209899.7,8473921.37,23786177.892649997,3799871.6324499995,760807.97212,1130021.551,1.7701963394545872,3.2132400462506054,3.362654127337081,4,3,3,3.2,0.06,B
CORP-0978,Technology,103271762.99,47074969.8,12325543.04,20365795.66,27195138.86,113563603.7536,12728878.344,5377634.99,2047319.3798,1.7310067818495412,1.5999678141004314,6.217338862509799,4,4,5,4.4,0.005,A-BBB
CORP-0979,Manufacturing,199690306.72,97767855.62,35021483.18,90288878.38,57421497.67,142642552.8744,13332690.04745,3556711.2774400003,8988584.7914,1.7026350685220641,6.771992603043268,1.4832913475107121,4,1,2,2.0,0.12,CCC-C
CORP-0980,Manufacturing,148324715.73,80126174.34,10358952.16,58440536.28,41200608.27,98529054.72155,17847115.6186,6741788.597200001,4843149.6284,1.9447813443653315,3.274508751380203,3.6850225551458,4,3,3,3.2,0.06,B
CORP-0981,Retail,205296232.24,89433333.5,15394487.84,163005153.93,46057134.75,142856461.42985,25925087.653149996,5662042.04944,13367253.0079,1.9417910815652726,6.287544949156392,1.9394476664598448,4,1,2,2.0,0.12,CCC-C
CORP-0982,Healthcare,83647951.07,45608566.9,10123345.66,20779465.83,31472925.41,62728828.4092,6886634.9936,2572207.82576,2069604.5449,1.4491365612142504,3.017361287379266,3.3275125001876873,3,3,3,3.0000000000000004,0.06,B
CORP-0983,Technology,42945122.55,19759746.53,7108617.08,6563723.98,11247888.58,24909518.8797,4851571.479300001,1813301.86128,661154.3894,1.7567516240456929,1.3529067865958835,7.33803111207175,4,5,5,4.8,0.0005,AAA-AA
CORP-0984,Technology,8024694.74,3222269.25,1229827.38,4221941.7,2392604.77,7044373.518,834202.5601,292585.00544000004,355064.17100000003,1.3467620270605747,5.061050998805248,2.3494416734602037,3,2,3,2.6,0.06,B
CORP-0985,Healthcare,31137938.21,15487551.13,6161217.11,10216920.86,13696451.86,24737322.225599997,4023729.8404,967488.608,676280.2557999999,1.1307710411651095,2.5391667098068225,5.949796413382146,2,4,4,3.6,0.03,BB
CORP-0986,Manufacturing,17137051.03,8831008.18,3424294.48,2942303.75,6343192.31,11497957.23945,2196307.60585,746665.20304,255657.53250000003,1.3922024981140766,1.3396592272243621,8.590819071016417,3,5,5,4.6,0.005,A-BBB
CORP-0987,Energy,349125745.48,163186503.03,16609534.61,134885101.17,111049849.29,179516190.385,26625728.575999998,6000254.516,13401224.2151,1.469488739276433,5.0659684592286895,1.986813155920421,3,2,2,2.2,0.12,CCC-C
CORP-0988,Manufacturing,33401594.21,10587787.37,1210316.47,13799596.63,12674405.03,29583318.5066,5110135.037,1531910.8663200003,1615674.0589,0.8353676046283018,2.7004367849545736,3.1628502103197316,2,4,3,3.2,0.06,B
CORP-0989,Retail,45046453.12,15809722.23,2281059.07,15425590.71,8572983.63,33830658.4735,4201041.0225,1690301.66088,1111115.0213000001,1.8441330244322418,3.6718495790408583,3.780923614537043,4,3,3,3.2,0.06,B
CORP-0990,Healthcare,69129034.13,26655417.0,5455261.1,30508564.74,53310834.01,44799131.58279999,6279793.1212,2409783.6615999998,2550559.6722,0.49999999990621047,4.858211751754355,2.462123583951803,1,2,3,2.2,0.12,CCC-C
CORP-0991,Healthcare,41599655.6,16007035.04,5586061.61,9509672.81,6190057.35,39117947.96439999,5465052.2666,1755454.7752,800324.0443,2.5859267749756794,1.7400881722795125,6.828549392615068,5,4,5,4.6,0.005,A-BBB
CORP-0992,Energy,216922572.79,108900823.61,40053380.82,115246072.74,51838980.31,129158510.60749999,14552429.224499999,3521913.0588,12715915.1622,2.1007516536545854,7.919370090182293,1.144426416728488,5,1,2,2.2,0.12,CCC-C
CORP-0993,Retail,21366837.71,6527667.18,1018644.56,9108892.48,4677331.25,11070103.8651,1562670.1618499998,580761.70516,815026.1444,1.3955965124343075,5.829056382068655,1.917325195746199,3,2,2,2.2,0.12,CCC-C
CORP-0994,Manufacturing,48380502.77,25482230.12,7285350.37,6699459.07,16945557.43,26180121.114099998,1899867.4338999998,610903.3212400001,511772.3621,1.5037705443012979,3.5262771235819965,3.712329102931836,4,3,3,3.2,0.06,B
CORP-0995,Manufacturing,18954073.26,7195018.19,2699632.67,8682996.21,4438112.58,7055304.10165,885033.65925,118926.17760000001,854236.8963,1.621188750917175,9.810922013246584,1.0360517826886098,4,1,2,2.0,0.12,CCC-C
CORP-0996,Technology,10638366.32,4180947.69,999746.21,2700866.23,3306833.15,8657722.8647,1175339.7747,449697.20432,226684.8469,1.264335846518292,2.29794506077137,5.18490667008938,3,4,4,3.8000000000000003,0.015,BB
CORP-0997,Real Estate,21600584.0,9901123.37,1297671.64,17832507.48,6278265.16,7261523.27375,996215.72875,316857.7456000001,1277417.2444,1.5770476584967938,17.90024686959652,0.7798671366910507,4,1,1,1.6,0.25,D
CORP-0998,Technology,38376782.14,13998993.57,3322578.46,9461476.17,9705347.67,19358140.1286,2669973.9521000003,1111232.7408000003,724828.5551,1.4424000093548426,3.5436586048183414,3.6835937730566384,3,3,3,3.0000000000000004,0.06,B
CORP-0999,Real Estate,25924467.59,14656174.65,3117932.18,3976362.73,10022748.91,7732850.2265,1136046.87075,263992.70780000003,461300.3419,1.4622909125636272,3.50017488924103,2.4627054601148997,3,3,3,3.0000000000000004,0.06,B
CORP-1000,Manufacturing,19926857.84,6488396.81,1773261.97,4376941.35,4125944.98,13024719.58595,2265937.5043499996,149243.01692000002,419149.6405,1.572584424041447,1.931624919750625,5.406034707907616,4,4,4,4.0,0.015,BB
